query_id,doc_id,is_poison,is_gold,n_poison,attack_family,rank_instability,retriever_disagreement,unsupported,claim_conflict,suspicion
5abc19705542993a06baf86e,poison::semantic_fluent_false_evidence::5abc19705542993a06baf86e::2::cf0db46309,True,False,3,semantic_fluent_false_evidence,0.0,0.0,0.6818181818181819,0.0,0.13636363636363638
5abc19705542993a06baf86e,poison::semantic_fluent_false_evidence::5abc19705542993a06baf86e::0::eb8f190464,True,False,3,semantic_fluent_false_evidence,0.021650635094610966,0.0,0.6896551724137931,0.0,0.14659128852060302
5abc19705542993a06baf86e,poison::semantic_fluent_false_evidence::5abc19705542993a06baf86e::1::917d4dc3ca,True,False,3,semantic_fluent_false_evidence,0.06035533905932738,0.0,0.7714285714285715,0.0,0.17842784990944524
5abc19705542993a06baf86e,hotpotqa::black_power:_the_politics_of_liberation::472221cf0a,False,False,3,semantic_fluent_false_evidence,0.47783051940667653,1.0,0.8421052631578947,0.0,0.7595532603942495
5abc19705542993a06baf86e,hotpotqa::black_book_(world_war_ii)::bd1f64eb22,False,False,3,semantic_fluent_false_evidence,0.36345748206086437,1.0,0.8627450980392157,0.0,0.7179320124321888
5abc19705542993a06baf86e,hotpotqa::yazidi_book_of_revelation::f76b639e3e,False,False,3,semantic_fluent_false_evidence,0.6832825184358224,1.0,0.935483870967742,0.0,0.8604097815678774
5abc19705542993a06baf86e,hotpotqa::black_book_(novel)::8824a6c33a,False,False,3,semantic_fluent_false_evidence,0.30310889132455354,1.0,0.6,0.0,0.6412435565298213
5abc19705542993a06baf86e,hotpotqa::american_nerd::4a53da93a1,False,False,3,semantic_fluent_false_evidence,0.562916512459885,1.0,0.84375,0.0,0.7939166049839541
5abc19705542993a06baf86e,hotpotqa::neil_smith_(writer)::1359b3463b,False,False,3,semantic_fluent_false_evidence,0.7794228634059948,1.0,0.8636363636363636,0.0,0.8844964180896706
5abc19705542993a06baf86e,hotpotqa::yoo_in-na::70c2edba21,False,False,3,semantic_fluent_false_evidence,0.5024937810560445,1.0,0.9,0.0,0.7809975124224178
5abc19705542993a06baf86e,hotpotqa::black_book_(film)::a2f2dbee18,False,True,3,semantic_fluent_false_evidence,0.05,1.0,0.6296296296296297,0.0,0.5459259259259259
5abc19705542993a06baf86e,hotpotqa::list_of_black_books_characters::2faacb9695,False,False,3,semantic_fluent_false_evidence,0.0,1.0,0.9384615384615385,0.0,0.5876923076923077
5abc19705542993a06baf86e,hotpotqa::the_great_gilly_hopkins_(film)::32bd2ba089,False,False,3,semantic_fluent_false_evidence,0.38405728739343037,1.0,0.7948717948717949,0.0,0.7125972739317311
5abc19705542993a06baf86e,hotpotqa::hotel_mumbai::18c6f91e32,False,False,3,semantic_fluent_false_evidence,0.5539629951540085,1.0,0.8333333333333334,0.0,0.78825186472827
5abc19705542993a06baf86e,hotpotqa::vanessa_williams::c56882514f,False,False,3,semantic_fluent_false_evidence,0.2179449471770337,1.0,0.896551724137931,0.0,0.6664883236983996
5ab985eb554299131ca42360,poison::semantic_fluent_false_evidence::5ab985eb554299131ca42360::1::59ab2c9f7f,True,False,3,semantic_fluent_false_evidence,0.13863170633011773,0.25,0.4516129032258065,0.0,0.24577526317720838
5ab985eb554299131ca42360,hotpotqa::greyia::a38f9aa0ec,False,True,3,semantic_fluent_false_evidence,0.19525624189766635,0.25,0.75,0.0,0.32810249675906655
5ab985eb554299131ca42360,poison::semantic_fluent_false_evidence::5ab985eb554299131ca42360::0::b593301f8f,True,False,3,semantic_fluent_false_evidence,0.273746859276655,0.25,0.23809523809523814,0.0,0.25711779132970963
5ab985eb554299131ca42360,hotpotqa::calyptocephalellidae::c3bfc1b8ec,False,False,3,semantic_fluent_false_evidence,0.4180607966083864,1.0,0.7741935483870968,0.0,0.7220630283207738
5ab985eb554299131ca42360,hotpotqa::ceratozamia::642f6b94c4,False,False,3,semantic_fluent_false_evidence,0.7533259586659682,1.0,0.6923076923076923,0.0,0.8397919219279257
5ab985eb554299131ca42360,hotpotqa::pachyornis::3950ab7306,False,False,3,semantic_fluent_false_evidence,0.649519052838329,1.0,0.8548387096774194,0.0,0.8307753630708155
5ab985eb554299131ca42360,poison::semantic_fluent_false_evidence::5ab985eb554299131ca42360::2::2a818bbbca,True,False,3,semantic_fluent_false_evidence,0.20998310733685926,0.5,0.6774193548387097,0.0,0.41947711390248565
5ab985eb554299131ca42360,hotpotqa::leptofoenus::2d6ca08721,False,False,3,semantic_fluent_false_evidence,0.6259992012774458,1.0,0.825,0.0,0.8153996805109782
5ab985eb554299131ca42360,hotpotqa::megalurus::59893e548a,False,False,3,semantic_fluent_false_evidence,0.7141428428542851,1.0,0.8648648648648649,0.0,0.8586301101146869
5ab985eb554299131ca42360,hotpotqa::goodeniaceae::f4aa1671ac,False,False,3,semantic_fluent_false_evidence,0.4716990566028302,1.0,0.6799999999999999,0.0,0.7246796226411321
5ab985eb554299131ca42360,hotpotqa::calibanus::5fda1c2cfd,False,True,3,semantic_fluent_false_evidence,0.3674234614174767,0.75,0.7777777777777778,0.0,0.6025249401225462
5ab985eb554299131ca42360,hotpotqa::pieris_(plant)::ee66a740bf,False,False,3,semantic_fluent_false_evidence,0.0,1.0,0.9384615384615385,0.0,0.5876923076923077
5ab985eb554299131ca42360,hotpotqa::kermode_bear::3e32eb4803,False,False,3,semantic_fluent_false_evidence,0.04330127018922193,1.0,0.9464285714285714,0.0,0.606606222361403
5ab985eb554299131ca42360,hotpotqa::sonerila::bfbad8cd9a,False,False,3,semantic_fluent_false_evidence,0.04330127018922193,1.0,0.7307692307692308,0.0,0.563474354229535
5ab985eb554299131ca42360,hotpotqa::newfoundland_black_bear::d967f3c91f,False,False,3,semantic_fluent_false_evidence,0.07071067811865475,1.0,0.9285714285714286,0.0,0.6139985569617477
5ab985eb554299131ca42360,hotpotqa::pieris_floribunda::f51b5130d3,False,False,3,semantic_fluent_false_evidence,0.09778750698348035,1.0,0.8771929824561404,0.0,0.6145535992846203
5ae129115542990adbacf722,poison::semantic_fluent_false_evidence::5ae129115542990adbacf722::2::f2ef173ee7,True,False,3,semantic_fluent_false_evidence,0.021650635094610966,0.0,0.7419354838709677,0.0,0.15704735081203794
5ae129115542990adbacf722,poison::semantic_fluent_false_evidence::5ae129115542990adbacf722::0::39319fdecf,True,False,3,semantic_fluent_false_evidence,0.04330127018922193,0.0,0.625,0.0,0.14232050807568877
5ae129115542990adbacf722,poison::semantic_fluent_false_evidence::5ae129115542990adbacf722::1::f4aa4848ba,True,False,3,semantic_fluent_false_evidence,0.021650635094610966,0.0,0.7272727272727273,0.0,0.15411479949238985
5ae129115542990adbacf722,hotpotqa::brown_eyes_(band)::a2b277ea78,False,False,3,semantic_fluent_false_evidence,0.5906328553239808,1.0,0.7857142857142857,0.0,0.7933959992724494
5ae129115542990adbacf722,hotpotqa::a_pair_of_brown_eyes::f9e19bb331,False,True,3,semantic_fluent_false_evidence,0.05700597415393834,0.0,0.7878787878787878,0.0,0.1803781472373329
5ae129115542990adbacf722,hotpotqa::caramel_(city_high_song)::d528d03b75,False,False,3,semantic_fluent_false_evidence,0.05,1.0,0.7352941176470589,0.0,0.5670588235294118
5ae129115542990adbacf722,hotpotqa::huillolluni::e143905aa5,False,False,3,semantic_fluent_false_evidence,0.6062177826491071,1.0,1.0,0.0,0.842487113059643
5ae129115542990adbacf722,hotpotqa::the_wild_pony::ae27c94298,False,False,3,semantic_fluent_false_evidence,0.5356071321407138,1.0,0.9545454545454546,0.0,0.8051519437653765
5ae129115542990adbacf722,hotpotqa::johnny_brown_(actor)::6a172cb050,False,False,3,semantic_fluent_false_evidence,0.5196152422706632,1.0,0.9512195121951219,0.0,0.7980899993472896
5ae129115542990adbacf722,hotpotqa::aquichua::9b816c2648,False,False,3,semantic_fluent_false_evidence,0.46029881598804917,1.0,1.0,0.0,0.7841195263952196
5ae129115542990adbacf722,hotpotqa::beautiful_brown_eyes::0309a4a305,False,False,3,semantic_fluent_false_evidence,0.08291561975888499,1.0,0.9230769230769231,0.0,0.6177816325189387
5ae129115542990adbacf722,hotpotqa::a_spanner_in_the_works::584be53a03,False,False,3,semantic_fluent_false_evidence,0.08535533905932738,1.0,0.8627450980392157,0.0,0.6066911552315741
5ae129115542990adbacf722,hotpotqa::wild_mountain_thyme::f487def6e1,False,True,3,semantic_fluent_false_evidence,0.25651594155550816,1.0,0.7454545454545455,0.0,0.6516972857131124
5ae129115542990adbacf722,hotpotqa::brown_eyes_(song)::ccc4bfec91,False,False,3,semantic_fluent_false_evidence,0.04330127018922193,1.0,0.8888888888888888,0.0,0.5950982858534666
5ae129115542990adbacf722,hotpotqa::beautiful_eyes::0abda91f93,False,False,3,semantic_fluent_false_evidence,0.21650635094610968,1.0,0.7659574468085106,0.0,0.639794029740146
5ac19f405542991316484b5b,poison::semantic_fluent_false_evidence::5ac19f405542991316484b5b::2::6e11b10e2b,True,False,3,semantic_fluent_false_evidence,0.0,0.0,0.59375,0.0,0.11875
5ac19f405542991316484b5b,poison::semantic_fluent_false_evidence::5ac19f405542991316484b5b::0::fec924c5da,True,False,3,semantic_fluent_false_evidence,0.0,0.0,0.31818181818181823,0.0,0.06363636363636364
5ac19f405542991316484b5b,poison::semantic_fluent_false_evidence::5ac19f405542991316484b5b::1::69edd313ed,True,False,3,semantic_fluent_false_evidence,0.0,0.0,0.5454545454545454,0.0,0.10909090909090909
5ac19f405542991316484b5b,hotpotqa::berger_blanc_suisse::c0e14e997c,False,True,3,semantic_fluent_false_evidence,0.0,0.0,0.6666666666666667,0.0,0.13333333333333336
5ac19f405542991316484b5b,hotpotqa::piranha:_wolf_in_the_water::6545f34bd7,False,False,3,semantic_fluent_false_evidence,0.6928203230275509,1.0,1.0,0.0,0.8771281292110202
5ac19f405542991316484b5b,hotpotqa::tentacle::9e66be657a,False,False,3,semantic_fluent_false_evidence,0.34641016151377546,1.0,0.98,0.0,0.7345640646055103
5ac19f405542991316484b5b,hotpotqa::on_the_soul::b20010dda8,False,False,3,semantic_fluent_false_evidence,0.6689544080129826,1.0,0.9615384615384616,0.0,0.8598894555128853
5ac19f405542991316484b5b,hotpotqa::pandikona::f83d670016,False,True,3,semantic_fluent_false_evidence,0.10825317547305484,0.75,0.8666666666666667,0.0,0.5166346035225553
5ac19f405542991316484b5b,hotpotqa::peter_l._berger::3f2dde9cd1,False,False,3,semantic_fluent_false_evidence,0.1479019945774904,1.0,0.963855421686747,0.0,0.6519318821683455
5ac19f405542991316484b5b,hotpotqa::prosthetic_neuronal_memory_silicon_chips::774bcd3394,False,False,3,semantic_fluent_false_evidence,0.17853571071357127,1.0,0.9538461538461538,0.0,0.6621835150546593
5ac19f405542991316484b5b,hotpotqa::coeloplana_fishelsoni::3392be2ca4,False,False,3,semantic_fluent_false_evidence,0.08291561975888499,1.0,1.0,0.0,0.633166247903554
5ac19f405542991316484b5b,hotpotqa::north_atlantic_right_whale::d4c5946ae3,False,False,3,semantic_fluent_false_evidence,0.05,1.0,0.9787234042553191,0.0,0.6157446808510638
5ac19f405542991316484b5b,hotpotqa::dogo_argentino::a9f5e395dd,False,False,3,semantic_fluent_false_evidence,0.04330127018922193,1.0,0.8444444444444444,0.0,0.5862093969645776
5ac19f405542991316484b5b,hotpotqa::sesbania_tomentosa::ae57b4502a,False,False,3,semantic_fluent_false_evidence,0.45276925690687087,1.0,0.9558823529411765,0.0,0.7722841733509836
5ac19f405542991316484b5b,hotpotqa::ursus_americanus_carlottae::51effd29f0,False,False,3,semantic_fluent_false_evidence,0.1299038105676658,1.0,0.9411764705882353,0.0,0.6401968183447134
5adcbb815542994ed6169bde,hotpotqa::beer_wars::99727350c8,False,True,3,semantic_fluent_false_evidence,0.0649519052838329,0.0,0.8,0.0,0.18598076211353315
5adcbb815542994ed6169bde,poison::semantic_fluent_false_evidence::5adcbb815542994ed6169bde::2::889893d81b,True,False,3,semantic_fluent_false_evidence,0.11725226747796713,0.0,0.36111111111111116,0.0,0.11912312921340909
5adcbb815542994ed6169bde,poison::semantic_fluent_false_evidence::5adcbb815542994ed6169bde::0::aeada7ae5b,True,False,3,semantic_fluent_false_evidence,0.035355339059327376,0.0,0.5,0.0,0.11414213562373095
5adcbb815542994ed6169bde,poison::semantic_fluent_false_evidence::5adcbb815542994ed6169bde::1::ba0c7c29f3,True,False,3,semantic_fluent_false_evidence,0.10453851375880138,0.0,0.3421052631578947,0.0,0.1102364581350995
5adcbb815542994ed6169bde,hotpotqa::microbrewery::2a6c638203,False,False,3,semantic_fluent_false_evidence,0.13325317547305485,1.0,0.7647058823529411,0.0,0.6062424466598102
5adcbb815542994ed6169bde,hotpotqa::stone_brewing_co.::b5607ad58a,False,True,3,semantic_fluent_false_evidence,0.1274754878398196,0.75,0.8,0.0,0.5109901951359278
5adcbb815542994ed6169bde,hotpotqa::list_of_microbreweries::ada2fed5ea,False,False,3,semantic_fluent_false_evidence,0.07613687188886939,1.0,0.8529411764705882,0.0,0.6010429840496654
5adcbb815542994ed6169bde,hotpotqa::brouwerij_'t_ij::758d7f6b81,False,False,3,semantic_fluent_false_evidence,0.06035533905932738,1.0,0.9473684210526316,0.0,0.6136158198342573
5adcbb815542994ed6169bde,hotpotqa::beer_by_region::da5587b734,False,False,3,semantic_fluent_false_evidence,0.09236131321326571,1.0,0.8703703703703703,0.0,0.6110185993593803
5adcbb815542994ed6169bde,hotpotqa::beer_in_south_korea::6609b0e476,False,False,3,semantic_fluent_false_evidence,0.1355310548339147,1.0,0.9189189189189189,0.0,0.6379962057173497
5adcbb815542994ed6169bde,hotpotqa::list_of_breweries_in_california::67a71a4e8b,False,False,3,semantic_fluent_false_evidence,0.2017766952966369,1.0,0.8620689655172413,0.0,0.6531244712221029
5adcbb815542994ed6169bde,hotpotqa::hess_corporation::8f839f25f8,False,False,3,semantic_fluent_false_evidence,0.4636809247747852,1.0,0.9239130434782609,0.0,0.7702549786055662
5ae12a4b55429920d52342df,hotpotqa::baraki_barak_district::c81e73110c,False,True,3,semantic_fluent_false_evidence,0.0,0.0,0.6071428571428572,0.0,0.12142857142857144
5ae12a4b55429920d52342df,poison::semantic_fluent_false_evidence::5ae12a4b55429920d52342df::0::3d5ded7bc9,True,False,3,semantic_fluent_false_evidence,0.04330127018922193,0.0,0.33333333333333337,0.0,0.08398717474235544
5ae12a4b55429920d52342df,hotpotqa::baraki_rajan::1be12618bb,False,False,3,semantic_fluent_false_evidence,0.0649519052838329,1.0,0.5833333333333333,0.0,0.5426474287801998
5ae12a4b55429920d52342df,poison::semantic_fluent_false_evidence::5ae12a4b55429920d52342df::2::404eb3a9ff,True,False,3,semantic_fluent_false_evidence,0.075,0.25,0.5,0.0,0.22999999999999998
5ae12a4b55429920d52342df,hotpotqa::baraki_barak::1b83302d96,False,False,3,semantic_fluent_false_evidence,0.075,0.25,0.5,0.0,0.22999999999999998
5ae12a4b55429920d52342df,poison::semantic_fluent_false_evidence::5ae12a4b55429920d52342df::1::46a28eb0fb,True,False,3,semantic_fluent_false_evidence,0.09013878188659973,0.75,0.5151515151515151,0.0,0.43908581578494293
5ae12a4b55429920d52342df,hotpotqa::camptown_(country_subdivision)::883ff907ec,False,False,3,semantic_fluent_false_evidence,0.21686098854443858,1.0,0.8235294117647058,0.0,0.6514502777707166
5ae12a4b55429920d52342df,hotpotqa::dambai::8c5938dcc1,False,False,3,semantic_fluent_false_evidence,0.22695893608169987,1.0,0.5714285714285714,0.0,0.6050692887183942
5ae12a4b55429920d52342df,hotpotqa::baraki_barak_airstrike::c80958a239,False,False,3,semantic_fluent_false_evidence,0.18027512907582224,1.0,0.9047619047619048,0.0,0.6530624325827098
5ae12a4b55429920d52342df,hotpotqa::lunda_norte_province::94e108ff27,False,False,3,semantic_fluent_false_evidence,0.4272001872658765,1.0,0.89,0.0,0.7488800749063506
5ae12a4b55429920d52342df,hotpotqa::mahsud::7489c757a2,False,False,3,semantic_fluent_false_evidence,0.43301270189221935,1.0,0.8048780487804879,0.0,0.7341806905129853
5ae12a4b55429920d52342df,hotpotqa::logar_province::b85c911ee9,False,True,3,semantic_fluent_false_evidence,0.45552167895721496,1.0,0.6875,0.0,0.719708671582886
5ae12a4b55429920d52342df,hotpotqa::seoul::c97e0961e8,False,False,3,semantic_fluent_false_evidence,0.15811388300841897,1.0,0.8,0.0,0.6232455532033676
5ac0dcf25542996f0d89cc2c,hotpotqa::koch_family::c2e2ea36e7,False,True,3,semantic_fluent_false_evidence,0.09354143466934853,0.25,0.7878787878787878,0.0,0.29499233144349696
5ac0dcf25542996f0d89cc2c,poison::semantic_fluent_false_evidence::5ac0dcf25542996f0d89cc2c::0::dbb7ba9346,True,False,3,semantic_fluent_false_evidence,0.04330127018922193,0.0,0.2592592592592593,0.0,0.06917235992754063
5ac0dcf25542996f0d89cc2c,poison::semantic_fluent_false_evidence::5ac0dcf25542996f0d89cc2c::2::6e21efc230,True,False,3,semantic_fluent_false_evidence,0.0664578098794425,0.5,0.3939393939393939,0.0,0.3053710027396558
5ac0dcf25542996f0d89cc2c,poison::semantic_fluent_false_evidence::5ac0dcf25542996f0d89cc2c::1::7d2149074d,True,False,3,semantic_fluent_false_evidence,0.08984157585358579,0.25,0.4883720930232558,0.0,0.23361104894608548
5ac0dcf25542996f0d89cc2c,hotpotqa::fred_c._koch::ac2c1a4046,False,False,3,semantic_fluent_false_evidence,0.09560163238335617,0.5,0.5925925925925926,0.0,0.356759171471861
5ac0dcf25542996f0d89cc2c,hotpotqa::david_koch::665ba42027,False,False,3,semantic_fluent_false_evidence,0.10825317547305484,0.5,0.7916666666666666,0.0,0.40163460352255526
5ac0dcf25542996f0d89cc2c,hotpotqa::koch_family_foundations::2bfc7f943b,False,False,3,semantic_fluent_false_evidence,0.0649519052838329,1.0,0.7234042553191489,0.0,0.570661613177363
5ac0dcf25542996f0d89cc2c,hotpotqa::banfield_pet_hospital::4e7f4434a9,False,False,3,semantic_fluent_false_evidence,0.248746859276655,1.0,0.9393939393939394,0.0,0.6873775315894499
5ac0dcf25542996f0d89cc2c,hotpotqa::binford_&amp;_mort::155aecdaea,False,False,3,semantic_fluent_false_evidence,0.2221335952123586,1.0,0.8076923076923077,0.0,0.6503918996234049
5ac0dcf25542996f0d89cc2c,hotpotqa::new_zealand_mint::db3fe0931b,False,False,3,semantic_fluent_false_evidence,0.5261891294962296,1.0,0.9583333333333334,0.0,0.8021423184651585
5ac0dcf25542996f0d89cc2c,hotpotqa::dark_money_(book)::68ed7301e2,False,True,3,semantic_fluent_false_evidence,0.29173385661861934,1.0,0.8387096774193549,0.0,0.6844354781313188
5ac0dcf25542996f0d89cc2c,hotpotqa::family_life_(wenner_media_magazine)::d7cd6173ac,False,False,3,semantic_fluent_false_evidence,0.08660254037844387,1.0,0.9264705882352942,0.0,0.6199351337984365
5ac0dcf25542996f0d89cc2c,hotpotqa::tom_clancy::0cef0f9a1f,False,False,3,semantic_fluent_false_evidence,0.04330127018922193,1.0,0.8518518518518519,0.0,0.5876908784460592
5ab916e155429919ba4e23a4,hotpotqa::levan_kobiashvili::99c1de46b0,False,False,3,semantic_fluent_false_evidence,0.8760707733967615,1.0,1.0,0.0,0.9504283093587047
5ab916e155429919ba4e23a4,poison::semantic_fluent_false_evidence::5ab916e155429919ba4e23a4::0::fbf2283a7a,True,False,3,semantic_fluent_false_evidence,0.041457809879442496,0.0,0.5,0.0,0.11658312395177699
5ab916e155429919ba4e23a4,hotpotqa::chiwetel_ejiofor::9fea32c26e,False,True,3,semantic_fluent_false_evidence,0.1888892370978566,0.5,0.8333333333333334,0.0,0.4422223615058093
5ab916e155429919ba4e23a4,poison::semantic_fluent_false_evidence::5ab916e155429919ba4e23a4::1::da9217c91d,True,False,3,semantic_fluent_false_evidence,0.041457809879442496,0.0,0.45238095238095233,0.0,0.10705931442796746
5ab916e155429919ba4e23a4,hotpotqa::sinan_tuzcu::e9603f897e,False,False,3,semantic_fluent_false_evidence,0.6928203230275509,1.0,1.0,0.0,0.8771281292110202
5ab916e155429919ba4e23a4,poison::semantic_fluent_false_evidence::5ab916e155429919ba4e23a4::2::137e1c27ee,True,False,3,semantic_fluent_false_evidence,0.10307764064044152,0.25,0.4,0.0,0.22123105625617662
5ab916e155429919ba4e23a4,hotpotqa::josé_marcos_garay::0e053f861c,False,False,3,semantic_fluent_false_evidence,0.6062177826491071,1.0,0.9090909090909091,0.0,0.8243052948778246
5ab916e155429919ba4e23a4,hotpotqa::schapelle_corby::344e8436a9,False,False,3,semantic_fluent_false_evidence,0.7035623639735145,1.0,0.9705882352941176,0.0,0.8755425926482292
5ab916e155429919ba4e23a4,hotpotqa::12_years_a_slave_(score)::507b2ab960,False,True,3,semantic_fluent_false_evidence,0.3827151920687737,1.0,0.6764705882352942,0.0,0.6883801944745682
5ab916e155429919ba4e23a4,hotpotqa::solomon_northup::224b93f69d,False,False,3,semantic_fluent_false_evidence,0.5539629951540085,1.0,0.8888888888888888,0.0,0.7993629758393812
5ab916e155429919ba4e23a4,hotpotqa::hunger_(2008_film)::4ee9c8d5c7,False,False,3,semantic_fluent_false_evidence,0.18708286933869706,1.0,0.65,0.0,0.6048331477354788
5ab916e155429919ba4e23a4,hotpotqa::liam_cunningham::da6c8a5b98,False,False,3,semantic_fluent_false_evidence,0.08291561975888499,1.0,0.8108108108108107,0.0,0.5953284100657161
5ab916e155429919ba4e23a4,hotpotqa::equus_(film)::5448a8650a,False,False,3,semantic_fluent_false_evidence,0.08291561975888499,1.0,0.8611111111111112,0.0,0.6053884701257762
5ab916e155429919ba4e23a4,hotpotqa::sid_james::254e5fa70e,False,False,3,semantic_fluent_false_evidence,0.09560163238335617,1.0,0.7692307692307692,0.0,0.5920868067994963
5ab916e155429919ba4e23a4,hotpotqa::free_fire::b0b28b0e08,False,False,3,semantic_fluent_false_evidence,0.2680951323690902,1.0,0.90625,0.0,0.688488052947636
5a87c13f5542996e4f30890c,poison::semantic_fluent_false_evidence::5a87c13f5542996e4f30890c::0::5f101bac0c,True,False,3,semantic_fluent_false_evidence,0.05590169943749475,0.0,0.4838709677419355,0.0,0.11913487332338499
5a87c13f5542996e4f30890c,poison::semantic_fluent_false_evidence::5a87c13f5542996e4f30890c::2::43d4c68ca9,True,False,3,semantic_fluent_false_evidence,0.021650635094610966,0.0,0.47058823529411764,0.0,0.10277790109666791
5a87c13f5542996e4f30890c,poison::semantic_fluent_false_evidence::5a87c13f5542996e4f30890c::1::1d73fa2128,True,False,3,semantic_fluent_false_evidence,0.04330127018922193,0.0,0.5333333333333333,0.0,0.12398717474235543
5a87c13f5542996e4f30890c,hotpotqa::tosca_(1956_film)::2ecd4302eb,False,True,3,semantic_fluent_false_evidence,0.6052316211210149,1.0,0.5882352941176471,0.0,0.7597397072719354
5a87c13f5542996e4f30890c,hotpotqa::franco_corelli::cf2a6bd56d,False,True,3,semantic_fluent_false_evidence,0.37872624896024354,0.5,0.8305084745762712,0.0,0.5175921944993517
5a87c13f5542996e4f30890c,hotpotqa::la_fanciulla_del_west::fa121f30b9,False,False,3,semantic_fluent_false_evidence,0.10897247358851685,1.0,0.9310344827586207,0.0,0.6297958859871309
5a87c13f5542996e4f30890c,hotpotqa::libuše_(opera)::d9f1220a84,False,False,3,semantic_fluent_false_evidence,0.6062177826491071,1.0,0.873015873015873,0.0,0.8170902876628174
5a87c13f5542996e4f30890c,hotpotqa::gianni_schicchi::331876e111,False,False,3,semantic_fluent_false_evidence,0.3496971051265587,1.0,0.8269230769230769,0.0,0.7052634574352389
5a87c13f5542996e4f30890c,hotpotqa::la_bohème_(1988_film)::d07261a550,False,False,3,semantic_fluent_false_evidence,0.4348076211353316,1.0,0.5,0.0,0.6739230484541326
5a87c13f5542996e4f30890c,hotpotqa::list_of_icelandic_films::69ec180c03,False,False,3,semantic_fluent_false_evidence,0.4763139720814412,1.0,1.0,0.0,0.7905255888325765
5a87c13f5542996e4f30890c,hotpotqa::cavalleria_rusticana_(1982_film)::d6b81761f2,False,False,3,semantic_fluent_false_evidence,0.3605551275463989,1.0,0.782608695652174,0.0,0.7007437901489943
5a87c13f5542996e4f30890c,poison::semantic_fluent_false_evidence::5ae5e62455429929b0807a07::1::d27898a1e6,False,False,3,semantic_fluent_false_evidence,0.1118033988749895,1.0,0.8055555555555556,0.0,0.6058324706611069
5a87c13f5542996e4f30890c,hotpotqa::ron_bottcher::719d0d40aa,False,False,3,semantic_fluent_false_evidence,0.2768236974052737,1.0,0.8658536585365854,0.0,0.6839002106694265
5a87c13f5542996e4f30890c,hotpotqa::repertoire_of_plácido_domingo::ebbf1ff481,False,False,3,semantic_fluent_false_evidence,0.15811388300841897,1.0,0.8651685393258427,0.0,0.6362792610685362
5a87c13f5542996e4f30890c,hotpotqa::plácido_domingo::5826a9b164,False,False,3,semantic_fluent_false_evidence,0.15811388300841897,1.0,0.7846153846153846,0.0,0.6201686301264445
5a87c13f5542996e4f30890c,hotpotqa::giovanna_d'arco_al_rogo::c0a7b3927d,False,False,3,semantic_fluent_false_evidence,0.21650635094610968,1.0,0.868421052631579,0.0,0.6602867509047596
5ae1443855429920d5234362,poison::semantic_fluent_false_evidence::5ae1443855429920d5234362::0::7cb855a362,True,False,3,semantic_fluent_false_evidence,0.06310844497405346,0.0,0.21739130434782605,0.0,0.0687216388591866
5ae1443855429920d5234362,poison::semantic_fluent_false_evidence::5ae1443855429920d5234362::2::48b306c65d,True,False,3,semantic_fluent_false_evidence,0.04330127018922193,0.0,0.75,0.0,0.16732050807568877
5ae1443855429920d5234362,poison::semantic_fluent_false_evidence::5ae1443855429920d5234362::1::9da2c892d6,True,False,3,semantic_fluent_false_evidence,0.04330127018922193,0.0,0.4,0.0,0.09732050807568877
5ae1443855429920d5234362,hotpotqa::alexander_nikolayev::fe006ce6ef,False,True,3,semantic_fluent_false_evidence,0.0,0.0,0.7142857142857143,0.0,0.14285714285714285
5ae1443855429920d5234362,hotpotqa::mikhail_linnik::ee699025d4,False,False,3,semantic_fluent_false_evidence,0.04330127018922193,1.0,0.8571428571428572,0.0,0.5887490795042603
5ae1443855429920d5234362,hotpotqa::vladimir_fedorovich_vladimirov::b280270e1e,False,False,3,semantic_fluent_false_evidence,0.021650635094610966,1.0,0.5882352941176471,0.0,0.5263073128613738
5ae1443855429920d5234362,hotpotqa::georgy_vasilyevich_ivanov::a5cf5b8400,False,False,3,semantic_fluent_false_evidence,0.041457809879442496,1.0,0.5833333333333333,0.0,0.5332497906184437
5ae1443855429920d5234362,hotpotqa::battle_of_berlin::fc16ed73a6,False,True,3,semantic_fluent_false_evidence,0.09601432184835759,1.0,0.19999999999999996,0.0,0.47840572873934306
5ae1443855429920d5234362,hotpotqa::list_of_azerbaijani_heroes_of_the_soviet_union::8bb84ccd87,False,False,3,semantic_fluent_false_evidence,0.08291561975888499,1.0,0.9642857142857143,0.0,0.6260233907606969
5ae1443855429920d5234362,hotpotqa::anatoly_petrakovsky::888e364c52,False,False,3,semantic_fluent_false_evidence,0.06123724356957945,1.0,0.8787878787878788,0.0,0.6002524731854075
5ae1443855429920d5234362,hotpotqa::boris_vladimirov::ce65a58fd2,False,False,3,semantic_fluent_false_evidence,0.075,1.0,0.819672131147541,0.0,0.5939344262295082
5ae1443855429920d5234362,hotpotqa::nicholas_ii_of_russia::fd9a795e9d,False,False,3,semantic_fluent_false_evidence,0.0,1.0,0.9230769230769231,0.0,0.5846153846153846
5a877dd65542993e715abf79,poison::semantic_fluent_false_evidence::5a877dd65542993e715abf79::0::cf8811d8e6,True,False,3,semantic_fluent_false_evidence,0.0,0.0,0.34883720930232553,0.0,0.0697674418604651
5a877dd65542993e715abf79,poison::semantic_fluent_false_evidence::5a877dd65542993e715abf79::2::179f36efe6,True,False,3,semantic_fluent_false_evidence,0.021650635094610966,0.0,0.6415094339622642,0.0,0.13696214083029723
5a877dd65542993e715abf79,poison::semantic_fluent_false_evidence::5a877dd65542993e715abf79::1::22300d9bb0,True,False,3,semantic_fluent_false_evidence,0.021650635094610966,0.0,0.4,0.0,0.08866025403784439
5a877dd65542993e715abf79,hotpotqa::memoir_of_halldór_laxness::f188b81bff,False,False,3,semantic_fluent_false_evidence,0.021650635094610966,1.0,0.7,0.0,0.5486602540378444
5a877dd65542993e715abf79,hotpotqa::halldór_laxness::3021d96b14,False,True,3,semantic_fluent_false_evidence,0.06035533905932738,0.5,0.725,0.0,0.36914213562373094
5a877dd65542993e715abf79,hotpotqa::auður_laxness::3509505e17,False,False,3,semantic_fluent_false_evidence,0.07613687188886939,1.0,0.7037037037037037,0.0,0.5711954894962885
5a877dd65542993e715abf79,hotpotqa::timothy_leary::0f2b46d204,False,True,3,semantic_fluent_false_evidence,0.05590169943749475,0.75,0.8,0.0,0.48236067977499786
5a877dd65542993e715abf79,hotpotqa::list_of_harry_potter_cast_members::f1a2a13a25,False,False,3,semantic_fluent_false_evidence,0.584700778176325,1.0,0.9534883720930233,0.0,0.8245779856891347
5a877dd65542993e715abf79,hotpotqa::baraki_barak_airstrike::c80958a239,False,False,3,semantic_fluent_false_evidence,0.49749371855331,1.0,0.9166666666666666,0.0,0.7823308207546573
5a877dd65542993e715abf79,hotpotqa::history_of_braathens_(1994–2004)::ecbc20caaf,False,False,3,semantic_fluent_false_evidence,0.4763139720814412,1.0,0.9264705882352942,0.0,0.7758197064796353
5a877dd65542993e715abf79,hotpotqa::halldór_laxness_(album)::0cbfcc1922,False,False,3,semantic_fluent_false_evidence,0.13325317547305485,1.0,0.33333333333333337,0.0,0.5199679368558886
5a877dd65542993e715abf79,hotpotqa::guðný_halldórsdóttir::4ad28e2eaa,False,False,3,semantic_fluent_false_evidence,0.0,1.0,0.7741935483870968,0.0,0.5548387096774194
5a877dd65542993e715abf79,hotpotqa::independent_people::9bb5bf006a,False,False,3,semantic_fluent_false_evidence,0.2511579413351611,1.0,0.7948717948717949,0.0,0.6594375355084234
5addcb215542997dc7907033,poison::semantic_fluent_false_evidence::5addcb215542997dc7907033::2::2d4be0bb8a,True,False,3,semantic_fluent_false_evidence,0.0649519052838329,0.0,0.24137931034482762,0.0,0.07425662418249869
5addcb215542997dc7907033,poison::semantic_fluent_false_evidence::5addcb215542997dc7907033::0::1f20f533ea,True,False,3,semantic_fluent_false_evidence,0.021650635094610966,0.0,0.2666666666666667,0.0,0.06199358737117773
5addcb215542997dc7907033,poison::semantic_fluent_false_evidence::5addcb215542997dc7907033::1::520e8244dc,True,False,3,semantic_fluent_false_evidence,0.04330127018922193,0.0,0.41025641025641024,0.0,0.09937179012697081
5addcb215542997dc7907033,hotpotqa::victory_(puff_daddy_song)::15598d5a89,False,False,3,semantic_fluent_false_evidence,0.32003570102018675,1.0,0.7866666666666666,0.0,0.6853476137414081
5addcb215542997dc7907033,hotpotqa::naomi_campbell::69fae504cf,False,True,3,semantic_fluent_false_evidence,0.3049077729412617,0.75,0.8,0.0,0.5819631091765046
5addcb215542997dc7907033,hotpotqa::nasty_girl_(the_notorious_b.i.g._song)::fb5b0cd493,False,True,3,semantic_fluent_false_evidence,0.04330127018922193,0.25,0.851063829787234,0.0,0.2875332740331356
5addcb215542997dc7907033,hotpotqa::total_(group)::236bb26704,False,False,3,semantic_fluent_false_evidence,0.3082207001484488,1.0,0.7804878048780488,0.0,0.6793858410349893
5addcb215542997dc7907033,hotpotqa::love_stinks_(song)::1ce289ec7e,False,False,3,semantic_fluent_false_evidence,0.562916512459885,1.0,0.725,0.0,0.770166604983954
5addcb215542997dc7907033,hotpotqa::lionel_snell::07a7c31cb0,False,False,3,semantic_fluent_false_evidence,0.1118033988749895,1.0,0.8666666666666667,0.0,0.6180546928833291
5addcb215542997dc7907033,hotpotqa::rihanna_videography::b8d76cb1fb,False,False,3,semantic_fluent_false_evidence,0.4763139720814412,1.0,0.7468354430379747,0.0,0.7398926774401714
5addcb215542997dc7907033,hotpotqa::vanity_(singer)::21a46aad31,False,False,3,semantic_fluent_false_evidence,0.2977846605242925,1.0,0.8,0.0,0.679113864209717
5addcb215542997dc7907033,hotpotqa::duets:_the_final_chapter::3f07c84bc8,False,False,3,semantic_fluent_false_evidence,0.3225834713862288,1.0,0.7090909090909091,0.0,0.6708515703726733
5addcb215542997dc7907033,hotpotqa::clémence_poésy::48a2985070,False,False,3,semantic_fluent_false_evidence,0.2345207879911715,1.0,0.8974358974358975,0.0,0.673295494683648
5addcb215542997dc7907033,hotpotqa::rebecca_gayheart::00ed003bfe,False,False,3,semantic_fluent_false_evidence,0.41231056256176607,1.0,0.8181818181818181,0.0,0.7285605886610701
5a72f74a55429901807daf59,poison::semantic_fluent_false_evidence::5a72f74a55429901807daf59::0::c6ad509491,True,False,3,semantic_fluent_false_evidence,0.0,0.0,0.40476190476190477,0.0,0.08095238095238096
5a72f74a55429901807daf59,poison::semantic_fluent_false_evidence::5a72f74a55429901807daf59::1::cb05a212b9,True,False,3,semantic_fluent_false_evidence,0.08660254037844387,1.0,0.5106382978723405,0.0,0.5367686757258456
5a72f74a55429901807daf59,poison::semantic_fluent_false_evidence::5a72f74a55429901807daf59::2::d5f3e8c29f,True,False,3,semantic_fluent_false_evidence,0.25226202226109723,1.0,0.20588235294117652,0.0,0.5420812794926742
5a72f74a55429901807daf59,hotpotqa::johnny_pemberton::7c96a93b38,False,False,3,semantic_fluent_false_evidence,0.4180607966083864,1.0,0.7142857142857143,0.0,0.7100814615004974
5a72f74a55429901807daf59,hotpotqa::helen_atkinson-wood::19c9e6ebe3,False,False,3,semantic_fluent_false_evidence,0.6796138609534094,1.0,0.8888888888888888,0.0,0.8496233221591416
5a72f74a55429901807daf59,hotpotqa::francesca_fowler::d20241d25e,False,False,3,semantic_fluent_false_evidence,0.7258615570478988,1.0,0.6190476190476191,0.0,0.8141541466286834
5a72f74a55429901807daf59,hotpotqa::tim_bedore::afac9a7427,False,False,3,semantic_fluent_false_evidence,0.3374314883991917,1.0,0.9411764705882353,0.0,0.7232078894773237
5a72f74a55429901807daf59,hotpotqa::ken_waller::6e6264ed45,False,False,3,semantic_fluent_false_evidence,0.5338539126015656,1.0,0.8717948717948718,0.0,0.7879005393996006
5a72f74a55429901807daf59,hotpotqa::nicholas_mele::1d4fa8f867,False,False,3,semantic_fluent_false_evidence,0.2872281323269014,1.0,0.7222222222222222,0.0,0.6593356973752049
5a72f74a55429901807daf59,hotpotqa::recher_theatre::b9109ab0c6,False,False,3,semantic_fluent_false_evidence,0.5408326913195984,1.0,0.8636363636363636,0.0,0.7890603492551121
5a72f74a55429901807daf59,hotpotqa::sleepless_in_seattle::8730619918,False,True,3,semantic_fluent_false_evidence,0.0,1.0,0.7906976744186046,0.0,0.5581395348837209
5a72f74a55429901807daf59,hotpotqa::christopher_guest::504db32b6f,False,False,3,semantic_fluent_false_evidence,0.0,1.0,0.7868852459016393,0.0,0.5573770491803278
5a72f74a55429901807daf59,hotpotqa::timothy_olyphant::b413e7ae6b,False,False,3,semantic_fluent_false_evidence,0.0,1.0,0.8735632183908046,0.0,0.574712643678161
5a72f74a55429901807daf59,hotpotqa::nerdland::402c721609,False,False,3,semantic_fluent_false_evidence,0.08660254037844387,1.0,0.8604651162790697,0.0,0.6067340394071915
5a72f74a55429901807daf59,hotpotqa::rob_sitch::924bc9481e,False,False,3,semantic_fluent_false_evidence,0.08291561975888499,1.0,0.4444444444444444,0.0,0.5220551367924429
5a72f74a55429901807daf59,hotpotqa::marty_belafsky::cb1827619d,False,False,3,semantic_fluent_false_evidence,0.08291561975888499,1.0,0.6727272727272727,0.0,0.5677117024490086
5a72f74a55429901807daf59,hotpotqa::zack_norman::c679e5d0ed,False,False,3,semantic_fluent_false_evidence,0.17674132226504358,1.0,0.7088607594936709,0.0,0.6124686808047516
5a72f74a55429901807daf59,hotpotqa::jimmy_tatro::719fa75441,False,False,3,semantic_fluent_false_evidence,0.3121079833294658,1.0,0.8125,0.0,0.6873431933317863
5ae1d4e8554299234fd04312,poison::semantic_fluent_false_evidence::5ae1d4e8554299234fd04312::2::0063a7588b,True,False,3,semantic_fluent_false_evidence,0.0,0.0,0.52,0.0,0.10400000000000001
5ae1d4e8554299234fd04312,poison::semantic_fluent_false_evidence::5ae1d4e8554299234fd04312::0::dc6b5f6efe,True,False,3,semantic_fluent_false_evidence,0.021650635094610966,0.0,0.6333333333333333,0.0,0.13532692070451105
5ae1d4e8554299234fd04312,poison::semantic_fluent_false_evidence::5ae1d4e8554299234fd04312::1::a64bbdecbc,True,False,3,semantic_fluent_false_evidence,0.04330127018922193,0.0,0.6666666666666667,0.0,0.1506538414090221
5ae1d4e8554299234fd04312,hotpotqa::any_questions_for_ben?::39e9511188,False,True,3,semantic_fluent_false_evidence,0.021650635094610966,0.0,0.96,0.0,0.20066025403784438
5ae1d4e8554299234fd04312,hotpotqa::inside_film_awards::89f3428404,False,False,3,semantic_fluent_false_evidence,0.15718168992852566,1.0,0.8333333333333334,0.0,0.629539342638077
5ae1d4e8554299234fd04312,hotpotqa::angel_(1982_irish_film)::0d08383d72,False,False,3,semantic_fluent_false_evidence,0.19202864369671518,1.0,0.7692307692307692,0.0,0.6306576113248399
5ae1d4e8554299234fd04312,hotpotqa::cuban_democracy_act::3684307a4c,False,False,3,semantic_fluent_false_evidence,0.5830951894845301,1.0,0.9827586206896551,0.0,0.8297897999317432
5ae1d4e8554299234fd04312,hotpotqa::mista_savona::8bececce1b,False,False,3,semantic_fluent_false_evidence,0.4815340071064556,1.0,0.9380530973451328,0.0,0.7802242223116088
5ae1d4e8554299234fd04312,hotpotqa::schwächen::9084f3df47,False,False,3,semantic_fluent_false_evidence,0.5196152422706632,1.0,0.975609756097561,0.0,0.8029680481277776
5ae1d4e8554299234fd04312,hotpotqa::the_man_from_snowy_river_(poem)::1b373107a4,False,False,3,semantic_fluent_false_evidence,0.4763139720814412,1.0,0.9545454545454546,0.0,0.7814346797416674
5ae1d4e8554299234fd04312,hotpotqa::ben_queen::159f25f010,False,False,3,semantic_fluent_false_evidence,0.04330127018922193,1.0,0.8421052631578947,0.0,0.5857415607072677
5ae1d4e8554299234fd04312,hotpotqa::rob_sitch::924bc9481e,False,True,3,semantic_fluent_false_evidence,0.34641016151377546,1.0,0.7,0.0,0.6785640646055102
5ae1d4e8554299234fd04312,hotpotqa::josh_schuberth::9bac85fe0c,False,False,3,semantic_fluent_false_evidence,0.0,1.0,0.8958333333333334,0.0,0.5791666666666667
5ae1d4e8554299234fd04312,hotpotqa::clayton_watson::5cf0ea2a35,False,False,3,semantic_fluent_false_evidence,0.08660254037844387,1.0,0.8333333333333334,0.0,0.6013076828180443
5ae1d4e8554299234fd04312,hotpotqa::robot_overlords::487212f470,False,False,3,semantic_fluent_false_evidence,0.16583123951776998,1.0,0.84,0.0,0.634332495807108
5ae1d4e8554299234fd04312,hotpotqa::scare_campaign::59bd630574,False,False,3,semantic_fluent_false_evidence,0.3713477402211697,1.0,0.7894736842105263,0.0,0.7064338329305732
5abe3dc65542993f32c2a0c4,poison::semantic_fluent_false_evidence::5abe3dc65542993f32c2a0c4::0::608b017265,True,False,3,semantic_fluent_false_evidence,0.06310844497405346,0.0,0.3913043478260869,0.0,0.10350424755483875
5abe3dc65542993f32c2a0c4,poison::semantic_fluent_false_evidence::5abe3dc65542993f32c2a0c4::1::8ad3d58052,True,False,3,semantic_fluent_false_evidence,0.041457809879442496,0.0,0.4722222222222222,0.0,0.11102756839622144
5abe3dc65542993f32c2a0c4,poison::semantic_fluent_false_evidence::5abe3dc65542993f32c2a0c4::2::c06285fc8b,True,False,3,semantic_fluent_false_evidence,0.05700597415393834,0.0,0.4444444444444444,0.0,0.11169127855046421
5abe3dc65542993f32c2a0c4,hotpotqa::swx_right_now::650cf4a5d2,False,True,3,semantic_fluent_false_evidence,0.0,0.0,0.7297297297297297,0.0,0.14594594594594595
5abe3dc65542993f32c2a0c4,hotpotqa::kumv-tv::81067bd485,False,False,3,semantic_fluent_false_evidence,0.16742443246574348,1.0,0.8309859154929577,0.0,0.6331669560848889
5abe3dc65542993f32c2a0c4,hotpotqa::kqcd-tv::78213388e0,False,False,3,semantic_fluent_false_evidence,0.15786566256311793,1.0,0.19402985074626866,0.0,0.5019522351745009
5abe3dc65542993f32c2a0c4,hotpotqa::krsq::98e18aa68c,False,False,3,semantic_fluent_false_evidence,0.05590169943749475,1.0,0.4,0.0,0.5023606797749979
5abe3dc65542993f32c2a0c4,hotpotqa::kewf::9ca802a482,False,False,3,semantic_fluent_false_evidence,0.1399519052838329,1.0,0.6206896551724138,0.0,0.5801186931480159
5abe3dc65542993f32c2a0c4,hotpotqa::kctr-fm::12b257c02e,False,False,3,semantic_fluent_false_evidence,0.09778750698348035,1.0,0.30000000000000004,0.0,0.4991150027933921
5abe3dc65542993f32c2a0c4,hotpotqa::kxmd-tv::1a547af123,False,False,3,semantic_fluent_false_evidence,0.17101792246181502,1.0,0.20833333333333337,0.0,0.5100738356513926
5abe3dc65542993f32c2a0c4,hotpotqa::kkbr::df1cb20665,False,False,3,semantic_fluent_false_evidence,0.0649519052838329,1.0,0.88,0.0,0.6019807621135331
5abe3dc65542993f32c2a0c4,hotpotqa::kulr-tv::5c9de45867,False,True,3,semantic_fluent_false_evidence,0.17165063509461095,1.0,0.47619047619047616,0.0,0.5638983492759396
5abe3dc65542993f32c2a0c4,hotpotqa::kbxi::531cc5d365,False,False,3,semantic_fluent_false_evidence,0.16307199133192046,1.0,0.5666666666666667,0.0,0.5785621298661014
5a8ed10b5542995085b374a0,poison::semantic_fluent_false_evidence::5a8ed10b5542995085b374a0::2::080fb5ba36,True,False,3,semantic_fluent_false_evidence,0.025,0.0,0.23809523809523814,0.0,0.057619047619047625
5a8ed10b5542995085b374a0,hotpotqa::scare_campaign::59bd630574,False,False,3,semantic_fluent_false_evidence,0.11540880716818769,1.0,0.8125,0.0,0.6086635228672751
5a8ed10b5542995085b374a0,poison::semantic_fluent_false_evidence::5a8ed10b5542995085b374a0::1::1509d6612b,True,False,3,semantic_fluent_false_evidence,0.041457809879442496,0.0,0.5,0.0,0.11658312395177699
5a8ed10b5542995085b374a0,hotpotqa::the_visit_(2015_american_film)::3bf2a65d06,False,True,3,semantic_fluent_false_evidence,0.06123724356957945,0.25,0.7142857142857143,0.0,0.2673520402849746
5a8ed10b5542995085b374a0,hotpotqa::olivia_dejonge::a3c929cfac,False,True,3,semantic_fluent_false_evidence,0.18062374497485914,1.0,0.7333333333333334,0.0,0.6189161646566104
5a8ed10b5542995085b374a0,hotpotqa::the_village_(2004_film)::ab9066777e,False,False,3,semantic_fluent_false_evidence,0.041457809879442496,0.25,0.8536585365853658,0.0,0.28731483126885016
5a8ed10b5542995085b374a0,hotpotqa::signs_(film)::53b8a210fb,False,False,3,semantic_fluent_false_evidence,0.11572348036383787,1.0,0.8253968253968254,0.0,0.6113687572249002
5a8ed10b5542995085b374a0,hotpotqa::hawa_(film)::a9a630e71b,False,False,3,semantic_fluent_false_evidence,0.4821825380496477,1.0,0.9583333333333334,0.0,0.7845396818865258
5a8ed10b5542995085b374a0,hotpotqa::the_true_adventures_of_wolfboy::96afb093f9,False,False,3,semantic_fluent_false_evidence,0.21072570265496543,1.0,0.9444444444444444,0.0,0.6731791699508751
5a8ed10b5542995085b374a0,hotpotqa::meet_me_there::d107792b0a,False,False,3,semantic_fluent_false_evidence,0.360009403730346,1.0,0.925,0.0,0.7290037614921384
5a8ed10b5542995085b374a0,poison::semantic_fluent_false_evidence::5a8ed10b5542995085b374a0::0::0677538ad5,True,False,3,semantic_fluent_false_evidence,0.28394541729001366,1.0,0.5333333333333333,0.0,0.6202448335826721
5a8ed10b5542995085b374a0,hotpotqa::when_a_stranger_calls_(2006_film)::3ba94badf3,False,False,3,semantic_fluent_false_evidence,0.09354143466934853,1.0,0.9545454545454546,0.0,0.6283256647768304
5a8ed10b5542995085b374a0,hotpotqa::the_keeping_hours::ac5e093369,False,False,3,semantic_fluent_false_evidence,0.2856852630600384,1.0,0.9285714285714286,0.0,0.699988390938301
5a7a112a5542990783324e2b,poison::semantic_fluent_false_evidence::5a7a112a5542990783324e2b::2::cec8ea9e88,True,False,3,semantic_fluent_false_evidence,0.021650635094610966,0.0,0.44999999999999996,0.0,0.09866025403784437
5a7a112a5542990783324e2b,poison::semantic_fluent_false_evidence::5a7a112a5542990783324e2b::0::6e351e5214,True,False,3,semantic_fluent_false_evidence,0.041457809879442496,0.0,0.2941176470588235,0.0,0.0754066533635417
5a7a112a5542990783324e2b,poison::semantic_fluent_false_evidence::5a7a112a5542990783324e2b::1::86f48c033f,True,False,3,semantic_fluent_false_evidence,0.04665063509461097,0.0,0.6444444444444444,0.0,0.14754914292673327
5a7a112a5542990783324e2b,hotpotqa::the_forsaken_(album)::71b42f2f0f,False,False,3,semantic_fluent_false_evidence,0.09236131321326571,1.0,0.7142857142857143,0.0,0.5798016681424492
5a7a112a5542990783324e2b,hotpotqa::mark_gaudet::4d656823cc,False,True,3,semantic_fluent_false_evidence,0.10361861664838598,0.75,0.6739130434782609,0.0,0.4762300553550066
5a7a112a5542990783324e2b,hotpotqa::steinar_sverd_johnsen::5a258b9001,False,False,3,semantic_fluent_false_evidence,0.035355339059327376,1.0,0.4,0.0,0.494142135623731
5a7a112a5542990783324e2b,hotpotqa::mezzerschmitt::10334677da,False,False,3,semantic_fluent_false_evidence,0.035355339059327376,1.0,0.6285714285714286,0.0,0.5398564213380166
5a7a112a5542990783324e2b,hotpotqa::jan_axel_blomberg::6815c27755,False,True,3,semantic_fluent_false_evidence,0.08660254037844387,0.25,0.6744186046511628,0.0,0.2695247370816101
5a7a112a5542990783324e2b,hotpotqa::elevator_(band)::f8966558ba,False,False,3,semantic_fluent_false_evidence,0.21650635094610968,1.0,0.7659574468085106,0.0,0.639794029740146
5a7a112a5542990783324e2b,hotpotqa::on_the_soul::b20010dda8,False,False,3,semantic_fluent_false_evidence,0.4763139720814412,1.0,0.962962962962963,0.0,0.7831181814251691
5a7a112a5542990783324e2b,hotpotqa::erik_blomberg_(writer)::fa35e53c45,False,False,3,semantic_fluent_false_evidence,0.296650635094611,1.0,0.7777777777777778,0.0,0.6742158095933999
5a7a112a5542990783324e2b,hotpotqa::axel_von_blomberg::e72d6d2006,False,False,3,semantic_fluent_false_evidence,0.26277290654258056,1.0,0.8,0.0,0.6651091626170322
5a7a112a5542990783324e2b,hotpotqa::schwächen::9084f3df47,False,False,3,semantic_fluent_false_evidence,0.1479019945774904,1.0,0.8571428571428572,0.0,0.6305893692595677
5ab870ee5542990e739ec8f6,hotpotqa::a_wind_in_the_door::4255988f1b,False,True,3,semantic_fluent_false_evidence,0.09013878188659973,0.25,0.5454545454545454,0.0,0.24514642184554897
5ab870ee5542990e739ec8f6,poison::semantic_fluent_false_evidence::5ab870ee5542990e739ec8f6::0::4ce9f192b1,True,False,3,semantic_fluent_false_evidence,0.021650635094610966,0.0,0.5666666666666667,0.0,0.12199358737117771
5ab870ee5542990e739ec8f6,hotpotqa::the_four_winds_of_love::ca16f2b6c4,False,False,3,semantic_fluent_false_evidence,0.41763221295260716,1.0,0.9473684210526316,0.0,0.7565265693915693
5ab870ee5542990e739ec8f6,poison::semantic_fluent_false_evidence::5ab870ee5542990e739ec8f6::2::c2c82fb141,True,False,3,semantic_fluent_false_evidence,0.041457809879442496,0.0,0.8421052631578947,0.0,0.18500417658335594
5ab870ee5542990e739ec8f6,hotpotqa::close_the_last_door::15daef72b5,False,False,3,semantic_fluent_false_evidence,0.34641016151377546,1.0,0.8260869565217391,0.0,0.703781455909858
5ab870ee5542990e739ec8f6,poison::semantic_fluent_false_evidence::5ab870ee5542990e739ec8f6::1::f57e1943e2,True,False,3,semantic_fluent_false_evidence,0.10825317547305484,0.25,0.6363636363636364,0.0,0.2705739974619492
5ab870ee5542990e739ec8f6,hotpotqa::kaze_no_stigma::8d9fdcbf2c,False,False,3,semantic_fluent_false_evidence,0.4306840459555649,1.0,0.8048780487804879,0.0,0.7332492281383235
5ab870ee5542990e739ec8f6,poison::semantic_fluent_false_evidence::5abc219655429959677d6a1d::1::4ba02b3b0a,False,False,3,semantic_fluent_false_evidence,0.562916512459885,1.0,0.8095238095238095,0.0,0.7870713668887159
5ab870ee5542990e739ec8f6,"hotpotqa::oh,_doctor_beeching!::b2c0792b6e",False,False,3,semantic_fluent_false_evidence,0.5196152422706632,1.0,0.9142857142857143,0.0,0.7907032397654081
5ab870ee5542990e739ec8f6,hotpotqa::the_guard_(2011_film)::58a9f554ad,False,False,3,semantic_fluent_false_evidence,0.4763139720814412,1.0,0.8888888888888888,0.0,0.7683033666103543
5ab870ee5542990e739ec8f6,hotpotqa::mary_poppins_opens_the_door::d81c2adf0e,False,False,3,semantic_fluent_false_evidence,0.17320508075688773,1.0,0.7307692307692308,0.0,0.6154358784566012
5ab870ee5542990e739ec8f6,hotpotqa::dan_angel::f7862f5a54,False,False,3,semantic_fluent_false_evidence,0.10897247358851685,1.0,0.9743589743589743,0.0,0.6384607843072015
5ab870ee5542990e739ec8f6,hotpotqa::door_to_door_(modern_family)::3e346ba2fe,False,False,3,semantic_fluent_false_evidence,0.3568742333116952,1.0,0.8,0.0,0.7027496933246781
5ab870ee5542990e739ec8f6,hotpotqa::nick_fury_(2017_comic_book)::1890aa6c90,False,False,3,semantic_fluent_false_evidence,0.4153311931459037,1.0,0.7777777777777778,0.0,0.721688032813917
5a8810485542997e5c09a590,hotpotqa::exeter_airport::ecda5c8e4e,False,False,3,semantic_fluent_false_evidence,0.34308391320163345,1.0,0.5849056603773585,0.0,0.6542146973561251
5a8810485542997e5c09a590,hotpotqa::a13_motorway_(netherlands)::70e1b0e490,False,True,3,semantic_fluent_false_evidence,0.17842437833757235,1.0,0.16666666666666663,0.0,0.5047030846683622
5a8810485542997e5c09a590,hotpotqa::sofia_airport::d7d82148dd,False,False,3,semantic_fluent_false_evidence,0.42506677076232474,1.0,0.5853658536585367,0.0,0.6870998790366373
5a8810485542997e5c09a590,hotpotqa::rotterdam_the_hague_airport::cacdead4b3,False,True,3,semantic_fluent_false_evidence,0.4574351292183816,0.75,0.5675675675675675,0.0,0.5964875652008661
5a8810485542997e5c09a590,hotpotqa::lahad_datu_airport::ee5761c4f4,False,False,3,semantic_fluent_false_evidence,0.37761425975852514,1.0,0.8378378378378378,0.0,0.7186132714709776
5a8810485542997e5c09a590,hotpotqa::international_air_travel_from_the_united_kingdom::88b5468c42,False,False,3,semantic_fluent_false_evidence,0.30463408434790523,1.0,0.7567567567567568,0.0,0.6732049850905135
5a8810485542997e5c09a590,hotpotqa::juanda_international_airport::eb1f5fbe13,False,False,3,semantic_fluent_false_evidence,0.3897114317029974,1.0,0.7692307692307692,0.0,0.7097307265273528
5a8810485542997e5c09a590,poison::semantic_fluent_false_evidence::5a8810485542997e5c09a590::0::e307238a0b,True,False,3,semantic_fluent_false_evidence,0.2814582562299425,0.5,0.5526315789473684,0.0,0.42310961828145066
5a8810485542997e5c09a590,poison::semantic_fluent_false_evidence::5a8810485542997e5c09a590::1::917ea69a39,True,False,3,semantic_fluent_false_evidence,0.17136162044710831,0.5,0.5,0.0,0.36854464817884336
5a8810485542997e5c09a590,poison::semantic_fluent_false_evidence::5a8810485542997e5c09a590::2::dd774ce3e0,True,False,3,semantic_fluent_false_evidence,0.18157298807917438,0.25,0.4137931034482759,0.0,0.2553878159213249
5a8810485542997e5c09a590,hotpotqa::dublin_airport::05db58a87a,False,False,3,semantic_fluent_false_evidence,0.31071605023616766,0.75,0.6578947368421053,0.0,0.5558653674628882
5a8810485542997e5c09a590,hotpotqa::dubai_international_airport::a2429e03cd,False,False,3,semantic_fluent_false_evidence,0.3651279880161504,1.0,0.65625,0.0,0.6773011952064601
5a8810485542997e5c09a590,hotpotqa::gatwick_airport::25bdd3c9da,False,False,3,semantic_fluent_false_evidence,0.4441976684972558,0.75,0.5454545454545454,0.0,0.5867699764898113
5a8810485542997e5c09a590,hotpotqa::heathrow_airport::acc836f4d3,False,False,3,semantic_fluent_false_evidence,0.5301324153586982,0.75,0.33333333333333337,0.0,0.5787196328101459
5a8810485542997e5c09a590,hotpotqa::athens_international_airport::baea4e8dca,False,False,3,semantic_fluent_false_evidence,0.05,1.0,0.6666666666666667,0.0,0.5533333333333333
5ae5cf625542996de7b71a22,poison::semantic_fluent_false_evidence::5ae5cf625542996de7b71a22::0::836560a687,True,False,3,semantic_fluent_false_evidence,0.0,0.0,0.23809523809523814,0.0,0.04761904761904763
5ae5cf625542996de7b71a22,poison::semantic_fluent_false_evidence::5ae5cf625542996de7b71a22::2::68d47e6b52,True,False,3,semantic_fluent_false_evidence,0.021650635094610966,0.0,0.3793103448275862,0.0,0.08452232300336163
5ae5cf625542996de7b71a22,poison::semantic_fluent_false_evidence::5ae5cf625542996de7b71a22::1::e4c7805b49,True,False,3,semantic_fluent_false_evidence,0.3140010241827735,1.0,0.85,0.0,0.6956004096731094
5ae5cf625542996de7b71a22,hotpotqa::walter_camp_award::c9ee1cf716,False,False,3,semantic_fluent_false_evidence,0.021650635094610966,0.0,0.8333333333333334,0.0,0.17532692070451106
5ae5cf625542996de7b71a22,hotpotqa::case_mccoy::e03397bc88,False,True,3,semantic_fluent_false_evidence,0.0,0.0,0.5416666666666667,0.0,0.10833333333333335
5ae5cf625542996de7b71a22,hotpotqa::david_neill::2b1e43ea84,False,False,3,semantic_fluent_false_evidence,0.1948557158514987,1.0,0.7818181818181819,0.0,0.6343059227042358
5ae5cf625542996de7b71a22,hotpotqa::colt_clan_incest_case::308d115213,False,False,3,semantic_fluent_false_evidence,0.38393078341185316,1.0,0.9558823529411765,0.0,0.7447487839529765
5ae5cf625542996de7b71a22,hotpotqa::better_than_home::8e1596a1e1,False,False,3,semantic_fluent_false_evidence,0.6759252917297888,1.0,0.9016393442622951,0.0,0.8506979855443746
5ae5cf625542996de7b71a22,hotpotqa::washington_nba_g_league_team::f3bf00650a,False,False,3,semantic_fluent_false_evidence,0.30310889132455354,1.0,0.6666666666666667,0.0,0.6545768898631548
5ae5cf625542996de7b71a22,hotpotqa::colt_mccoy::43cb20abcf,False,True,3,semantic_fluent_false_evidence,0.25617142308578245,1.0,0.6296296296296297,0.0,0.6283944951602389
5ae5cf625542996de7b71a22,hotpotqa::big_12_conference_football::750f6ef4c7,False,False,3,semantic_fluent_false_evidence,0.40273365020779855,1.0,0.7575757575757576,0.0,0.7126086115982709
5ae5cf625542996de7b71a22,hotpotqa::tcu_diamond::fd4f98e0c8,False,False,3,semantic_fluent_false_evidence,0.47103609203541935,1.0,0.8020833333333334,0.0,0.7488311034808344
5ae5cf625542996de7b71a22,hotpotqa::detroit_pistons::9430f9999b,False,False,3,semantic_fluent_false_evidence,0.39607448794387146,1.0,0.75,0.0,0.7084297951775487
5ae5cf625542996de7b71a22,hotpotqa::cale_gundy::a3be951899,False,False,3,semantic_fluent_false_evidence,0.6015604707757982,1.0,0.6216216216216216,0.0,0.7649485126346436
5ae5cf625542996de7b71a22,hotpotqa::north-west_derby_(ireland)::598c00dd5b,False,False,3,semantic_fluent_false_evidence,0.08291561975888499,1.0,0.7692307692307692,0.0,0.5870124017497078
5ae35e8c5542990afbd1e120,poison::semantic_fluent_false_evidence::5ae35e8c5542990afbd1e120::2::2f36380915,True,False,3,semantic_fluent_false_evidence,0.05,0.0,0.6388888888888888,0.0,0.14777777777777776
5ae35e8c5542990afbd1e120,hotpotqa::paul_freeman_(cryptozoologist)::c352d4e40d,False,True,3,semantic_fluent_false_evidence,0.021650635094610966,0.0,0.9024390243902439,0.0,0.18914805891589317
5ae35e8c5542990afbd1e120,poison::semantic_fluent_false_evidence::5ae35e8c5542990afbd1e120::0::542a53ebfb,True,False,3,semantic_fluent_false_evidence,0.041457809879442496,0.0,0.4,0.0,0.09658312395177701
5ae35e8c5542990afbd1e120,poison::semantic_fluent_false_evidence::5ae35e8c5542990afbd1e120::1::5704a68220,True,False,3,semantic_fluent_false_evidence,0.025,0.0,0.5625,0.0,0.12250000000000001
5ae35e8c5542990afbd1e120,hotpotqa::plaster_caster::2579340c1e,False,False,3,semantic_fluent_false_evidence,0.06310844497405346,0.75,0.9411764705882353,0.0,0.5134786721072684
5ae35e8c5542990afbd1e120,hotpotqa::søren_kierkegaard::25180dc354,False,False,3,semantic_fluent_false_evidence,0.41136206679760834,1.0,0.9090909090909091,0.0,0.7463630085372251
5ae35e8c5542990afbd1e120,hotpotqa::'allo_'allo!::829e14dd42,False,False,3,semantic_fluent_false_evidence,0.5931905258852337,1.0,0.9318181818181819,0.0,0.8236398467177299
5ae35e8c5542990afbd1e120,hotpotqa::h._winnett_orr::efeb018bcd,False,False,3,semantic_fluent_false_evidence,0.1234257914332175,1.0,1.0,0.0,0.649370316573287
5ae35e8c5542990afbd1e120,hotpotqa::aristotelianism::8d906195e3,False,False,3,semantic_fluent_false_evidence,0.5196152422706632,1.0,0.8363636363636364,0.0,0.7751188241809925
5ae35e8c5542990afbd1e120,hotpotqa::plymouth_playhouse::ad4f3f577a,False,False,3,semantic_fluent_false_evidence,0.4763139720814412,1.0,0.9361702127659575,0.0,0.777759631385768
5ae35e8c5542990afbd1e120,hotpotqa::museum_of_plaster_casts_(thessaloniki)::388aad3b9d,False,False,3,semantic_fluent_false_evidence,0.27523445329959195,1.0,0.896551724137931,0.0,0.6894041261474231
5ae35e8c5542990afbd1e120,hotpotqa::waldo_rudolph_wedel::cd43b7f527,False,False,3,semantic_fluent_false_evidence,0.04330127018922193,1.0,0.8181818181818181,0.0,0.5809568717120525
5ae35e8c5542990afbd1e120,hotpotqa::david_m._pendergast::0be7feaff9,False,False,3,semantic_fluent_false_evidence,0.04330127018922193,1.0,0.7878787878787878,0.0,0.5748962656514464
5ae35e8c5542990afbd1e120,hotpotqa::george_gamow::105004b509,False,False,3,semantic_fluent_false_evidence,0.35619517121937516,1.0,0.9523809523809523,0.0,0.7329542589639406
5a78b5f7554299148911f95b,poison::semantic_fluent_false_evidence::5a78b5f7554299148911f95b::0::380d7391a1,True,False,3,semantic_fluent_false_evidence,0.025,0.0,0.4722222222222222,0.0,0.10444444444444445
5a78b5f7554299148911f95b,poison::semantic_fluent_false_evidence::5a78b5f7554299148911f95b::2::f127d2aa33,True,False,3,semantic_fluent_false_evidence,0.041457809879442496,0.0,0.5517241379310345,0.0,0.1269279515379839
5a78b5f7554299148911f95b,poison::semantic_fluent_false_evidence::5a78b5f7554299148911f95b::1::106d69cd1e,True,False,3,semantic_fluent_false_evidence,0.08660254037844387,1.0,0.607843137254902,0.0,0.5562096436023579
5a78b5f7554299148911f95b,hotpotqa::mustafa_shakir::9136e5a0ca,False,True,3,semantic_fluent_false_evidence,0.27430701000690694,0.75,0.9210526315789473,0.0,0.5939333303185522
5a78b5f7554299148911f95b,hotpotqa::fantastic_contraption_(2008_video_game)::8cb77d7c06,False,False,3,semantic_fluent_false_evidence,0.6928203230275509,1.0,0.9230769230769231,0.0,0.8617435138264049
5a78b5f7554299148911f95b,hotpotqa::donna_noble::c873ea3c98,False,False,3,semantic_fluent_false_evidence,0.649519052838329,1.0,0.9056603773584906,0.0,0.8409396966070297
5a78b5f7554299148911f95b,hotpotqa::control_(fictional_character)::5a3db2e6e6,False,False,3,semantic_fluent_false_evidence,0.6519202405202649,1.0,0.9411764705882353,0.0,0.849003390325753
5a78b5f7554299148911f95b,hotpotqa::tiffany_(comics)::44317e9e72,False,False,3,semantic_fluent_false_evidence,0.20989474158766133,1.0,0.8245614035087719,0.0,0.6488701773368188
5a78b5f7554299148911f95b,hotpotqa::ego_the_living_planet::f778d7743d,False,False,3,semantic_fluent_false_evidence,0.4631374386051247,1.0,0.6428571428571428,0.0,0.7138264040134784
5a78b5f7554299148911f95b,hotpotqa::bill_haydon::ef36d87c51,False,False,3,semantic_fluent_false_evidence,0.5760859310901456,1.0,0.875,0.0,0.8054343724360582
5a78b5f7554299148911f95b,hotpotqa::spawn_(comics)::409ae93770,False,True,3,semantic_fluent_false_evidence,0.04330127018922193,1.0,0.5588235294117647,0.0,0.5290852139580418
5a78b5f7554299148911f95b,hotpotqa::malebolgia::9890071306,False,False,3,semantic_fluent_false_evidence,0.35108149973687525,1.0,0.8,0.0,0.7004325998947502
5a78b5f7554299148911f95b,hotpotqa::the_binding_of_isaac_(video_game)::25f34efd22,False,False,3,semantic_fluent_false_evidence,0.1479019945774904,1.0,0.9027777777777778,0.0,0.6397163533865518
5a78b5f7554299148911f95b,hotpotqa::tomb_raider::4c7b878b50,False,False,3,semantic_fluent_false_evidence,0.15811388300841897,1.0,0.8412698412698413,0.0,0.6314995214573359
5a78b5f7554299148911f95b,hotpotqa::gerald_bostock::3f0ab7bbed,False,False,3,semantic_fluent_false_evidence,0.36203369769362687,1.0,0.935483870967742,0.0,0.7319102532709991
5a84e9d35542994c784dda84,poison::semantic_fluent_false_evidence::5a84e9d35542994c784dda84::0::0b1ff3ac37,True,False,3,semantic_fluent_false_evidence,0.04665063509461097,0.0,0.64,0.0,0.14666025403784438
5a84e9d35542994c784dda84,poison::semantic_fluent_false_evidence::5a84e9d35542994c784dda84::1::5d94bc4aeb,True,False,3,semantic_fluent_false_evidence,0.021650635094610966,0.0,0.6060606060606061,0.0,0.1298723752499656
5a84e9d35542994c784dda84,poison::semantic_fluent_false_evidence::5a84e9d35542994c784dda84::2::921ca1abf8,True,False,3,semantic_fluent_false_evidence,0.06830127018922194,0.0,0.5862068965517242,0.0,0.14456188738603362
5a84e9d35542994c784dda84,hotpotqa::nike_mercurial_vapor::992a8ea9f6,False,True,3,semantic_fluent_false_evidence,0.34708608442287053,0.75,0.9791666666666666,0.0,0.6346677671024816
5a84e9d35542994c784dda84,hotpotqa::tommy_hyslop::4d518ab663,False,False,3,semantic_fluent_false_evidence,0.1840475661845451,1.0,0.875,0.0,0.6486190264738181
5a84e9d35542994c784dda84,hotpotqa::stoke_city_f.c.::5630319183,False,False,3,semantic_fluent_false_evidence,0.041457809879442496,1.0,0.5454545454545454,0.0,0.5256740330426861
5a84e9d35542994c784dda84,hotpotqa::stoke_gabriel_a.f.c.::d08674e2a4,False,False,3,semantic_fluent_false_evidence,0.2598076211353316,1.0,0.7222222222222222,0.0,0.6483674928985771
5a84e9d35542994c784dda84,hotpotqa::xherdan_shaqiri::36bd8fef0f,False,True,3,semantic_fluent_false_evidence,0.322916066109385,1.0,0.46153846153846156,0.0,0.6214741187514463
5a84e9d35542994c784dda84,hotpotqa::stoke_city_f.c._league_record_by_opponent::be181396e8,False,False,3,semantic_fluent_false_evidence,0.10696798155377502,1.0,0.7741935483870968,0.0,0.5976259022989294
5a84e9d35542994c784dda84,hotpotqa::pachanga_diliman_f.c.::a1b52b9135,False,False,3,semantic_fluent_false_evidence,0.23848480035423641,1.0,0.84375,0.0,0.6641439201416945
5a84e9d35542994c784dda84,hotpotqa::stoke_city_f.c._in_european_football::b062e9a379,False,False,3,semantic_fluent_false_evidence,0.23193318311036998,1.0,0.7142857142857143,0.0,0.6356304161012909
5a84e9d35542994c784dda84,hotpotqa::ronald_koeman::aada10dd6f,False,False,3,semantic_fluent_false_evidence,0.04330127018922193,1.0,0.84375,0.0,0.5860705080756887
5a84e9d35542994c784dda84,hotpotqa::eddie_niedzwiecki::9cf7601e99,False,False,3,semantic_fluent_false_evidence,0.07071067811865475,1.0,0.8611111111111112,0.0,0.6005064934696842
5a7cfea2554299452d57babe,poison::semantic_fluent_false_evidence::5a7cfea2554299452d57babe::2::f091c655fa,True,False,3,semantic_fluent_false_evidence,0.04665063509461097,0.0,0.4285714285714286,0.0,0.10437453975213011
5a7cfea2554299452d57babe,poison::semantic_fluent_false_evidence::5a7cfea2554299452d57babe::0::b567f86c4f,True,False,3,semantic_fluent_false_evidence,0.04665063509461097,0.0,0.25,0.0,0.0686602540378444
5a7cfea2554299452d57babe,poison::semantic_fluent_false_evidence::5a7cfea2554299452d57babe::1::503880a030,True,False,3,semantic_fluent_false_evidence,0.035355339059327376,0.0,0.5106382978723405,0.0,0.11626979519819905
5a7cfea2554299452d57babe,hotpotqa::portrait_werner_herzog::6cdfa12b87,False,False,3,semantic_fluent_false_evidence,0.0649519052838329,1.0,0.75,0.0,0.5759807621135332
5a7cfea2554299452d57babe,hotpotqa::werner_herzog_eats_his_shoe::6b49cebcbc,False,True,3,semantic_fluent_false_evidence,0.021650635094610966,0.0,0.8571428571428572,0.0,0.18008882546641583
5a7cfea2554299452d57babe,hotpotqa::happy_people:_a_year_in_the_taiga::8e920942aa,False,False,3,semantic_fluent_false_evidence,0.10825317547305482,1.0,0.7692307692307692,0.0,0.5971474240353758
5a7cfea2554299452d57babe,hotpotqa::lucki_stipetić::deff3eda18,False,False,3,semantic_fluent_false_evidence,0.2305531284802611,1.0,0.6666666666666667,0.0,0.6255545847254378
5a7cfea2554299452d57babe,hotpotqa::bells_from_the_deep::323d59f0b3,False,False,3,semantic_fluent_false_evidence,0.37136390412353065,1.0,0.6666666666666667,0.0,0.6818788949827457
5a7cfea2554299452d57babe,hotpotqa::la_soufrière_(film)::b3d5b62ef0,False,False,3,semantic_fluent_false_evidence,0.1040569415042095,1.0,0.872093023255814,0.0,0.6160413812528466
5a7cfea2554299452d57babe,hotpotqa::how_much_wood_would_a_woodchuck_chuck_(film)::2884b4f55e,False,False,3,semantic_fluent_false_evidence,0.144535450519884,1.0,0.8372093023255813,0.0,0.6252560406730698
5a7cfea2554299452d57babe,hotpotqa::life_after_people::d20d6a0124,False,True,3,semantic_fluent_false_evidence,0.18874586088176876,1.0,0.6956521739130435,0.0,0.6146287791353162
5a7cfea2554299452d57babe,hotpotqa::little_dieter_needs_to_fly::e47b283596,False,False,3,semantic_fluent_false_evidence,0.035355339059327376,1.0,0.6666666666666667,0.0,0.5474754689570643
5a82817555429954d2e2eb5a,poison::semantic_fluent_false_evidence::5a82817555429954d2e2eb5a::0::5145aaf0c0,True,False,3,semantic_fluent_false_evidence,0.021650635094610966,0.0,0.3913043478260869,0.0,0.08692112360306177
5a82817555429954d2e2eb5a,poison::semantic_fluent_false_evidence::5a82817555429954d2e2eb5a::1::185b8b1336,True,False,3,semantic_fluent_false_evidence,0.06310844497405346,0.0,0.5,0.0,0.12524337798962137
5a82817555429954d2e2eb5a,hotpotqa::naked_soldier::01dd02ccf8,False,True,3,semantic_fluent_false_evidence,0.041457809879442496,0.0,0.5625,0.0,0.12908312395177698
5a82817555429954d2e2eb5a,poison::semantic_fluent_false_evidence::5a82817555429954d2e2eb5a::2::016f32b64f,True,False,3,semantic_fluent_false_evidence,0.04330127018922193,0.0,0.5185185185185186,0.0,0.12102421177939249
5a82817555429954d2e2eb5a,hotpotqa::follow-the-sun::06a2017050,False,False,3,semantic_fluent_false_evidence,0.6928203230275509,1.0,0.9285714285714286,0.0,0.862842414925306
5a82817555429954d2e2eb5a,hotpotqa::scream_(franchise)::b1f0729d09,False,False,3,semantic_fluent_false_evidence,0.44257148117227385,1.0,0.898876404494382,0.0,0.756803873367786
5a82817555429954d2e2eb5a,hotpotqa::mel_gibson_filmography::02c30cf92c,False,False,3,semantic_fluent_false_evidence,0.38602451108343855,1.0,0.978021978021978,0.0,0.7500142000377711
5a82817555429954d2e2eb5a,hotpotqa::freedomfilmfest::501edbf935,False,False,3,semantic_fluent_false_evidence,0.562916512459885,1.0,0.8666666666666667,0.0,0.7984999383172873
5a82817555429954d2e2eb5a,poison::semantic_fluent_false_evidence::5a8ed10b5542995085b374a0::2::080fb5ba36,False,False,3,semantic_fluent_false_evidence,0.5196152422706632,1.0,0.9285714285714286,0.0,0.793560382622551
5a82817555429954d2e2eb5a,hotpotqa::arak_(drink)::04f178251e,False,False,3,semantic_fluent_false_evidence,0.4763139720814412,1.0,0.9777777777777777,0.0,0.786081144388132
5a82817555429954d2e2eb5a,hotpotqa::naked_weapon::573b31efad,False,True,3,semantic_fluent_false_evidence,0.0,1.0,0.5384615384615384,0.0,0.5076923076923077
5a82817555429954d2e2eb5a,hotpotqa::naked_gun_33⅓:_the_final_insult::6e8b43ff4a,False,False,3,semantic_fluent_false_evidence,0.32810889132455356,1.0,0.8181818181818181,0.0,0.694879920166185
5a82817555429954d2e2eb5a,hotpotqa::naked_city_(tv_series)::f81054666c,False,False,3,semantic_fluent_false_evidence,0.05,1.0,0.9714285714285714,0.0,0.6142857142857143
5a82817555429954d2e2eb5a,hotpotqa::the_naked_gun_2½:_the_smell_of_fear::a943164a94,False,False,3,semantic_fluent_false_evidence,0.0,1.0,0.9838709677419355,0.0,0.5967741935483871
5a82817555429954d2e2eb5a,hotpotqa::dexter_fletcher::5a2c0c73a6,False,False,3,semantic_fluent_false_evidence,0.5196152422706632,1.0,0.9259259259259259,0.0,0.7930312820934505
5a82817555429954d2e2eb5a,hotpotqa::x-men:_first_class::1d223b74bc,False,False,3,semantic_fluent_false_evidence,0.2,1.0,0.9111111111111111,0.0,0.6622222222222222
5a72f1cf5542994cef4bc414,poison::semantic_fluent_false_evidence::5a72f1cf5542994cef4bc414::2::e12180a338,True,False,3,semantic_fluent_false_evidence,0.04665063509461097,0.0,0.7878787878787878,0.0,0.17623601161360197
5a72f1cf5542994cef4bc414,poison::semantic_fluent_false_evidence::5a72f1cf5542994cef4bc414::0::d68eef7a72,True,False,3,semantic_fluent_false_evidence,0.04665063509461097,0.0,0.5,0.0,0.11866025403784439
5a72f1cf5542994cef4bc414,poison::semantic_fluent_false_evidence::5a72f1cf5542994cef4bc414::1::12eb4e5b8b,True,False,3,semantic_fluent_false_evidence,0.04330127018922193,0.0,0.575,0.0,0.13232050807568876
5a72f1cf5542994cef4bc414,hotpotqa::the_scarlet_letter_(1995_film)::b08ca7fd02,False,True,3,semantic_fluent_false_evidence,0.021650635094610966,0.0,0.75,0.0,0.1586602540378444
5a72f1cf5542994cef4bc414,hotpotqa::the_scarlet_letter_(1922_film)::5dd9de869b,False,False,3,semantic_fluent_false_evidence,0.3521332367546681,0.5,0.7222222222222222,0.0,0.4852977391463117
5a72f1cf5542994cef4bc414,hotpotqa::when_ladies_meet_(1941_film)::72431e3419,False,False,3,semantic_fluent_false_evidence,0.10897247358851685,1.0,0.8076923076923077,0.0,0.6051274509738682
5a72f1cf5542994cef4bc414,hotpotqa::the_bridges_of_madison_county_(film)::e340da32e9,False,False,3,semantic_fluent_false_evidence,0.14786752504271788,1.0,0.855072463768116,0.0,0.6301615027707104
5a72f1cf5542994cef4bc414,hotpotqa::veerasamy::7c63681a43,False,False,3,semantic_fluent_false_evidence,0.562916512459885,1.0,0.9230769230769231,0.0,0.8097819895993386
5a72f1cf5542994cef4bc414,hotpotqa::passion_of_mind::811006a743,False,False,3,semantic_fluent_false_evidence,0.15849333995318143,1.0,0.9411764705882353,0.0,0.6516326300989197
5a72f1cf5542994cef4bc414,hotpotqa::rupert_grint::9d1d9ead22,False,False,3,semantic_fluent_false_evidence,0.5852349955359812,1.0,0.95,0.0,0.8240939982143924
5a72f1cf5542994cef4bc414,hotpotqa::robert_duvall_filmography::f0a91a816f,False,False,3,semantic_fluent_false_evidence,0.021650635094610966,1.0,0.9876543209876543,0.0,0.6061911182353753
5a72f1cf5542994cef4bc414,hotpotqa::sleepless_in_seattle::8730619918,False,False,3,semantic_fluent_false_evidence,0.10456625485349597,1.0,0.8780487804878049,0.0,0.6174362580389594
5a72f1cf5542994cef4bc414,hotpotqa::chiwetel_ejiofor::9fea32c26e,False,False,3,semantic_fluent_false_evidence,0.39607448794387146,1.0,0.90625,0.0,0.7396797951775487
5a7f57a45542992097ad2f29,poison::semantic_fluent_false_evidence::5a7f57a45542992097ad2f29::2::9e2c43b0c9,True,False,3,semantic_fluent_false_evidence,0.025,0.0,0.7307692307692308,0.0,0.15615384615384617
5a7f57a45542992097ad2f29,poison::semantic_fluent_false_evidence::5a7f57a45542992097ad2f29::0::724051c9c0,True,False,3,semantic_fluent_false_evidence,0.041457809879442496,0.0,0.4285714285714286,0.0,0.10229740966606271
5a7f57a45542992097ad2f29,poison::semantic_fluent_false_evidence::5a7f57a45542992097ad2f29::1::d6c68443ef,True,False,3,semantic_fluent_false_evidence,0.04330127018922193,0.0,0.4782608695652174,0.0,0.11297268198873225
5a7f57a45542992097ad2f29,hotpotqa::johan_henrik_deuntzer::0edf036525,False,True,3,semantic_fluent_false_evidence,0.025,0.0,0.44999999999999996,0.0,0.09999999999999999
5a7f57a45542992097ad2f29,hotpotqa::cabinet_of_deuntzer::643af35222,False,False,3,semantic_fluent_false_evidence,0.08984157585358579,1.0,0.6071428571428572,0.0,0.5573652017700057
5a7f57a45542992097ad2f29,hotpotqa::danish_social_liberal_party::945a78115a,False,True,3,semantic_fluent_false_evidence,0.041457809879442496,1.0,0.5833333333333333,0.0,0.5332497906184437
5a7f57a45542992097ad2f29,hotpotqa::ecological_intervention::455c3d4d1c,False,False,3,semantic_fluent_false_evidence,0.4029145511487273,1.0,0.8947368421052632,0.0,0.7401131888805436
5a7f57a45542992097ad2f29,hotpotqa::martin_heidegger_and_nazism::3bae4cfa19,False,False,3,semantic_fluent_false_evidence,0.39134400469665,1.0,0.9016393442622951,0.0,0.7368654707311191
5a7f57a45542992097ad2f29,hotpotqa::national_convention_party_(gambia)::803afb9e80,False,False,3,semantic_fluent_false_evidence,0.07071067811865475,1.0,0.8571428571428572,0.0,0.5997128426760334
5a7f57a45542992097ad2f29,hotpotqa::papua_new_guinea_greens::8b9c9f180d,False,False,3,semantic_fluent_false_evidence,0.5760859310901456,1.0,0.9047619047619048,0.0,0.8113867533884391
5a7f57a45542992097ad2f29,hotpotqa::otto_strasser::fa7015c281,False,False,3,semantic_fluent_false_evidence,0.2880429655450728,1.0,0.9,0.0,0.6952171862180292
5a7f57a45542992097ad2f29,hotpotqa::syriza::7cbeb76461,False,False,3,semantic_fluent_false_evidence,0.28925703095098754,1.0,0.8285714285714285,0.0,0.6814170980946808
5a7f57a45542992097ad2f29,hotpotqa::radical_left_(france)::5e17c548b5,False,False,3,semantic_fluent_false_evidence,0.08660254037844387,1.0,0.6666666666666667,0.0,0.5679743494847109
5a7f57a45542992097ad2f29,hotpotqa::rexist_party::c58384cb15,False,False,3,semantic_fluent_false_evidence,0.3311745651107957,1.0,0.9,0.0,0.7124698260443183
5a7cb8bc554299452d57b9be,hotpotqa::ullevaal_stadion::ca07707645,False,False,3,semantic_fluent_false_evidence,0.23062374497485916,1.0,0.7307692307692308,0.0,0.6384033441437899
5a7cb8bc554299452d57b9be,poison::semantic_fluent_false_evidence::5a7cb8bc554299452d57b9be::1::3d57b0ca05,True,False,3,semantic_fluent_false_evidence,0.07948623679425842,0.0,0.45945945945945943,0.0,0.12368638660959526
5a7cb8bc554299452d57b9be,poison::semantic_fluent_false_evidence::5a7cb8bc554299452d57b9be::2::4f716cf25c,True,False,3,semantic_fluent_false_evidence,0.36314597615834876,0.25,0.33333333333333337,0.0,0.3119250571300062
5a7cb8bc554299452d57b9be,hotpotqa::subiaco_oval::fdd4d97fc6,False,False,3,semantic_fluent_false_evidence,0.1863703094674669,1.0,0.7818181818181819,0.0,0.6309117601506231
5a7cb8bc554299452d57b9be,hotpotqa::gaddafi_stadium::116bf9f3ba,False,True,3,semantic_fluent_false_evidence,0.29474565306378986,0.75,0.6285714285714286,0.0,0.5436125469398017
5a7cb8bc554299452d57b9be,hotpotqa::lahore_lions::9b5adb710a,False,False,3,semantic_fluent_false_evidence,0.041457809879442496,1.0,0.6666666666666667,0.0,0.5499164572851104
5a7cb8bc554299452d57b9be,hotpotqa::oleai_sports_complex::a73dc71653,False,False,3,semantic_fluent_false_evidence,0.5937171043518958,1.0,0.64,0.0,0.7654868417407583
5a7cb8bc554299452d57b9be,hotpotqa::lahore_eagles::32e8463fc6,False,True,3,semantic_fluent_false_evidence,0.17809758560968758,0.5,0.625,0.0,0.396239034243875
5a7cb8bc554299452d57b9be,poison::semantic_fluent_false_evidence::5a7cb8bc554299452d57b9be::0::0fbe7cc768,True,False,3,semantic_fluent_false_evidence,0.18507810593582122,0.25,0.7307692307692308,0.0,0.3201850885281746
5a7cb8bc554299452d57b9be,hotpotqa::dr_pepper_ballpark::48b8a14d47,False,False,3,semantic_fluent_false_evidence,0.3625304156790481,1.0,0.7906976744186046,0.0,0.7031517011553402
5a7cb8bc554299452d57b9be,"hotpotqa::aamer_iqbal_(cricketer,_born_1990)::36233298ef",False,False,3,semantic_fluent_false_evidence,0.0,1.0,0.9166666666666666,0.0,0.5833333333333333
5a7cb8bc554299452d57b9be,hotpotqa::azhar_ali::1953193578,False,False,3,semantic_fluent_false_evidence,0.15155444566227677,1.0,0.8235294117647058,0.0,0.6253276606178518
5abecdf45542997719eab5d4,hotpotqa::lake_wales_ridge_national_wildlife_refuge::025fbeaa1d,False,True,3,semantic_fluent_false_evidence,0.041457809879442496,0.0,0.7352941176470589,0.0,0.16364194748118877
5abecdf45542997719eab5d4,poison::semantic_fluent_false_evidence::5abecdf45542997719eab5d4::1::9186b90a6b,True,False,3,semantic_fluent_false_evidence,0.021650635094610966,0.0,0.5333333333333333,0.0,0.11532692070451105
5abecdf45542997719eab5d4,poison::semantic_fluent_false_evidence::5abecdf45542997719eab5d4::2::09e5d705ea,True,False,3,semantic_fluent_false_evidence,0.04330127018922193,0.0,0.5384615384615384,0.0,0.12501281576799644
5abecdf45542997719eab5d4,poison::semantic_fluent_false_evidence::5abecdf45542997719eab5d4::0::f1b1bcaee1,True,False,3,semantic_fluent_false_evidence,0.0,0.0,0.59375,0.0,0.11875
5abecdf45542997719eab5d4,hotpotqa::florida_scrub::0e7543116d,False,False,3,semantic_fluent_false_evidence,0.12771665227259307,1.0,0.7878787878787878,0.0,0.6086624184847949
5abecdf45542997719eab5d4,hotpotqa::audubon_national_wildlife_refuge::14f85677d4,False,False,3,semantic_fluent_false_evidence,0.07071067811865475,1.0,0.7647058823529411,0.0,0.5812254477180502
5abecdf45542997719eab5d4,hotpotqa::medicine_lake_national_wildlife_refuge::99a5867d74,False,False,3,semantic_fluent_false_evidence,0.08291561975888499,1.0,0.7714285714285715,0.0,0.5874519621892682
5abecdf45542997719eab5d4,hotpotqa::florida_peninsula_inland_scrub::4b13b60862,False,False,3,semantic_fluent_false_evidence,0.13684270485857047,1.0,0.3584905660377359,0.0,0.5264351951509754
5abecdf45542997719eab5d4,hotpotqa::pahranagat_national_wildlife_refuge::719f3ecd2e,False,False,3,semantic_fluent_false_evidence,0.04330127018922193,1.0,0.7777777777777778,0.0,0.5728760636312443
5abecdf45542997719eab5d4,hotpotqa::nantucket_national_wildlife_refuge::81bf1ed855,False,False,3,semantic_fluent_false_evidence,0.10897247358851685,1.0,0.8676470588235294,0.0,0.6171184012001126
5abecdf45542997719eab5d4,"hotpotqa::palm_beach_county,_florida::dd0e0ff7f5",False,False,3,semantic_fluent_false_evidence,0.0649519052838329,1.0,0.8636363636363636,0.0,0.5987080348408058
5abecdf45542997719eab5d4,"hotpotqa::cloud_lake,_florida::9dfa8ec7e6",False,False,3,semantic_fluent_false_evidence,0.11401194830787668,1.0,0.6153846153846154,0.0,0.5686817024000738
5abecdf45542997719eab5d4,"hotpotqa::gainesville,_florida::569b54d0a3",False,False,3,semantic_fluent_false_evidence,0.14715873793431689,1.0,0.5384615384615384,0.0,0.5665558028660345
5abecdf45542997719eab5d4,"hotpotqa::palm_springs,_florida::bcd1e0c341",False,False,3,semantic_fluent_false_evidence,0.1299038105676658,1.0,0.3076923076923077,0.0,0.5134999857655279
5abecdf45542997719eab5d4,"hotpotqa::davenport,_florida::eb0a586480",False,True,3,semantic_fluent_false_evidence,0.1224744871391589,1.0,0.5625,0.0,0.5614897948556636
5a72abb95542992359bc3162,hotpotqa::cars_3::30844e3b23,False,True,3,semantic_fluent_false_evidence,0.08660254037844387,0.0,0.7941176470588236,0.0,0.19346454556314224
5a72abb95542992359bc3162,hotpotqa::r9_(new_york_city_subway_car)::d778022ba5,False,False,3,semantic_fluent_false_evidence,0.15,1.0,0.9523809523809523,0.0,0.6504761904761904
5a72abb95542992359bc3162,hotpotqa::cars_3_(2009_film)::a558e8294f,False,False,3,semantic_fluent_false_evidence,0.04665063509461097,0.0,0.7777777777777778,0.0,0.17421580959339994
5a72abb95542992359bc3162,hotpotqa::big_12_conference_football::750f6ef4c7,False,False,3,semantic_fluent_false_evidence,0.8757139944068497,1.0,0.9393939393939394,0.0,0.9381643856415277
5a72abb95542992359bc3162,hotpotqa::cars_3:_driven_to_win::9c91e850f0,False,False,3,semantic_fluent_false_evidence,0.3993674910383469,0.5,0.8269230769230769,0.0,0.5251316117999542
5a72abb95542992359bc3162,hotpotqa::frozen_(2013_film)::2ab9d4d614,False,False,3,semantic_fluent_false_evidence,0.37307391914604493,0.75,0.7659574468085106,0.0,0.60242105702012
5a72abb95542992359bc3162,hotpotqa::lyman_school_for_boys::efcb7b7248,False,False,3,semantic_fluent_false_evidence,0.6062177826491071,1.0,0.9230769230769231,0.0,0.8271024976750274
5a72abb95542992359bc3162,poison::semantic_fluent_false_evidence::5ab3a83d5542992ade7c6e08::2::c013e7645f,False,False,3,semantic_fluent_false_evidence,0.562916512459885,1.0,0.972972972972973,0.0,0.8197611995785486
5a72abb95542992359bc3162,hotpotqa::jackass:_the_movie::8837e67e93,False,False,3,semantic_fluent_false_evidence,0.5196152422706632,1.0,0.7,0.0,0.7478460969082652
5a72abb95542992359bc3162,hotpotqa::billy:_the_early_years::b1b454d1a6,False,False,3,semantic_fluent_false_evidence,0.4763139720814412,1.0,0.7222222222222222,0.0,0.7349700332770209
5a72abb95542992359bc3162,hotpotqa::smith!::7378660e29,False,True,3,semantic_fluent_false_evidence,0.48531306408635355,0.75,0.625,0.0,0.6191252256345414
5a72abb95542992359bc3162,hotpotqa::lightning_mcqueen::78054c8860,False,False,3,semantic_fluent_false_evidence,0.04330127018922193,1.0,0.8208955223880597,0.0,0.5814996125533007
5a72abb95542992359bc3162,poison::semantic_fluent_false_evidence::5a72abb95542992359bc3162::1::ad321cd519,True,False,3,semantic_fluent_false_evidence,0.0,1.0,0.7391304347826086,0.0,0.5478260869565217
5a72abb95542992359bc3162,hotpotqa::paul_newman::92c6c8f279,False,False,3,semantic_fluent_false_evidence,0.43229041164476456,1.0,0.8493150684931507,0.0,0.742779178356536
5a72abb95542992359bc3162,hotpotqa::spider-man_3::dfe46289cd,False,False,3,semantic_fluent_false_evidence,0.18708286933869706,1.0,0.898876404494382,0.0,0.6546084286343552
5a72abb95542992359bc3162,hotpotqa::mater_(cars)::60ac3df5c3,False,False,3,semantic_fluent_false_evidence,0.21650635094610968,1.0,0.6571428571428571,0.0,0.6180311118070153
5ae5b25d5542990ba0bbb2bb,poison::semantic_fluent_false_evidence::5ae5b25d5542990ba0bbb2bb::2::46a715ce32,True,False,3,semantic_fluent_false_evidence,0.04665063509461097,0.0,0.26190476190476186,0.0,0.07104120641879677
5ae5b25d5542990ba0bbb2bb,poison::semantic_fluent_false_evidence::5ae5b25d5542990ba0bbb2bb::0::c777293f8d,True,False,3,semantic_fluent_false_evidence,0.035355339059327376,0.0,0.42105263157894735,0.0,0.09835266193952041
5ae5b25d5542990ba0bbb2bb,poison::semantic_fluent_false_evidence::5ae5b25d5542990ba0bbb2bb::1::1764573354,True,False,3,semantic_fluent_false_evidence,0.25980762113533157,1.0,0.4339622641509434,0.0,0.5907155012843213
5ae5b25d5542990ba0bbb2bb,hotpotqa::slavery_in_libya::c1d52b0d2c,False,False,3,semantic_fluent_false_evidence,0.7361215932167728,1.0,1.0,0.0,0.8944486372867091
5ae5b25d5542990ba0bbb2bb,hotpotqa::science_supercourse::ffb8bdbee7,False,False,3,semantic_fluent_false_evidence,0.6928203230275509,1.0,0.9193548387096774,0.0,0.8609990969529558
5ae5b25d5542990ba0bbb2bb,hotpotqa::music_for_dogs::4ca728a003,False,False,3,semantic_fluent_false_evidence,0.649519052838329,1.0,0.8604651162790697,0.0,0.8319006443911455
5ae5b25d5542990ba0bbb2bb,hotpotqa::women's_missionary_and_service_commission::6056aecde9,False,False,3,semantic_fluent_false_evidence,0.6062177826491071,1.0,0.8620689655172413,0.0,0.8149009061630912
5ae5b25d5542990ba0bbb2bb,hotpotqa::valens_aqueduct::cf6f529811,False,False,3,semantic_fluent_false_evidence,0.5612486080160912,1.0,0.8461538461538461,0.0,0.7937302124372058
5ae5b25d5542990ba0bbb2bb,hotpotqa::caistor::2513df5ab0,False,False,3,semantic_fluent_false_evidence,0.5760859310901456,1.0,0.975609756097561,0.0,0.8255563236555705
5ae5b25d5542990ba0bbb2bb,"hotpotqa::gerold,_prefect_of_bavaria::f482d8de13",False,False,3,semantic_fluent_false_evidence,0.4763139720814412,1.0,0.9080459770114943,0.0,0.7721347842348754
5ae5b25d5542990ba0bbb2bb,hotpotqa::roman_karmen::8e0651ce08,False,True,3,semantic_fluent_false_evidence,0.3897114317029974,0.75,0.65,0.0,0.585884572681199
5ae5b25d5542990ba0bbb2bb,hotpotqa::christopher_guest::504db32b6f,False,True,3,semantic_fluent_false_evidence,0.2927047004074647,1.0,0.7142857142857143,0.0,0.6599390230201287
5ae5b25d5542990ba0bbb2bb,hotpotqa::oleg_makara::638b62e3f0,False,False,3,semantic_fluent_false_evidence,0.6796138609534094,1.0,0.8478260869565217,0.0,0.8414107617726682
5ae5b25d5542990ba0bbb2bb,hotpotqa::christopher_bassford::4843b091d1,False,False,3,semantic_fluent_false_evidence,0.6442049363362563,1.0,0.8876404494382022,0.0,0.835210064422143
5ae5b25d5542990ba0bbb2bb,hotpotqa::nuremberg_trials_(film)::c528ccda25,False,False,3,semantic_fluent_false_evidence,0.5874349062931895,1.0,0.5882352941176471,0.0,0.7526210213408052
5ae5b25d5542990ba0bbb2bb,hotpotqa::the_true_adventures_of_wolfboy::96afb093f9,False,False,3,semantic_fluent_false_evidence,0.16393596310755001,1.0,0.8260869565217391,0.0,0.6307917765473678
5ae5b25d5542990ba0bbb2bb,hotpotqa::chris_white_(musician)::5861f702e2,False,False,3,semantic_fluent_false_evidence,0.5196152422706632,1.0,0.6666666666666667,0.0,0.7411794302415986
5ae5b25d5542990ba0bbb2bb,hotpotqa::ivo_andrić::5ca5b3b4da,False,False,3,semantic_fluent_false_evidence,0.4866980583482946,1.0,0.8666666666666667,0.0,0.7680125566726511
5ae5e62455429929b0807a07,poison::semantic_fluent_false_evidence::5ae5e62455429929b0807a07::2::5461ce3d61,True,False,3,semantic_fluent_false_evidence,0.035355339059327376,0.0,0.6285714285714286,0.0,0.13985642133801665
5ae5e62455429929b0807a07,poison::semantic_fluent_false_evidence::5ae5e62455429929b0807a07::0::ba960049c4,True,False,3,semantic_fluent_false_evidence,0.041457809879442496,0.0,0.5294117647058824,0.0,0.12246547689295346
5ae5e62455429929b0807a07,poison::semantic_fluent_false_evidence::5ae5e62455429929b0807a07::1::d27898a1e6,True,False,3,semantic_fluent_false_evidence,0.041457809879442496,0.0,0.6285714285714286,0.0,0.1422974096660627
5ae5e62455429929b0807a07,hotpotqa::giovanna_d'arco::31adbb4c1a,False,True,3,semantic_fluent_false_evidence,0.383071442464635,0.75,0.7142857142857143,0.0,0.5960857198429969
5ae5e62455429929b0807a07,hotpotqa::giovanna_d'arco_al_rogo::c0a7b3927d,False,False,3,semantic_fluent_false_evidence,0.46185401351831773,1.0,0.868421052631579,0.0,0.7584258159336429
5ae5e62455429929b0807a07,hotpotqa::giovanna_gray::3ee6c96d3e,False,False,3,semantic_fluent_false_evidence,0.43165703170852354,1.0,0.7142857142857143,0.0,0.7155199555405523
5ae5e62455429929b0807a07,hotpotqa::santa_maria_del_rosario_a_portamedina::e0476695be,False,False,3,semantic_fluent_false_evidence,0.15811388300841897,1.0,0.8125,0.0,0.6257455532033676
5ae5e62455429929b0807a07,hotpotqa::jacopo_puccini::fbca4c1f36,False,False,3,semantic_fluent_false_evidence,0.10590169943749475,1.0,0.7916666666666666,0.0,0.6006940131083313
5ae5e62455429929b0807a07,hotpotqa::heather_stevens::9c24f6730d,False,False,3,semantic_fluent_false_evidence,0.5196152422706632,1.0,0.9464285714285714,0.0,0.7971318111939796
5ae5e62455429929b0807a07,hotpotqa::la_fanciulla_del_west::fa121f30b9,False,False,3,semantic_fluent_false_evidence,0.47103609203541935,1.0,0.8524590163934427,0.0,0.7589062400928562
5ae5e62455429929b0807a07,hotpotqa::giuseppe_verdi::7a23521900,False,True,3,semantic_fluent_false_evidence,0.04330127018922193,1.0,0.6666666666666667,0.0,0.5506538414090222
5ae5e62455429929b0807a07,hotpotqa::béla_bartók::4db99c7999,False,False,3,semantic_fluent_false_evidence,0.1118033988749895,1.0,1.0,0.0,0.6447213595499959
5ae5e62455429929b0807a07,hotpotqa::alexander_borodin::b3cd4eb33e,False,False,3,semantic_fluent_false_evidence,0.18708286933869706,1.0,0.9428571428571428,0.0,0.6634045763069074
5ae0120155429925eb1afbfb,poison::semantic_fluent_false_evidence::5ae0120155429925eb1afbfb::2::786b3dd4cc,True,False,3,semantic_fluent_false_evidence,0.021650635094610966,0.0,0.625,0.0,0.13366025403784437
5ae0120155429925eb1afbfb,poison::semantic_fluent_false_evidence::5ae0120155429925eb1afbfb::1::a6c34bbb63,True,False,3,semantic_fluent_false_evidence,0.025,0.0,0.6,0.0,0.13
5ae0120155429925eb1afbfb,poison::semantic_fluent_false_evidence::5ae0120155429925eb1afbfb::0::64dd5dd1d2,True,False,3,semantic_fluent_false_evidence,0.025,0.0,0.5862068965517242,0.0,0.12724137931034485
5ae0120155429925eb1afbfb,"hotpotqa::kim_dong-won_(director,_born_1962)::c353ae32ca",False,True,3,semantic_fluent_false_evidence,0.10825317547305482,0.25,0.7222222222222222,0.0,0.2877457146336664
5ae0120155429925eb1afbfb,hotpotqa::cherry_tomato_(film)::6aa4fe5aff,False,False,3,semantic_fluent_false_evidence,0.1299038105676658,1.0,0.8666666666666667,0.0,0.6252948575603996
5ae0120155429925eb1afbfb,hotpotqa::between_love_and_hate::ed94063cd1,False,False,3,semantic_fluent_false_evidence,0.55,1.0,0.6896551724137931,0.0,0.7579310344827587
5ae0120155429925eb1afbfb,hotpotqa::muffin_top:_a_love_story::32ba8eea22,False,False,3,semantic_fluent_false_evidence,0.2958039891549808,1.0,0.9090909090909091,0.0,0.7001397774801742
5ae0120155429925eb1afbfb,hotpotqa::the_attorney::ae91ccfc92,False,False,3,semantic_fluent_false_evidence,0.55,1.0,0.8333333333333334,0.0,0.7866666666666667
5ae0120155429925eb1afbfb,hotpotqa::the_houses_october_built::be5d569d80,False,False,3,semantic_fluent_false_evidence,0.3,1.0,0.9411764705882353,0.0,0.7082352941176471
5ae0120155429925eb1afbfb,hotpotqa::r2b:_return_to_base::a737559c54,False,False,3,semantic_fluent_false_evidence,0.30458627274372674,1.0,0.8775510204081632,0.0,0.6973447131791233
5ae0120155429925eb1afbfb,"hotpotqa::kim_dong-won_(filmmaker,_born_1955)::40ff7bdb49",False,False,3,semantic_fluent_false_evidence,0.0,1.0,0.6428571428571428,0.0,0.5285714285714286
5ae0120155429925eb1afbfb,hotpotqa::city_of_damnation::8341f8d7a3,False,False,3,semantic_fluent_false_evidence,0.0,1.0,0.8235294117647058,0.0,0.5647058823529412
5ae0120155429925eb1afbfb,"hotpotqa::my_boss,_my_teacher::aa1cec8180",False,True,3,semantic_fluent_false_evidence,0.225,1.0,0.5,0.0,0.5900000000000001
5ae0120155429925eb1afbfb,hotpotqa::eleventh_mom::00547aae12,False,False,3,semantic_fluent_false_evidence,0.15155444566227677,1.0,0.7142857142857143,0.0,0.6034789211220536
5ae0120155429925eb1afbfb,hotpotqa::thread_of_lies::6b190dcdaa,False,False,3,semantic_fluent_false_evidence,0.24665063509461096,1.0,0.7391304347826086,0.0,0.6464863409943662
5ae0120155429925eb1afbfb,hotpotqa::harry_potter_and_the_philosopher's_stone_(film)::2fbee113f5,False,False,3,semantic_fluent_false_evidence,0.04330127018922193,1.0,0.9454545454545454,0.0,0.6064114171665979
5abffc0d5542990832d3a1e2,poison::semantic_fluent_false_evidence::5abffc0d5542990832d3a1e2::0::f3e0de7370,True,False,3,semantic_fluent_false_evidence,0.05448623679425842,0.0,0.2142857142857143,0.0,0.06465163757484624
5abffc0d5542990832d3a1e2,poison::semantic_fluent_false_evidence::5abffc0d5542990832d3a1e2::1::4bd1d5af7e,True,False,3,semantic_fluent_false_evidence,0.08291561975888499,0.75,0.27586206896551724,0.0,0.38833866169665743
5abffc0d5542990832d3a1e2,poison::semantic_fluent_false_evidence::5abffc0d5542990832d3a1e2::2::ecb7bdfd71,True,False,3,semantic_fluent_false_evidence,0.125,0.25,0.41666666666666663,0.0,0.2333333333333333
5abffc0d5542990832d3a1e2,hotpotqa::harry_s_truman_birthplace_state_historic_site::382433f092,False,False,3,semantic_fluent_false_evidence,0.04330127018922193,0.0,0.7878787878787878,0.0,0.17489626565144634
5abffc0d5542990832d3a1e2,hotpotqa::harry_s._truman::e2a8c53fcc,False,True,3,semantic_fluent_false_evidence,0.35270529982916077,0.75,0.8433734939759037,0.0,0.6097568187268451
5abffc0d5542990832d3a1e2,hotpotqa::pioneer_instrument_company::1104205411,False,False,3,semantic_fluent_false_evidence,0.649519052838329,1.0,0.9318181818181819,0.0,0.8461712574989679
5abffc0d5542990832d3a1e2,hotpotqa::theodor_szehinskyj::2a6aff5509,False,False,3,semantic_fluent_false_evidence,0.5700877125495689,1.0,0.926829268292683,0.0,0.8134009386783643
5abffc0d5542990832d3a1e2,hotpotqa::japanese_instrument_of_surrender::0886dfea9d,False,False,3,semantic_fluent_false_evidence,0.562916512459885,1.0,0.7906976744186046,0.0,0.7833061398676749
5abffc0d5542990832d3a1e2,hotpotqa::music_of_the_sun::b5c43a8a19,False,False,3,semantic_fluent_false_evidence,0.7141428428542851,1.0,0.9454545454545454,0.0,0.8747480462326231
5abffc0d5542990832d3a1e2,"hotpotqa::paulding,_mississippi::8e4a0877f0",False,False,3,semantic_fluent_false_evidence,0.4763139720814412,1.0,0.8285714285714285,0.0,0.7562398745468621
5abffc0d5542990832d3a1e2,"hotpotqa::lamar,_missouri::be353c7baa",False,True,3,semantic_fluent_false_evidence,0.0,1.0,0.5384615384615384,0.0,0.5076923076923077
5abffc0d5542990832d3a1e2,"hotpotqa::gilbert_du_motier,_marquis_de_lafayette::2b81fdce6c",False,False,3,semantic_fluent_false_evidence,0.16583123951776998,1.0,0.9166666666666666,0.0,0.6496658291404414
5abffc0d5542990832d3a1e2,hotpotqa::sousaphone::e26c4b6f17,False,False,3,semantic_fluent_false_evidence,0.562916512459885,1.0,0.927710843373494,0.0,0.8107087736586529
5abffc0d5542990832d3a1e2,hotpotqa::david_rice_atchison::c8277f77f7,False,False,3,semantic_fluent_false_evidence,0.3833294298382176,1.0,0.8431372549019608,0.0,0.7219592229156792
5abffc0d5542990832d3a1e2,hotpotqa::benjamin_lincoln::ad61aca78f,False,False,3,semantic_fluent_false_evidence,0.10897247358851685,1.0,0.8,0.0,0.6035889894354067
5ae6914755429908198fa627,hotpotqa::brian_olsen::5614bae2fd,False,True,3,semantic_fluent_false_evidence,0.05448623679425842,0.0,0.4666666666666667,0.0,0.11512782805103669
5ae6914755429908198fa627,poison::semantic_fluent_false_evidence::5ae6914755429908198fa627::1::24acfd6e4d,True,False,3,semantic_fluent_false_evidence,0.021650635094610966,0.0,0.4838709677419355,0.0,0.10543444758623148
5ae6914755429908198fa627,poison::semantic_fluent_false_evidence::5ae6914755429908198fa627::0::d30857ab54,True,False,3,semantic_fluent_false_evidence,0.0664578098794425,0.0,0.25,0.0,0.076583123951777
5ae6914755429908198fa627,poison::semantic_fluent_false_evidence::5ae6914755429908198fa627::2::1dcda25fd4,True,False,3,semantic_fluent_false_evidence,0.05,0.0,0.5277777777777778,0.0,0.12555555555555556
5ae6914755429908198fa627,hotpotqa::iron_mike_productions::7185f35d48,False,False,3,semantic_fluent_false_evidence,0.4421742586717009,1.0,0.9183673469387755,0.0,0.7605431728564355
5ae6914755429908198fa627,hotpotqa::wwc_universal_heavyweight_championship::578ec29919,False,False,3,semantic_fluent_false_evidence,0.19453340576761247,1.0,0.8431372549019608,0.0,0.6464408132874372
5ae6914755429908198fa627,hotpotqa::ucw-zero_heavyweight_championship::7c29392cac,False,False,3,semantic_fluent_false_evidence,0.24133851416115765,1.0,0.8796296296296297,0.0,0.6724613315903889
5ae6914755429908198fa627,hotpotqa::wec_20::e5d2bcac56,False,False,3,semantic_fluent_false_evidence,0.11519206976395949,0.25,0.625,0.0,0.2710768279055838
5ae6914755429908198fa627,hotpotqa::zuffa::5d25bd769c,False,True,3,semantic_fluent_false_evidence,0.37706801513091737,1.0,0.725,0.0,0.6958272060523669
5ae6914755429908198fa627,hotpotqa::james_irvin_(fighter)::27010c4f51,False,False,3,semantic_fluent_false_evidence,0.24094861597852335,1.0,0.64,0.0,0.6243794463914093
5ae6914755429908198fa627,hotpotqa::mcw_heavyweight_championship::586f3b4554,False,False,3,semantic_fluent_false_evidence,0.16388041973930373,1.0,0.8297872340425532,0.0,0.6315096147042321
5ae6914755429908198fa627,hotpotqa::championship_fighting_alliance::63dff2dcfd,False,False,3,semantic_fluent_false_evidence,0.19202864369671518,1.0,0.7446808510638299,0.0,0.625747627691452
5ab4f7fc5542991779162d43,hotpotqa::kete_krachi::4adde8a589,False,True,3,semantic_fluent_false_evidence,0.021650635094610966,0.0,0.6785714285714286,0.0,0.1443745397521301
5ab4f7fc5542991779162d43,poison::semantic_fluent_false_evidence::5ab4f7fc5542991779162d43::0::59744dc6e8,True,False,3,semantic_fluent_false_evidence,0.04330127018922193,0.0,0.5217391304347826,0.0,0.12166833416264529
5ab4f7fc5542991779162d43,poison::semantic_fluent_false_evidence::5ab4f7fc5542991779162d43::2::437119bc01,True,False,3,semantic_fluent_false_evidence,0.04330127018922193,0.0,0.5769230769230769,0.0,0.13270512346030414
5ab4f7fc5542991779162d43,hotpotqa::krachi_west_district::54612705a5,False,True,3,semantic_fluent_false_evidence,0.07613687188886939,0.75,0.6,0.0,0.45045474875554775
5ab4f7fc5542991779162d43,poison::semantic_fluent_false_evidence::5ab4f7fc5542991779162d43::1::6c5d0da8ba,True,False,3,semantic_fluent_false_evidence,0.04330127018922193,0.0,0.6904761904761905,0.0,0.15541574617092685
5ab4f7fc5542991779162d43,hotpotqa::dambai::8c5938dcc1,False,False,3,semantic_fluent_false_evidence,0.04330127018922193,0.75,0.25,0.0,0.3673205080756888
5ab4f7fc5542991779162d43,hotpotqa::kwadjokrom::7ef1a6fc01,False,False,3,semantic_fluent_false_evidence,0.021650635094610966,1.0,0.42105263157894735,0.0,0.4928707803536339
5ab4f7fc5542991779162d43,hotpotqa::baraki_barak::1b83302d96,False,False,3,semantic_fluent_false_evidence,0.5356071321407138,1.0,0.7,0.0,0.7542428528562855
5ab4f7fc5542991779162d43,"hotpotqa::boston,_lincolnshire::f5cf8e78b4",False,False,3,semantic_fluent_false_evidence,0.2468529918662356,1.0,0.8333333333333334,0.0,0.6654078634131609
5ab4f7fc5542991779162d43,hotpotqa::višegrad::e74da07ca1,False,False,3,semantic_fluent_false_evidence,0.31298716883187927,1.0,0.8484848484848485,0.0,0.6948918372297215
5ab4f7fc5542991779162d43,hotpotqa::bologna::da4f0ec90d,False,False,3,semantic_fluent_false_evidence,0.0,1.0,0.7692307692307692,0.0,0.5538461538461539
5ab4f7fc5542991779162d43,hotpotqa::somanya::f58b0c6bfc,False,False,3,semantic_fluent_false_evidence,0.22303079795861688,1.0,0.8461538461538461,0.0,0.658443088414216
5a75404a55429916b01642be,poison::semantic_fluent_false_evidence::5a75404a55429916b01642be::0::39ff95b9bd,True,False,3,semantic_fluent_false_evidence,0.13660254037844388,0.5,0.5576923076923077,0.0,0.3661794776898391
5a75404a55429916b01642be,poison::semantic_fluent_false_evidence::5a75404a55429916b01642be::1::6555f4e07a,True,False,3,semantic_fluent_false_evidence,0.20463381929681126,1.0,0.6153846153846154,0.0,0.6049304507956477
5a75404a55429916b01642be,hotpotqa::the_addams_family::8f88f20cca,False,True,3,semantic_fluent_false_evidence,0.738027011282105,0.75,0.875,0.0,0.770210804512842
5a75404a55429916b01642be,poison::semantic_fluent_false_evidence::5a75404a55429916b01642be::2::2c5c3eeffa,True,False,3,semantic_fluent_false_evidence,0.34832899372891046,0.25,0.6842105263157895,0.0,0.37617370275472206
5a75404a55429916b01642be,"hotpotqa::hall_of_languages,_syracuse_university::231c1553f3",False,True,3,semantic_fluent_false_evidence,0.125,1.0,0.8064516129032258,0.0,0.6112903225806452
5a75404a55429916b01642be,hotpotqa::waste_house::67920630a5,False,False,3,semantic_fluent_false_evidence,0.28343866931743544,1.0,0.8611111111111112,0.0,0.6855976899491963
5a75404a55429916b01642be,"hotpotqa::the_powerhouse_(san_luis_obispo,_california)::c25c99d13e",False,False,3,semantic_fluent_false_evidence,0.1505050989263651,1.0,0.7878787878787878,0.0,0.6177777971463037
5a75404a55429916b01642be,hotpotqa::kamp_store::f5b93444dd,False,False,3,semantic_fluent_false_evidence,0.562916512459885,1.0,0.921875,0.0,0.8095416049839541
5a75404a55429916b01642be,hotpotqa::sanheyuan::b0a1bc32d8,False,False,3,semantic_fluent_false_evidence,0.5265996942716611,1.0,0.9230769230769231,0.0,0.7952552623240491
5a75404a55429916b01642be,hotpotqa::j._l._robinson_general_store::ed220ec07c,False,False,3,semantic_fluent_false_evidence,0.4763139720814412,1.0,0.9122807017543859,0.0,0.7729817291834536
5a75404a55429916b01642be,"hotpotqa::university_of_california,_berkeley::109a70ff26",False,False,3,semantic_fluent_false_evidence,0.25980762113533157,1.0,0.8,0.0,0.6639230484541326
5a75404a55429916b01642be,hotpotqa::azusa_pacific_university::3dc0b504f0,False,False,3,semantic_fluent_false_evidence,0.08291561975888499,1.0,0.8723404255319149,0.0,0.607634333009937
5a75404a55429916b01642be,hotpotqa::museum_of_plaster_casts_(thessaloniki)::388aad3b9d,False,False,3,semantic_fluent_false_evidence,0.4620028098325718,1.0,0.8571428571428572,0.0,0.7562296953616002
5a75404a55429916b01642be,hotpotqa::saint_louis_university_madrid_campus::c87a61f7c8,False,False,3,semantic_fluent_false_evidence,0.3078342009352503,1.0,0.64,0.0,0.6511336803741001
5a8d0be85542994ba4e3dbb2,poison::semantic_fluent_false_evidence::5a8d0be85542994ba4e3dbb2::2::7bb528d55c,True,False,3,semantic_fluent_false_evidence,0.05,0.0,0.52,0.0,0.124
5a8d0be85542994ba4e3dbb2,hotpotqa::maryland_jockey_club::d6a3371235,False,True,3,semantic_fluent_false_evidence,0.025,0.0,0.6904761904761905,0.0,0.1480952380952381
5a8d0be85542994ba4e3dbb2,poison::semantic_fluent_false_evidence::5a8d0be85542994ba4e3dbb2::1::2fea3f1ecf,True,False,3,semantic_fluent_false_evidence,0.0649519052838329,0.0,0.41666666666666663,0.0,0.1093140954468665
5a8d0be85542994ba4e3dbb2,poison::semantic_fluent_false_evidence::5a8d0be85542994ba4e3dbb2::0::ef2b3fda57,True,False,3,semantic_fluent_false_evidence,0.04665063509461097,0.0,0.6086956521739131,0.0,0.140399384472627
5a8d0be85542994ba4e3dbb2,hotpotqa::2017_black-eyed_susan_stakes::db2f4e7d3f,False,False,3,semantic_fluent_false_evidence,0.2218369809027932,1.0,0.8301886792452831,0.0,0.654772528210174
5a8d0be85542994ba4e3dbb2,hotpotqa::2016_black-eyed_susan_stakes::9f37a8dd11,False,False,3,semantic_fluent_false_evidence,0.1299038105676658,1.0,0.20370370370370372,0.0,0.49270226496780706
5a8d0be85542994ba4e3dbb2,hotpotqa::2015_black-eyed_susan_stakes::b833a0e23f,False,False,3,semantic_fluent_false_evidence,0.08660254037844387,1.0,0.2692307692307693,0.0,0.4884871699975314
5a8d0be85542994ba4e3dbb2,hotpotqa::2013_black-eyed_susan_stakes::69e2833d2d,False,False,3,semantic_fluent_false_evidence,0.27948623679425844,1.0,0.35593220338983056,0.0,0.5829809353956695
5a8d0be85542994ba4e3dbb2,hotpotqa::2014_black-eyed_susan_stakes::7cc2f1b941,False,False,3,semantic_fluent_false_evidence,0.10897247358851685,1.0,0.390625,0.0,0.5217139894354068
5a8d0be85542994ba4e3dbb2,hotpotqa::2010_black-eyed_susan_stakes::2cec7b6bec,False,False,3,semantic_fluent_false_evidence,0.04330127018922193,1.0,0.2692307692307693,0.0,0.4711666619218426
5a8d0be85542994ba4e3dbb2,"hotpotqa::bowie,_maryland::6125b88306",False,True,3,semantic_fluent_false_evidence,0.1948557158514987,1.0,0.8518518518518519,0.0,0.6483126567109698
5a8d0be85542994ba4e3dbb2,"hotpotqa::ellicott_city,_maryland::2197e7a415",False,False,3,semantic_fluent_false_evidence,0.19258556423432777,1.0,0.6923076923076923,0.0,0.6154957641552696
5a8d0be85542994ba4e3dbb2,hotpotqa::borgata::0995783393,False,False,3,semantic_fluent_false_evidence,0.5717298313014636,1.0,0.8636363636363636,0.0,0.8014192052478581
5a8d0be85542994ba4e3dbb2,hotpotqa::caesars_atlantic_city::5ea1af6de2,False,False,3,semantic_fluent_false_evidence,0.33541019662496846,1.0,0.8775510204081632,0.0,0.70967428273162
5a8d0be85542994ba4e3dbb2,hotpotqa::tropicana_casino_&amp;_resort_atlantic_city::6045d71a66,False,False,3,semantic_fluent_false_evidence,0.49749371855331,1.0,0.9333333333333333,0.0,0.7856641540879907
5a74a26a55429979e28829d6,poison::semantic_fluent_false_evidence::5a74a26a55429979e28829d6::2::aa9fd0c127,True,False,3,semantic_fluent_false_evidence,0.04330127018922193,0.0,0.32432432432432434,0.0,0.08218537294055364
5a74a26a55429979e28829d6,poison::semantic_fluent_false_evidence::5a74a26a55429979e28829d6::0::359daf58c7,True,False,3,semantic_fluent_false_evidence,0.041457809879442496,0.0,0.375,0.0,0.091583123951777
5a74a26a55429979e28829d6,hotpotqa::sonata_for_solo_cello_(crumb)::00e579366c,False,False,3,semantic_fluent_false_evidence,0.11572348036383787,1.0,0.8571428571428572,0.0,0.6177179635741066
5a74a26a55429979e28829d6,poison::semantic_fluent_false_evidence::5a74a26a55429979e28829d6::1::eadc0ab07e,True,False,3,semantic_fluent_false_evidence,0.1543010054098575,1.0,0.5686274509803921,0.0,0.5754458923600214
5a74a26a55429979e28829d6,hotpotqa::béla_bartók_music_high_school::df56656438,False,False,3,semantic_fluent_false_evidence,0.2182345051760794,1.0,0.8333333333333334,0.0,0.6539604687370983
5a74a26a55429979e28829d6,hotpotqa::balázs_kocsár::b95e204116,False,False,3,semantic_fluent_false_evidence,0.6378675411086536,1.0,0.7903225806451613,0.0,0.8132115325724938
5a74a26a55429979e28829d6,hotpotqa::paul_hindemith::75d4ae3655,False,True,3,semantic_fluent_false_evidence,0.025,1.0,0.75,0.0,0.5599999999999999
5a74a26a55429979e28829d6,"hotpotqa::suite,_op._14_(bartók)::847b2bd8c1",False,False,3,semantic_fluent_false_evidence,0.3168135952892699,1.0,0.7352941176470589,0.0,0.6737842616451197
5a74a26a55429979e28829d6,hotpotqa::jacopo_puccini::fbca4c1f36,False,False,3,semantic_fluent_false_evidence,0.31429385792959,1.0,0.7083333333333333,0.0,0.6673842098385027
5a74a26a55429979e28829d6,hotpotqa::palace_of_music_(miskolc)::323a9bf468,False,False,3,semantic_fluent_false_evidence,0.1690234616265059,1.0,0.75,0.0,0.6176093846506023
5a74a26a55429979e28829d6,hotpotqa::béla_bartók::4db99c7999,False,True,3,semantic_fluent_false_evidence,0.14412512223376986,1.0,0.59375,0.0,0.5764000488935079
5a74a26a55429979e28829d6,hotpotqa::string_quartet_no._6_(bartók)::f44c5c6d0e,False,False,3,semantic_fluent_false_evidence,0.16583123951776998,1.0,0.875,0.0,0.6413324958071079
5a74a26a55429979e28829d6,hotpotqa::list_of_string_quartets_by_béla_bartók::a893410052,False,False,3,semantic_fluent_false_evidence,0.04330127018922193,1.0,0.8131868131868132,0.0,0.5799578707130515
5a74a26a55429979e28829d6,hotpotqa::list_of_compositions_by_béla_bartók::7927ca1cab,False,False,3,semantic_fluent_false_evidence,0.21650635094610965,1.0,0.8604651162790697,0.0,0.6586955636342579
5a74a26a55429979e28829d6,hotpotqa::giuseppe_verdi::7a23521900,False,False,3,semantic_fluent_false_evidence,0.15811388300841897,1.0,0.8,0.0,0.6232455532033676
5a8319b255429940e5e1a960,poison::semantic_fluent_false_evidence::5a8319b255429940e5e1a960::0::f8030c90fc,True,False,3,semantic_fluent_false_evidence,0.05590169943749475,0.0,0.5,0.0,0.1223606797749979
5a8319b255429940e5e1a960,poison::semantic_fluent_false_evidence::5a8319b255429940e5e1a960::2::ae4198728c,True,False,3,semantic_fluent_false_evidence,0.025,0.0,0.5294117647058824,0.0,0.11588235294117648
5a8319b255429940e5e1a960,poison::semantic_fluent_false_evidence::5a8319b255429940e5e1a960::1::a588edce44,True,False,3,semantic_fluent_false_evidence,0.041457809879442496,0.0,0.38095238095238093,0.0,0.0927736001422532
5a8319b255429940e5e1a960,hotpotqa::alf_clausen::ae7c965b6d,False,True,3,semantic_fluent_false_evidence,0.361420807370024,0.75,0.7407407407407407,0.0,0.5927164710961577
5a8319b255429940e5e1a960,hotpotqa::the_simpsons_theme::90225a72fa,False,True,3,semantic_fluent_false_evidence,0.035355339059327376,0.0,0.8717948717948718,0.0,0.1885011099827053
5a8319b255429940e5e1a960,hotpotqa::richard_pleasance::ca9aaccd12,False,False,3,semantic_fluent_false_evidence,0.649519052838329,1.0,0.9565217391304348,0.0,0.8511119689614185
5a8319b255429940e5e1a960,hotpotqa::disney's_adventures_of_the_gummi_bears::d5d8b57a85,False,False,3,semantic_fluent_false_evidence,0.1690234616265059,1.0,0.9213483146067416,0.0,0.6518790475719507
5a8319b255429940e5e1a960,hotpotqa::larry_groupé::59abcbd4e2,False,False,3,semantic_fluent_false_evidence,0.3164578098794425,1.0,0.8571428571428572,0.0,0.6980116953803485
5a8319b255429940e5e1a960,hotpotqa::diwa_de_leon::83d94d8723,False,False,3,semantic_fluent_false_evidence,0.41305649870474276,1.0,0.8723404255319149,0.0,0.73969068458828
5a8319b255429940e5e1a960,hotpotqa::musical_composition::bde0013a93,False,False,3,semantic_fluent_false_evidence,0.4763139720814412,1.0,0.9175257731958762,0.0,0.7740307434717517
5a8319b255429940e5e1a960,hotpotqa::bruce_rowland::d4010ab1d8,False,False,3,semantic_fluent_false_evidence,0.5338539126015656,1.0,0.8888888888888888,0.0,0.791319342818404
5a8319b255429940e5e1a960,hotpotqa::list_of_meine_liebe_episodes::e66c1d1e7e,False,False,3,semantic_fluent_false_evidence,0.07071067811865475,1.0,0.9152542372881356,0.0,0.611335118705089
5a8319b255429940e5e1a960,hotpotqa::spider-man:_the_new_animated_series::3190d14a0f,False,False,3,semantic_fluent_false_evidence,0.27726341266023546,1.0,0.8727272727272728,0.0,0.6854508196095488
5a7aa0a55542990198eaf165,poison::semantic_fluent_false_evidence::5a7aa0a55542990198eaf165::1::e83bbfc062,True,False,3,semantic_fluent_false_evidence,0.0,0.0,0.5,0.0,0.1
5a7aa0a55542990198eaf165,poison::semantic_fluent_false_evidence::5a7aa0a55542990198eaf165::2::5981907287,True,False,3,semantic_fluent_false_evidence,0.08660254037844387,0.0,0.36585365853658536,0.0,0.10781174785869463
5a7aa0a55542990198eaf165,hotpotqa::jalachhayam::226d4ab863,False,False,3,semantic_fluent_false_evidence,0.08926785535678564,1.0,0.6153846153846154,0.0,0.5587840652196373
5a7aa0a55542990198eaf165,hotpotqa::laloorinu_parayanullathu::335f28d360,False,False,3,semantic_fluent_false_evidence,0.15155444566227677,1.0,0.6060606060606061,0.0,0.5818338994770319
5a7aa0a55542990198eaf165,poison::semantic_fluent_false_evidence::5a7aa0a55542990198eaf165::0::ad1c383ebd,True,False,3,semantic_fluent_false_evidence,0.07755233453210572,0.0,0.40909090909090906,0.0,0.11283911563102408
5a7aa0a55542990198eaf165,hotpotqa::sathish_kalathil::7956fc4cb9,False,True,3,semantic_fluent_false_evidence,0.11766495694296855,0.75,0.5714285714285714,0.0,0.4613516970629017
5a7aa0a55542990198eaf165,hotpotqa::veena_vaadanam::a0f38763ee,False,False,3,semantic_fluent_false_evidence,0.18008951620956024,1.0,0.7,0.0,0.612035806483824
5a7aa0a55542990198eaf165,hotpotqa::house_of_capet::0be7b9f73d,False,False,3,semantic_fluent_false_evidence,0.562916512459885,1.0,0.8727272727272728,0.0,0.7997120595294086
5a7aa0a55542990198eaf165,hotpotqa::heather_stevens::9c24f6730d,False,False,3,semantic_fluent_false_evidence,0.5196152422706632,1.0,0.9454545454545454,0.0,0.7969370059991744
5a7aa0a55542990198eaf165,hotpotqa::jacques_feyder::acb7c95bc4,False,True,3,semantic_fluent_false_evidence,0.24906820257786413,1.0,0.7741935483870968,0.0,0.654465990708565
5a7aa0a55542990198eaf165,hotpotqa::søren_kierkegaard::25180dc354,False,False,3,semantic_fluent_false_evidence,0.08291561975888499,1.0,0.9493670886075949,0.0,0.623039665625073
5a7aa0a55542990198eaf165,hotpotqa::halldór_laxness::3021d96b14,False,False,3,semantic_fluent_false_evidence,0.05,1.0,0.9285714285714286,0.0,0.6057142857142856
5a7aa0a55542990198eaf165,hotpotqa::l'atlantide_(1921_film)::5ebf0ad928,False,False,3,semantic_fluent_false_evidence,0.6458852008519873,1.0,0.6428571428571428,0.0,0.7869255089122235
5a7aa0a55542990198eaf165,poison::semantic_fluent_false_evidence::5a8319b255429940e5e1a960::2::ae4198728c,False,False,3,semantic_fluent_false_evidence,0.30541786976430463,1.0,0.75,0.0,0.6721671479057219
5ae291bb5542996483e649f6,poison::semantic_fluent_false_evidence::5ae291bb5542996483e649f6::2::749d1ed592,True,False,3,semantic_fluent_false_evidence,0.0,0.0,0.2857142857142857,0.0,0.05714285714285714
5ae291bb5542996483e649f6,hotpotqa::premiere_(magazine)::300fd7849a,False,True,3,semantic_fluent_false_evidence,0.04665063509461097,0.25,0.8571428571428572,0.0,0.29008882546641584
5ae291bb5542996483e649f6,hotpotqa::hachette_filipacchi_media_u.s.::c73f1bd736,False,False,3,semantic_fluent_false_evidence,0.08291561975888499,0.5,0.7692307692307692,0.0,0.3870124017497078
5ae291bb5542996483e649f6,poison::semantic_fluent_false_evidence::5ae291bb5542996483e649f6::0::12b3fa62bf,True,False,3,semantic_fluent_false_evidence,0.041457809879442496,0.0,0.25,0.0,0.066583123951777
5ae291bb5542996483e649f6,hotpotqa::car_and_driver::3c430d48b1,False,False,3,semantic_fluent_false_evidence,0.11519206976395949,1.0,0.9047619047619048,0.0,0.6270292088579648
5ae291bb5542996483e649f6,poison::semantic_fluent_false_evidence::5ae291bb5542996483e649f6::1::72e478f12f,True,False,3,semantic_fluent_false_evidence,0.041457809879442496,0.25,0.5517241379310345,0.0,0.2269279515379839
5ae291bb5542996483e649f6,hotpotqa::george_(magazine)::0faa98a7de,False,False,3,semantic_fluent_false_evidence,0.1299038105676658,1.0,0.9,0.0,0.6319615242270663
5ae291bb5542996483e649f6,hotpotqa::home_(magazine)::85c942b191,False,False,3,semantic_fluent_false_evidence,0.12235821169343142,1.0,0.33333333333333337,0.0,0.5156099513440393
5ae291bb5542996483e649f6,hotpotqa::metropolitan_home::8e69afc406,False,False,3,semantic_fluent_false_evidence,0.203100960115899,1.0,0.9333333333333333,0.0,0.6679070507130263
5ae291bb5542996483e649f6,hotpotqa::lagardère_group::1681fa00d0,False,False,3,semantic_fluent_false_evidence,0.13566258340248766,1.0,0.9315068493150684,0.0,0.6405664032240088
5ae291bb5542996483e649f6,hotpotqa::april_bernard::348c4792e0,False,True,3,semantic_fluent_false_evidence,0.10307764064044152,1.0,0.9230769230769231,0.0,0.6258464408715613
5ae291bb5542996483e649f6,hotpotqa::elle_decor::233ff1fb16,False,False,3,semantic_fluent_false_evidence,0.075,1.0,0.6,0.0,0.55
5ae291bb5542996483e649f6,hotpotqa::family_life_(wenner_media_magazine)::d7cd6173ac,False,False,3,semantic_fluent_false_evidence,0.07905694150420949,1.0,0.9193548387096774,0.0,0.6154937443436193
5a74122f55429929fddd83da,poison::semantic_fluent_false_evidence::5a74122f55429929fddd83da::2::15fbf10c3f,True,False,3,semantic_fluent_false_evidence,0.07905694150420949,0.0,0.4545454545454546,0.0,0.12253186751077472
5a74122f55429929fddd83da,poison::semantic_fluent_false_evidence::5a74122f55429929fddd83da::0::1867728f5d,True,False,3,semantic_fluent_false_evidence,0.06310844497405346,0.0,0.6666666666666667,0.0,0.15857671132295473
5a74122f55429929fddd83da,poison::semantic_fluent_false_evidence::5a74122f55429929fddd83da::1::7138accf19,True,False,3,semantic_fluent_false_evidence,0.041457809879442496,0.0,0.4285714285714286,0.0,0.10229740966606271
5a74122f55429929fddd83da,hotpotqa::two_is_better_than_one::87ef2092f0,False,True,3,semantic_fluent_false_evidence,0.08660254037844387,0.0,0.5416666666666667,0.0,0.14297434948471088
5a74122f55429929fddd83da,hotpotqa::acapella_(karmin_song)::722f117e87,False,False,3,semantic_fluent_false_evidence,0.3535533905932738,1.0,0.75,0.0,0.6914213562373095
5a74122f55429929fddd83da,hotpotqa::love_drunk::aac303b91c,False,True,3,semantic_fluent_false_evidence,0.07071067811865475,1.0,0.6341463414634146,0.0,0.5551135395401448
5a74122f55429929fddd83da,hotpotqa::bad_for_me::93a02c2428,False,False,3,semantic_fluent_false_evidence,0.07613687188886939,1.0,0.5882352941176471,0.0,0.5481018075790771
5a74122f55429929fddd83da,hotpotqa::heart_heart_heartbreak::bcfbba44d9,False,False,3,semantic_fluent_false_evidence,0.1545977392364456,1.0,0.4117647058823529,0.0,0.5441920368710489
5a74122f55429929fddd83da,hotpotqa::love_drunk_(disambiguation)::230972ca97,False,False,3,semantic_fluent_false_evidence,0.2814582562299426,1.0,0.0,0.0,0.512583302491977
5a74122f55429929fddd83da,hotpotqa::boys_like_girls_(album)::3bed2ae424,False,False,3,semantic_fluent_false_evidence,0.26499966426875826,1.0,0.0,0.0,0.5059998657075033
5a74122f55429929fddd83da,hotpotqa::love_drunk_(boys_like_girls_song)::c39d2dd0d2,False,False,3,semantic_fluent_false_evidence,0.19120888467274266,1.0,0.6363636363636364,0.0,0.6037562811418243
5a74122f55429929fddd83da,hotpotqa::boys_like_girls::3a91123431,False,False,3,semantic_fluent_false_evidence,0.2923503890881625,1.0,0.6774193548387097,0.0,0.652424026603007
5a74122f55429929fddd83da,hotpotqa::taylor_swift_(album)::8b436894fc,False,False,3,semantic_fluent_false_evidence,0.227805916375494,1.0,0.7358490566037736,0.0,0.6382921778709523
5ab3a83d5542992ade7c6e08,hotpotqa::faith_goldy::ef1a097623,False,True,3,semantic_fluent_false_evidence,0.09665063509461097,0.0,0.7222222222222222,0.0,0.18310469848228883
5ab3a83d5542992ade7c6e08,poison::semantic_fluent_false_evidence::5ab3a83d5542992ade7c6e08::2::c013e7645f,True,False,3,semantic_fluent_false_evidence,0.04330127018922193,0.0,0.3214285714285714,0.0,0.08160622236140305
5ab3a83d5542992ade7c6e08,poison::semantic_fluent_false_evidence::5ab3a83d5542992ade7c6e08::1::aeffacbca8,True,False,3,semantic_fluent_false_evidence,0.025,0.0,0.44999999999999996,0.0,0.09999999999999999
5ab3a83d5542992ade7c6e08,poison::semantic_fluent_false_evidence::5ab3a83d5542992ade7c6e08::0::a5f58bba02,True,False,3,semantic_fluent_false_evidence,0.035355339059327376,0.0,0.41666666666666663,0.0,0.09747546895706427
5ab3a83d5542992ade7c6e08,hotpotqa::fired_up_(tv_series)::0a1351f3f5,False,False,3,semantic_fluent_false_evidence,0.41136206679760834,1.0,0.9666666666666667,0.0,0.7578781600523767
5ab3a83d5542992ade7c6e08,"hotpotqa::move_over,_darling::ec20b4cf59",False,False,3,semantic_fluent_false_evidence,0.649519052838329,1.0,0.96,0.0,0.8518076211353316
5ab3a83d5542992ade7c6e08,hotpotqa::mars_nederland::dfab2324a5,False,False,3,semantic_fluent_false_evidence,0.7,1.0,1.0,0.0,0.8800000000000001
5ab3a83d5542992ade7c6e08,hotpotqa::better_than_home::8e1596a1e1,False,False,3,semantic_fluent_false_evidence,0.6417748826496718,1.0,0.9523809523809523,0.0,0.847186143536059
5ab3a83d5542992ade7c6e08,hotpotqa::list_of_metallica_concert_tours::abd1b9938b,False,False,3,semantic_fluent_false_evidence,0.5196152422706632,1.0,0.9615384615384616,0.0,0.8001537892159576
5ab3a83d5542992ade7c6e08,hotpotqa::follow-the-sun::06a2017050,False,False,3,semantic_fluent_false_evidence,0.5261891294962296,1.0,0.975609756097561,0.0,0.8055976030180041
5ab3a83d5542992ade7c6e08,hotpotqa::the_daily_stormer::95c3c20e9e,False,True,3,semantic_fluent_false_evidence,0.35178118198675723,1.0,0.6923076923076923,0.0,0.6791740112562413
5ab3a83d5542992ade7c6e08,hotpotqa::jessica_chastain_on_screen_and_stage::7e0fffa170,False,False,3,semantic_fluent_false_evidence,0.17320508075688773,1.0,0.9516129032258065,0.0,0.6596046129479164
5ab3a83d5542992ade7c6e08,hotpotqa::jessica_chastain::84e41c7971,False,False,3,semantic_fluent_false_evidence,0.5722761571129799,1.0,0.9245283018867925,0.0,0.8138161232225505
5ab3a83d5542992ade7c6e08,hotpotqa::trish_lake::0b7a9e91d5,False,False,3,semantic_fluent_false_evidence,0.08291561975888499,1.0,0.92,0.0,0.617166247903554
5ab3a83d5542992ade7c6e08,hotpotqa::rosie_o'donnell::b1c115c034,False,False,3,semantic_fluent_false_evidence,0.4898979485566356,1.0,0.8888888888888888,0.0,0.773736957200432
5ab3a83d5542992ade7c6e08,hotpotqa::sara_poulsen::054d7b1a22,False,False,3,semantic_fluent_false_evidence,0.3905124837953327,1.0,0.8888888888888888,0.0,0.7339827712959108
5abc219655429959677d6a1d,poison::semantic_fluent_false_evidence::5abc219655429959677d6a1d::0::c1f7928e54,True,False,3,semantic_fluent_false_evidence,0.025,0.0,0.64,0.0,0.138
5abc219655429959677d6a1d,hotpotqa::comic_book::f0eeba8c65,False,False,3,semantic_fluent_false_evidence,0.228100960115899,0.75,0.8082191780821918,0.0,0.552884219662798
5abc219655429959677d6a1d,hotpotqa::spawn_(comics)::409ae93770,False,False,3,semantic_fluent_false_evidence,0.34268204201570185,1.0,0.8,0.0,0.6970728168062807
5abc219655429959677d6a1d,hotpotqa::metropolis_collectibles::018963a7cd,False,False,3,semantic_fluent_false_evidence,0.23848480035423641,1.0,0.851063829787234,0.0,0.6656066860991414
5abc219655429959677d6a1d,hotpotqa::theologus_autodidactus::aa2cec42b8,False,False,3,semantic_fluent_false_evidence,0.6928203230275509,1.0,0.7916666666666666,0.0,0.8354614625443537
5abc219655429959677d6a1d,hotpotqa::star_crossed_(comics)::73d1629bd3,False,False,3,semantic_fluent_false_evidence,0.18371173070873836,1.0,0.7659574468085106,0.0,0.6266761816451976
5abc219655429959677d6a1d,hotpotqa::comic_book_convention::40e04d0659,False,False,3,semantic_fluent_false_evidence,0.51720402163943,1.0,0.7592592592592593,0.0,0.7587334605076238
5abc219655429959677d6a1d,hotpotqa::nick_fury_vs._s.h.i.e.l.d.::132ef9d795,False,False,3,semantic_fluent_false_evidence,0.30645825622994255,1.0,0.7027027027027026,0.0,0.6631238430325175
5abc219655429959677d6a1d,hotpotqa::will_jacobs::3a21c8b19c,False,False,3,semantic_fluent_false_evidence,0.41097379011924384,1.0,0.736842105263158,0.0,0.7117579371003291
5abc219655429959677d6a1d,hotpotqa::nunzio_defilippis::828fb3741a,False,False,3,semantic_fluent_false_evidence,0.38552981257261554,1.0,0.8051948051948052,0.0,0.7152508860680072
5abc219655429959677d6a1d,hotpotqa::crossed_(comics)::a28200882d,False,True,3,semantic_fluent_false_evidence,0.277487623459052,1.0,0.736842105263158,0.0,0.6583634704362524
5abc219655429959677d6a1d,poison::semantic_fluent_false_evidence::5abc219655429959677d6a1d::2::74728a7ae7,True,False,3,semantic_fluent_false_evidence,0.2673839928708165,0.5,0.6071428571428572,0.0,0.4283821685768981
5abc219655429959677d6a1d,hotpotqa::glenn_greenberg::e6cfee8cb5,False,False,3,semantic_fluent_false_evidence,0.22516954058818087,1.0,0.7142857142857143,0.0,0.6329249590924152
5abc219655429959677d6a1d,hotpotqa::garth_ennis::77c04159fb,False,True,3,semantic_fluent_false_evidence,0.22776083947860748,1.0,0.6944444444444444,0.0,0.6299932246803319
5abc219655429959677d6a1d,poison::semantic_fluent_false_evidence::5abc219655429959677d6a1d::1::4ba02b3b0a,True,False,3,semantic_fluent_false_evidence,0.330868618630734,1.0,0.5581395348837209,0.0,0.6439753544290377
5abc219655429959677d6a1d,hotpotqa::nick_fury_(2017_comic_book)::1890aa6c90,False,False,3,semantic_fluent_false_evidence,0.16197256126309448,1.0,0.5555555555555556,0.0,0.5759001356163489
5abc219655429959677d6a1d,hotpotqa::the_physics_of_superheroes::8c71e24e81,False,False,3,semantic_fluent_false_evidence,0.4175001113440738,1.0,0.7540983606557377,0.0,0.717819716668777
5a7f1d3c5542993067513639,poison::semantic_fluent_false_evidence::5a7f1d3c5542993067513639::1::e991485a8b,True,False,3,semantic_fluent_false_evidence,0.04665063509461097,0.0,0.34375,0.0,0.08741025403784439
5a7f1d3c5542993067513639,hotpotqa::mercuria_energy_group::5f23b597e6,False,True,3,semantic_fluent_false_evidence,0.0649519052838329,0.0,0.6764705882352942,0.0,0.161274879760592
5a7f1d3c5542993067513639,poison::semantic_fluent_false_evidence::5a7f1d3c5542993067513639::0::2be7318d79,True,False,3,semantic_fluent_false_evidence,0.05700597415393834,0.0,0.2962962962962963,0.0,0.08206164892083459
5a7f1d3c5542993067513639,poison::semantic_fluent_false_evidence::5a7f1d3c5542993067513639::2::69682ff034,True,False,3,semantic_fluent_false_evidence,0.08984157585358579,0.0,0.48571428571428577,0.0,0.13307948748429146
5a7f1d3c5542993067513639,hotpotqa::source_uk_services::7c46fdd7fe,False,False,3,semantic_fluent_false_evidence,0.13136966090768498,0.75,0.7818181818181819,0.0,0.5089115007267104
5a7f1d3c5542993067513639,hotpotqa::douglas_cliggott::55d4c8409a,False,False,3,semantic_fluent_false_evidence,0.42646805273079946,1.0,0.8292682926829268,0.0,0.7364408796289051
5a7f1d3c5542993067513639,hotpotqa::2000s_commodities_boom::86ad5ec067,False,False,3,semantic_fluent_false_evidence,0.1224744871391589,1.0,0.8985507246376812,0.0,0.6286999397831998
5a7f1d3c5542993067513639,hotpotqa::j._p._morgan_jr.::14e14238b7,False,False,3,semantic_fluent_false_evidence,0.33623724356957946,1.0,0.8571428571428572,0.0,0.7059234688564032
5a7f1d3c5542993067513639,hotpotqa::claude_wilfrid_etoka::45f4c886e7,False,True,3,semantic_fluent_false_evidence,0.28001003695989857,1.0,0.855072463768116,0.0,0.6830185075375826
5a7f1d3c5542993067513639,hotpotqa::hess_corporation::8f839f25f8,False,False,3,semantic_fluent_false_evidence,0.1389029025725781,1.0,0.8255813953488372,0.0,0.6206774400987987
5a7f1d3c5542993067513639,hotpotqa::semgroup::8a6b477aa5,False,False,3,semantic_fluent_false_evidence,0.2928035660703569,1.0,0.8604651162790697,0.0,0.6892144496839567
5a7f1d3c5542993067513639,hotpotqa::esso_australia::150e96af24,False,False,3,semantic_fluent_false_evidence,0.2085604198162151,1.0,0.9130434782608696,0.0,0.66603286357866
5ae3c71f5542991a06ce9a22,poison::semantic_fluent_false_evidence::5ae3c71f5542991a06ce9a22::2::db480d62c3,True,False,3,semantic_fluent_false_evidence,0.0,0.0,0.3571428571428571,0.0,0.07142857142857142
5ae3c71f5542991a06ce9a22,"hotpotqa::mesopotamia,_argentina::c7152dba31",False,True,3,semantic_fluent_false_evidence,0.20353571071357127,0.75,0.8,0.0,0.5414142842854285
5ae3c71f5542991a06ce9a22,poison::semantic_fluent_false_evidence::5ae3c71f5542991a06ce9a22::0::67021b7478,True,False,3,semantic_fluent_false_evidence,0.021650635094610966,0.0,0.375,0.0,0.08366025403784438
5ae3c71f5542991a06ce9a22,poison::semantic_fluent_false_evidence::5ae3c71f5542991a06ce9a22::1::d64ea56896,True,False,3,semantic_fluent_false_evidence,0.021650635094610966,0.0,0.3846153846153846,0.0,0.0855833309609213
5ae3c71f5542991a06ce9a22,hotpotqa::national_route_12_(argentina)::6497c2c4c2,False,False,3,semantic_fluent_false_evidence,0.0664578098794425,0.5,0.8333333333333334,0.0,0.3932497906184437
5ae3c71f5542991a06ce9a22,hotpotqa::predelta_national_park::6445cc0ad8,False,True,3,semantic_fluent_false_evidence,0.04330127018922193,0.25,0.8461538461538461,0.0,0.286551277306458
5ae3c71f5542991a06ce9a22,hotpotqa::republic_of_entre_ríos::22bc223b21,False,False,3,semantic_fluent_false_evidence,0.1243734296383275,1.0,0.8863636363636364,0.0,0.6270220991280583
5ae3c71f5542991a06ce9a22,hotpotqa::uruguay_river::64d90f5d64,False,False,3,semantic_fluent_false_evidence,0.06123724356957945,1.0,0.775,0.0,0.5794948974278318
5ae3c71f5542991a06ce9a22,hotpotqa::battle_of_caaguazú::a81af98d53,False,False,3,semantic_fluent_false_evidence,0.25,1.0,0.8888888888888888,0.0,0.6777777777777778
5ae3c71f5542991a06ce9a22,hotpotqa::quadrilateral_treaty::67bb2d40d4,False,False,3,semantic_fluent_false_evidence,0.07681314893876987,1.0,0.8780487804878049,0.0,0.6063350156730689
5ae3c71f5542991a06ce9a22,hotpotqa::santa_fe_province::1d314cbecb,False,False,3,semantic_fluent_false_evidence,0.1293010054098575,1.0,0.6071428571428572,0.0,0.5731489735925145
5ae3c71f5542991a06ce9a22,hotpotqa::andes::e0bd9a37eb,False,False,3,semantic_fluent_false_evidence,0.1299038105676658,1.0,0.9047619047619048,0.0,0.6329139051794472
5ade7a435542997c77adee3a,hotpotqa::mountbatten-windsor::277136ba41,False,True,3,semantic_fluent_false_evidence,0.041457809879442496,0.0,0.6842105263157895,0.0,0.1534252292149349
5ade7a435542997c77adee3a,poison::semantic_fluent_false_evidence::5ade7a435542997c77adee3a::0::c3c65b6985,True,False,3,semantic_fluent_false_evidence,0.041457809879442496,0.0,0.4642857142857143,0.0,0.10944026680891986
5ade7a435542997c77adee3a,poison::semantic_fluent_false_evidence::5ade7a435542997c77adee3a::1::b35e6d9e6e,True,False,3,semantic_fluent_false_evidence,0.025,0.0,0.4054054054054054,0.0,0.09108108108108107
5ade7a435542997c77adee3a,poison::semantic_fluent_false_evidence::5ade7a435542997c77adee3a::2::04714d4375,True,False,3,semantic_fluent_false_evidence,0.041457809879442496,1.0,0.8461538461538461,0.0,0.5858138931825463
5ade7a435542997c77adee3a,hotpotqa::list_of_members_of_the_house_of_windsor::6882190056,False,False,3,semantic_fluent_false_evidence,0.021650635094610966,0.0,0.75,0.0,0.1586602540378444
5ade7a435542997c77adee3a,hotpotqa::duke_of_leuchtenberg::697d911e11,False,False,3,semantic_fluent_false_evidence,0.1451695547942804,1.0,0.8200000000000001,0.0,0.6220678219177123
5ade7a435542997c77adee3a,hotpotqa::batonishvili::958b11c798,False,False,3,semantic_fluent_false_evidence,0.15871820387502825,1.0,0.9459459459459459,0.0,0.6526764707392004
5ade7a435542997c77adee3a,hotpotqa::line_of_succession_to_the_former_egyptian_throne::ea05da6501,False,False,3,semantic_fluent_false_evidence,0.3057189088370607,1.0,0.9111111111111111,0.0,0.7045097857570465
5ade7a435542997c77adee3a,hotpotqa::cadet_branch::52eb7d4ab9,False,False,3,semantic_fluent_false_evidence,0.32339830460440017,1.0,0.8648648648648649,0.0,0.702332294814733
5ade7a435542997c77adee3a,hotpotqa::capetian_dynasty::43764bff16,False,False,3,semantic_fluent_false_evidence,0.2568404623873926,1.0,0.8387096774193549,0.0,0.670478120438828
5ade7a435542997c77adee3a,hotpotqa::mountbatten_family::dcd78eec19,False,True,3,semantic_fluent_false_evidence,0.17165063509461095,1.0,0.7027027027027026,0.0,0.6092007945783849
5ade7a435542997c77adee3a,hotpotqa::house_of_capet::0be7b9f73d,False,False,3,semantic_fluent_false_evidence,0.17976451810302993,1.0,0.8200000000000001,0.0,0.635905807241212
5ade7a435542997c77adee3a,hotpotqa::zulu_royal_family::dadeb5b9e5,False,False,3,semantic_fluent_false_evidence,0.1299038105676658,1.0,0.9302325581395349,0.0,0.6380080358549733
5a80ecea55429938b6142254,poison::semantic_fluent_false_evidence::5a80ecea55429938b6142254::1::6f32b5d399,True,False,3,semantic_fluent_false_evidence,0.025,0.0,0.5517241379310345,0.0,0.1203448275862069
5a80ecea55429938b6142254,poison::semantic_fluent_false_evidence::5a80ecea55429938b6142254::0::29bb7238cd,True,False,3,semantic_fluent_false_evidence,0.021650635094610966,0.0,0.52,0.0,0.11266025403784438
5a80ecea55429938b6142254,poison::semantic_fluent_false_evidence::5a80ecea55429938b6142254::2::fbe848fbed,True,False,3,semantic_fluent_false_evidence,0.041457809879442496,0.0,0.4838709677419355,0.0,0.11335731750016409
5a80ecea55429938b6142254,hotpotqa::yoo_in-na::70c2edba21,False,True,3,semantic_fluent_false_evidence,0.10825317547305482,1.0,0.8205128205128205,0.0,0.607403834291786
5a80ecea55429938b6142254,hotpotqa::my_secret_hotel::adbf4e40a6,False,True,3,semantic_fluent_false_evidence,0.34641016151377546,0.75,0.8421052631578947,0.0,0.606985117237089
5a80ecea55429938b6142254,hotpotqa::the_secret_of_my_love::0417951616,False,False,3,semantic_fluent_false_evidence,0.3326971927589776,1.0,0.8095238095238095,0.0,0.6949836390083529
5a80ecea55429938b6142254,hotpotqa::bang_eun-hee::d38853da1b,False,False,3,semantic_fluent_false_evidence,0.40086841805429574,1.0,0.8666666666666667,0.0,0.7336807005550516
5a80ecea55429938b6142254,hotpotqa::yoo_ah-in::4d4e8c4c8f,False,False,3,semantic_fluent_false_evidence,0.32023988211262466,1.0,0.7058823529411764,0.0,0.6692724234332852
5a80ecea55429938b6142254,hotpotqa::detective_k:_secret_of_the_virtuous_widow::9181223ee9,False,False,3,semantic_fluent_false_evidence,0.2020803390263397,1.0,0.8666666666666667,0.0,0.6541654689438692
5a80ecea55429938b6142254,hotpotqa::nice_githinji::05566be604,False,False,3,semantic_fluent_false_evidence,0.5214163403653552,1.0,0.8484848484848485,0.0,0.7782635058431118
5a80ecea55429938b6142254,hotpotqa::secret_love_(tv_series)::664d1ad6af,False,False,3,semantic_fluent_false_evidence,0.2598076211353316,1.0,0.5789473684210527,0.0,0.6197125221383433
5a80ecea55429938b6142254,hotpotqa::kim_ji-han::727bde4473,False,False,3,semantic_fluent_false_evidence,0.35515657443993043,0.75,0.679245283018868,0.0,0.5779116863797458
5a80ecea55429938b6142254,hotpotqa::kim_hyang-gi::de6bb9fca7,False,False,3,semantic_fluent_false_evidence,0.16123724356957947,1.0,0.5909090909090908,0.0,0.58267671560965
5a80ecea55429938b6142254,hotpotqa::park_myeong-su::46e5682bae,False,False,3,semantic_fluent_false_evidence,0.3757802353878991,1.0,0.8333333333333334,0.0,0.7169787608218263
5ae7cea355429952e35ea9c1,poison::semantic_fluent_false_evidence::5ae7cea355429952e35ea9c1::2::b43543e148,True,False,3,semantic_fluent_false_evidence,0.021650635094610966,0.0,0.5925925925925926,0.0,0.1271787725563629
5ae7cea355429952e35ea9c1,hotpotqa::easy_(tv_series)::f697ef3559,False,True,3,semantic_fluent_false_evidence,0.2561493607175236,1.0,0.8235294117647058,0.0,0.6671656266399506
5ae7cea355429952e35ea9c1,poison::semantic_fluent_false_evidence::5ae7cea355429952e35ea9c1::0::b18281f0d4,True,False,3,semantic_fluent_false_evidence,0.06123724356957945,0.25,0.4482758620689655,0.0,0.2141500698416249
5ae7cea355429952e35ea9c1,poison::semantic_fluent_false_evidence::5ae7cea355429952e35ea9c1::1::d493fb78e0,True,False,3,semantic_fluent_false_evidence,0.05448623679425842,0.0,0.7222222222222222,0.0,0.1662389391621478
5ae7cea355429952e35ea9c1,hotpotqa::travelers_(tv_series)::0f29fed051,False,False,3,semantic_fluent_false_evidence,0.06035533905932738,0.75,0.825,0.0,0.48914213562373093
5ae7cea355429952e35ea9c1,hotpotqa::list_of_knights_of_sidonia_episodes::52ba975132,False,False,3,semantic_fluent_false_evidence,0.580409338312195,1.0,0.8793103448275862,0.0,0.8080258042903953
5ae7cea355429952e35ea9c1,hotpotqa::bloodline_(tv_series)::bf01078750,False,False,3,semantic_fluent_false_evidence,0.09920296962671668,0.5,0.675,0.0,0.3746811878506867
5ae7cea355429952e35ea9c1,hotpotqa::list_of_heroes_episodes::7b8827dd8c,False,False,3,semantic_fluent_false_evidence,0.35707142142714254,1.0,0.8181818181818181,0.0,0.7064649322072206
5ae7cea355429952e35ea9c1,hotpotqa::alyas_robin_hood::b2df85b751,False,False,3,semantic_fluent_false_evidence,0.45784486510726735,1.0,0.7727272727272727,0.0,0.7376834005883615
5ae7cea355429952e35ea9c1,hotpotqa::k9_(doctor_who)::452a507456,False,False,3,semantic_fluent_false_evidence,0.4763139720814412,1.0,0.8636363636363636,0.0,0.7632528615598492
5ae7cea355429952e35ea9c1,hotpotqa::son_of_zorn::8e07173864,False,False,3,semantic_fluent_false_evidence,0.27775469130373037,1.0,0.8214285714285714,0.0,0.6753875908072065
5ae7cea355429952e35ea9c1,hotpotqa::dice_(tv_series)::c1aa9ead60,False,False,3,semantic_fluent_false_evidence,0.25700014505212376,1.0,0.7560975609756098,0.0,0.6540195702159715
5ae7cea355429952e35ea9c1,hotpotqa::drake_&amp;_josh::014ddba694,False,False,3,semantic_fluent_false_evidence,0.4153311931459037,1.0,0.873015873015873,0.0,0.740735651861536
5ae7cea355429952e35ea9c1,hotpotqa::list_of_alyas_robin_hood_episodes::fb1c56bb99,False,False,3,semantic_fluent_false_evidence,0.11830127018922193,1.0,0.7714285714285715,0.0,0.601606222361403
