query_id,doc_id,is_poison,is_gold,n_poison,attack_family,rank_instability,retriever_disagreement,unsupported,claim_conflict,suspicion,rank_sparse_q0,rank_dense_q0,rank_score_q0
5abc19705542993a06baf86e,poison::semantic_fluent_false_evidence::5abc19705542993a06baf86e::0::eb8f190464,True,False,1,semantic_fluent_false_evidence,0.0,0.0,0.7931034482758621,0.0,0.15862068965517243,1,1,1.0
5abc19705542993a06baf86e,hotpotqa::black_power:_the_politics_of_liberation::472221cf0a,False,False,1,semantic_fluent_false_evidence,0.5563791492086889,1.0,0.868421052631579,0.0,0.7962358702097914,2,11,0.9
5abc19705542993a06baf86e,hotpotqa::black_book_(world_war_ii)::bd1f64eb22,False,False,1,semantic_fluent_false_evidence,0.39574807468601403,0.5,0.8431372549019608,0.0,0.5269266808547978,3,7,0.8
5abc19705542993a06baf86e,hotpotqa::yazidi_book_of_revelation::f76b639e3e,False,False,1,semantic_fluent_false_evidence,0.7822243923581007,1.0,0.9032258064516129,0.0,0.8935349182335628,4,11,0.7
5abc19705542993a06baf86e,hotpotqa::black_book_(novel)::8824a6c33a,False,False,1,semantic_fluent_false_evidence,0.34641016151377546,0.75,0.5666666666666667,0.0,0.5518973979388435,5,3,0.8
5abc19705542993a06baf86e,hotpotqa::american_nerd::4a53da93a1,False,False,1,semantic_fluent_false_evidence,0.6259992012774458,1.0,0.8125,0.0,0.8128996805109783,6,11,0.5
5abc19705542993a06baf86e,hotpotqa::neil_smith_(writer)::1359b3463b,False,False,1,semantic_fluent_false_evidence,0.8437268515343103,1.0,0.803030303030303,0.0,0.8980968012197847,7,11,0.4
5abc19705542993a06baf86e,hotpotqa::yoo_in-na::70c2edba21,False,False,1,semantic_fluent_false_evidence,0.5787918451395113,1.0,0.8,0.0,0.7915167380558046,8,11,0.30000000000000004
5abc19705542993a06baf86e,hotpotqa::le_livre_noir_du_capitalisme::e4aae5768d,False,False,1,semantic_fluent_false_evidence,0.5760859310901456,1.0,0.8536585365853658,0.0,0.8011660797531315,9,11,0.19999999999999996
5abc19705542993a06baf86e,hotpotqa::black_power_movement::6482688ef4,False,False,1,semantic_fluent_false_evidence,0.7660776723022281,1.0,0.8840579710144928,0.0,0.8832426631237897,10,11,0.09999999999999998
5abc19705542993a06baf86e,hotpotqa::black_book_(film)::a2f2dbee18,False,True,1,semantic_fluent_false_evidence,0.0,1.0,0.5555555555555556,0.0,0.5111111111111111,11,2,0.9
5abc19705542993a06baf86e,hotpotqa::list_of_black_books_characters::2faacb9695,False,False,1,semantic_fluent_false_evidence,0.0,1.0,0.8923076923076922,0.0,0.5784615384615385,11,4,0.7
5abc19705542993a06baf86e,hotpotqa::the_great_gilly_hopkins_(film)::32bd2ba089,False,False,1,semantic_fluent_false_evidence,0.38405728739343037,1.0,0.717948717948718,0.0,0.6972126585471157,11,5,0.6
5abc19705542993a06baf86e,hotpotqa::hotel_mumbai::18c6f91e32,False,False,1,semantic_fluent_false_evidence,0.5894913061275797,1.0,0.8333333333333334,0.0,0.8024631891176985,11,6,0.5
5abc19705542993a06baf86e,hotpotqa::vanessa_williams::c56882514f,False,False,1,semantic_fluent_false_evidence,0.2179449471770337,1.0,0.896551724137931,0.0,0.6664883236983996,11,8,0.30000000000000004
5abc19705542993a06baf86e,hotpotqa::michèle_roberts::79088cb789,False,False,1,semantic_fluent_false_evidence,0.1118033988749895,1.0,0.782608695652174,0.0,0.6012430986804306,11,9,0.19999999999999996
5abc19705542993a06baf86e,hotpotqa::black_book_(non-standard_disc_format)::f74bdca271,False,False,1,semantic_fluent_false_evidence,0.21702096854128838,1.0,0.95,0.0,0.6768083874165154,11,10,0.09999999999999998
5ab985eb554299131ca42360,hotpotqa::greyia::a38f9aa0ec,False,True,1,semantic_fluent_false_evidence,0.15562374497485915,0.25,0.5,0.0,0.2622494979899437,1,2,1.0
5ab985eb554299131ca42360,poison::semantic_fluent_false_evidence::5ab985eb554299131ca42360::0::b593301f8f,True,False,1,semantic_fluent_false_evidence,0.10307764064044152,0.25,0.7619047619047619,0.0,0.293612008637129,2,1,1.0
5ab985eb554299131ca42360,hotpotqa::calyptocephalellidae::c3bfc1b8ec,False,False,1,semantic_fluent_false_evidence,0.43971143170299737,1.0,0.7741935483870968,0.0,0.7307232823586183,3,11,0.8
5ab985eb554299131ca42360,hotpotqa::ceratozamia::642f6b94c4,False,False,1,semantic_fluent_false_evidence,0.8257572282456872,1.0,0.6666666666666667,0.0,0.8636362246316083,4,11,0.7
5ab985eb554299131ca42360,hotpotqa::pachyornis::3950ab7306,False,False,1,semantic_fluent_false_evidence,0.6977642868476431,1.0,0.7741935483870968,0.0,0.8339444244164766,5,11,0.6
5ab985eb554299131ca42360,hotpotqa::leptofoenus::2d6ca08721,False,False,1,semantic_fluent_false_evidence,0.7258615570478988,1.0,0.6,0.0,0.8103446228191595,6,11,0.5
5ab985eb554299131ca42360,hotpotqa::megalurus::59893e548a,False,False,1,semantic_fluent_false_evidence,0.812403840463596,1.0,0.7972972972972973,0.0,0.8844209956448978,7,11,0.4
5ab985eb554299131ca42360,hotpotqa::goodeniaceae::f4aa1671ac,False,False,1,semantic_fluent_false_evidence,0.5678908345800273,1.0,0.64,0.0,0.755156333832011,8,11,0.30000000000000004
5ab985eb554299131ca42360,hotpotqa::banksiamyces::525d985b84,False,False,1,semantic_fluent_false_evidence,0.3462264215045631,1.0,0.7857142857142857,0.0,0.6956334257446823,9,11,0.19999999999999996
5ab985eb554299131ca42360,hotpotqa::lophodermium::1cd35b8f41,False,False,1,semantic_fluent_false_evidence,0.5261891294962296,1.0,0.8105263157894737,0.0,0.7725809149563866,10,11,0.09999999999999998
5ab985eb554299131ca42360,hotpotqa::calibanus::5fda1c2cfd,False,True,1,semantic_fluent_false_evidence,0.40078048854703496,0.75,0.75,0.0,0.610312195418814,11,3,0.8
5ab985eb554299131ca42360,hotpotqa::pieris_(plant)::ee66a740bf,False,False,1,semantic_fluent_false_evidence,0.0,1.0,0.8461538461538461,0.0,0.5692307692307692,11,4,0.7
5ab985eb554299131ca42360,hotpotqa::kermode_bear::3e32eb4803,False,False,1,semantic_fluent_false_evidence,0.04330127018922193,1.0,0.8392857142857143,0.0,0.5851776509328317,11,5,0.6
5ab985eb554299131ca42360,hotpotqa::sonerila::bfbad8cd9a,False,False,1,semantic_fluent_false_evidence,0.04330127018922193,1.0,0.6153846153846154,0.0,0.5403974311526119,11,6,0.5
5ab985eb554299131ca42360,hotpotqa::newfoundland_black_bear::d967f3c91f,False,False,1,semantic_fluent_false_evidence,0.07071067811865475,1.0,0.5357142857142857,0.0,0.535427128390319,11,7,0.4
5ab985eb554299131ca42360,hotpotqa::pieris_floribunda::f51b5130d3,False,False,1,semantic_fluent_false_evidence,0.16273941226731325,1.0,0.6842105263157895,0.0,0.6019378701700833,11,8,0.30000000000000004
5ab985eb554299131ca42360,hotpotqa::right_whale::cf345516d5,False,False,1,semantic_fluent_false_evidence,0.16583123951776998,1.0,0.726027397260274,0.0,0.6115379752591628,11,9,0.19999999999999996
5ab985eb554299131ca42360,hotpotqa::scaevola_hookeri::d82191f371,False,False,1,semantic_fluent_false_evidence,0.09560163238335617,1.0,0.75,0.0,0.5882406529533425,11,10,0.09999999999999998
5ae129115542990adbacf722,poison::semantic_fluent_false_evidence::5ae129115542990adbacf722::0::39319fdecf,True,False,1,semantic_fluent_false_evidence,0.021650635094610966,0.0,0.7916666666666666,0.0,0.1669935873711777,1,2,1.0
5ae129115542990adbacf722,hotpotqa::brown_eyes_(band)::a2b277ea78,False,False,1,semantic_fluent_false_evidence,0.5682584551414573,1.0,0.7142857142857143,0.0,0.7701605249137258,2,7,0.9
5ae129115542990adbacf722,hotpotqa::a_pair_of_brown_eyes::f9e19bb331,False,True,1,semantic_fluent_false_evidence,0.04330127018922193,0.0,0.5151515151515151,0.0,0.1203508111059918,3,1,1.0
5ae129115542990adbacf722,hotpotqa::caramel_(city_high_song)::d528d03b75,False,False,1,semantic_fluent_false_evidence,0.05,1.0,0.7058823529411764,0.0,0.5611764705882353,4,11,0.7
5ae129115542990adbacf722,hotpotqa::the_wild_pony::ae27c94298,False,False,1,semantic_fluent_false_evidence,0.6722164829874375,1.0,0.9318181818181819,0.0,0.8552502295586114,5,11,0.6
5ae129115542990adbacf722,hotpotqa::johnny_brown_(actor)::6a172cb050,False,False,1,semantic_fluent_false_evidence,0.649519052838329,1.0,0.9024390243902439,0.0,0.8402954260133804,6,11,0.5
5ae129115542990adbacf722,hotpotqa::huillolluni::e143905aa5,False,False,1,semantic_fluent_false_evidence,0.5830951894845301,1.0,0.9411764705882353,0.0,0.8214733699114591,7,11,0.4
5ae129115542990adbacf722,hotpotqa::aquichua::9b816c2648,False,False,1,semantic_fluent_false_evidence,0.5539629951540085,1.0,0.9333333333333333,0.0,0.80825186472827,8,11,0.30000000000000004
5ae129115542990adbacf722,hotpotqa::bakhmull::fe452233ab,False,False,1,semantic_fluent_false_evidence,0.3491060010942235,1.0,0.9337349397590361,0.0,0.7263893883894966,9,11,0.19999999999999996
5ae129115542990adbacf722,hotpotqa::alcamarinayoc::2cacb5d5e6,False,False,1,semantic_fluent_false_evidence,0.4763139720814412,1.0,1.0,0.0,0.7905255888325765,10,11,0.09999999999999998
5ae129115542990adbacf722,hotpotqa::beautiful_brown_eyes::0309a4a305,False,False,1,semantic_fluent_false_evidence,0.08291561975888499,1.0,0.8461538461538461,0.0,0.6023970171343233,11,3,0.8
5ae129115542990adbacf722,hotpotqa::a_spanner_in_the_works::584be53a03,False,False,1,semantic_fluent_false_evidence,0.11827095881821237,1.0,0.7843137254901961,0.0,0.6041711286253242,11,4,0.7
5ae129115542990adbacf722,hotpotqa::wild_mountain_thyme::f487def6e1,False,True,1,semantic_fluent_false_evidence,0.2927047004074647,1.0,0.6727272727272727,0.0,0.6516273347084404,11,5,0.6
5ae129115542990adbacf722,hotpotqa::brown_eyes_(song)::ccc4bfec91,False,False,1,semantic_fluent_false_evidence,0.04330127018922193,1.0,0.8055555555555556,0.0,0.5784316191868,11,6,0.5
5ae129115542990adbacf722,hotpotqa::beautiful_eyes::0abda91f93,False,False,1,semantic_fluent_false_evidence,0.21650635094610968,1.0,0.7021276595744681,0.0,0.6270280722933375,11,8,0.30000000000000004
5ae129115542990adbacf722,hotpotqa::in_his_eyes::07f6064bbc,False,False,1,semantic_fluent_false_evidence,0.1299038105676658,1.0,0.8484848484848485,0.0,0.621658493924036,11,9,0.19999999999999996
5ae129115542990adbacf722,hotpotqa::picture_to_burn::6c89b9468d,False,False,1,semantic_fluent_false_evidence,0.18708286933869706,1.0,0.8428571428571429,0.0,0.6434045763069074,11,10,0.09999999999999998
5ac19f405542991316484b5b,poison::semantic_fluent_false_evidence::5ac19f405542991316484b5b::0::fec924c5da,True,False,1,semantic_fluent_false_evidence,0.0,0.0,0.7272727272727273,0.0,0.14545454545454545,1,1,1.0
5ac19f405542991316484b5b,hotpotqa::berger_blanc_suisse::c0e14e997c,False,True,1,semantic_fluent_false_evidence,0.0,0.0,0.7619047619047619,0.0,0.15238095238095237,2,2,0.9
5ac19f405542991316484b5b,hotpotqa::piranha:_wolf_in_the_water::6545f34bd7,False,False,1,semantic_fluent_false_evidence,0.7794228634059948,1.0,1.0,0.0,0.911769145362398,3,11,0.8
5ac19f405542991316484b5b,hotpotqa::tentacle::9e66be657a,False,False,1,semantic_fluent_false_evidence,0.4156209087614713,1.0,0.9,0.0,0.7462483635045885,4,11,0.7
5ac19f405542991316484b5b,hotpotqa::pandikona::f83d670016,False,True,1,semantic_fluent_false_evidence,0.05448623679425842,0.25,0.8666666666666667,0.0,0.2951278280510367,5,3,0.8
5ac19f405542991316484b5b,hotpotqa::on_the_soul::b20010dda8,False,False,1,semantic_fluent_false_evidence,0.7154544010627093,1.0,0.9230769230769231,0.0,0.8707971450404683,6,11,0.5
5ac19f405542991316484b5b,hotpotqa::peter_l._berger::3f2dde9cd1,False,False,1,semantic_fluent_false_evidence,0.17853571071357127,1.0,0.927710843373494,0.0,0.6569564529601273,7,11,0.4
5ac19f405542991316484b5b,hotpotqa::prosthetic_neuronal_memory_silicon_chips::774bcd3394,False,False,1,semantic_fluent_false_evidence,0.15,1.0,0.9230769230769231,0.0,0.6446153846153846,8,11,0.30000000000000004
5ac19f405542991316484b5b,hotpotqa::ticks_of_domestic_animals::5dcfaf9b1c,False,False,1,semantic_fluent_false_evidence,0.21650635094610968,1.0,0.8939393939393939,0.0,0.6653904191663227,9,11,0.19999999999999996
5ac19f405542991316484b5b,hotpotqa::progression_of_animals::ad12749b91,False,False,1,semantic_fluent_false_evidence,0.4968651728587948,1.0,0.8666666666666667,0.0,0.7720794024768513,10,11,0.09999999999999998
5ac19f405542991316484b5b,hotpotqa::coeloplana_fishelsoni::3392be2ca4,False,False,1,semantic_fluent_false_evidence,0.08291561975888499,1.0,0.9473684210526316,0.0,0.6226399321140803,11,4,0.7
5ac19f405542991316484b5b,hotpotqa::north_atlantic_right_whale::d4c5946ae3,False,False,1,semantic_fluent_false_evidence,0.05,1.0,0.8936170212765957,0.0,0.5987234042553191,11,5,0.6
5ac19f405542991316484b5b,hotpotqa::dogo_argentino::a9f5e395dd,False,False,1,semantic_fluent_false_evidence,0.04330127018922193,1.0,0.8444444444444444,0.0,0.5862093969645776,11,6,0.5
5ac19f405542991316484b5b,hotpotqa::sesbania_tomentosa::ae57b4502a,False,False,1,semantic_fluent_false_evidence,0.45276925690687087,1.0,0.9264705882352942,0.0,0.7664018204098072,11,7,0.4
5ac19f405542991316484b5b,hotpotqa::ursus_americanus_carlottae::51effd29f0,False,False,1,semantic_fluent_false_evidence,0.1299038105676658,1.0,0.8823529411764706,0.0,0.6284321124623604,11,8,0.30000000000000004
5ac19f405542991316484b5b,hotpotqa::belgian_shepherd::f2a004dea9,False,False,1,semantic_fluent_false_evidence,0.15786566256311793,1.0,0.6388888888888888,0.0,0.5909240428030249,11,9,0.19999999999999996
5ac19f405542991316484b5b,hotpotqa::pieris_(butterfly)::a145b1bbf4,False,False,1,semantic_fluent_false_evidence,0.04330127018922193,1.0,0.8837209302325582,0.0,0.5940646941222004,11,10,0.09999999999999998
5adcbb815542994ed6169bde,hotpotqa::beer_wars::99727350c8,False,True,1,semantic_fluent_false_evidence,0.025,0.0,0.8857142857142857,0.0,0.18714285714285714,1,2,1.0
5adcbb815542994ed6169bde,poison::semantic_fluent_false_evidence::5adcbb815542994ed6169bde::0::aeada7ae5b,True,False,1,semantic_fluent_false_evidence,0.041457809879442496,0.0,0.8055555555555556,0.0,0.17769423506288812,2,1,1.0
5adcbb815542994ed6169bde,hotpotqa::microbrewery::2a6c638203,False,False,1,semantic_fluent_false_evidence,0.09895099728874521,0.25,0.5882352941176471,0.0,0.2572274577390275,3,4,0.8
5adcbb815542994ed6169bde,hotpotqa::stone_brewing_co.::b5607ad58a,False,True,1,semantic_fluent_false_evidence,0.1274754878398196,0.5,0.6,0.0,0.37099019513592785,4,3,0.8
5adcbb815542994ed6169bde,hotpotqa::list_of_microbreweries::ada2fed5ea,False,False,1,semantic_fluent_false_evidence,0.07755233453210572,1.0,0.8676470588235294,0.0,0.6045503455775482,5,6,0.6
5adcbb815542994ed6169bde,hotpotqa::brouwerij_'t_ij::758d7f6b81,False,False,1,semantic_fluent_false_evidence,0.10930633634807257,1.0,0.8947368421052632,0.0,0.6226699029602816,6,11,0.5
5adcbb815542994ed6169bde,hotpotqa::beer_in_south_korea::6609b0e476,False,False,1,semantic_fluent_false_evidence,0.12771665227259307,1.0,0.8378378378378378,0.0,0.6186542284766048,7,9,0.4
5adcbb815542994ed6169bde,hotpotqa::beer_by_region::da5587b734,False,False,1,semantic_fluent_false_evidence,0.1109184904513966,1.0,0.8518518518518519,0.0,0.614737766550929,8,7,0.4
5adcbb815542994ed6169bde,hotpotqa::american_nerd::4a53da93a1,False,False,1,semantic_fluent_false_evidence,0.49180788932265,1.0,0.9333333333333333,0.0,0.7833898223957266,9,11,0.19999999999999996
5adcbb815542994ed6169bde,hotpotqa::tom_clancy's_ghost_recon_2:_summit_strike::724193fe5a,False,False,1,semantic_fluent_false_evidence,0.4763139720814412,1.0,0.88,0.0,0.7665255888325765,10,11,0.09999999999999998
5adcbb815542994ed6169bde,hotpotqa::list_of_breweries_in_california::67a71a4e8b,False,False,1,semantic_fluent_false_evidence,0.2017766952966369,1.0,0.8275862068965517,0.0,0.6462279194979651,11,5,0.6
5adcbb815542994ed6169bde,hotpotqa::hess_corporation::8f839f25f8,False,False,1,semantic_fluent_false_evidence,0.5315072906367325,1.0,0.9239130434782609,0.0,0.7973855249503452,11,8,0.30000000000000004
5adcbb815542994ed6169bde,hotpotqa::namibia_breweries_limited::f90d8c3c49,False,False,1,semantic_fluent_false_evidence,0.26315698604072063,1.0,0.8333333333333334,0.0,0.6719294610829549,11,10,0.09999999999999998
5ae12a4b55429920d52342df,hotpotqa::baraki_barak_district::c81e73110c,False,True,1,semantic_fluent_false_evidence,0.0,0.0,0.5714285714285714,0.0,0.11428571428571428,1,2,1.0
5ae12a4b55429920d52342df,poison::semantic_fluent_false_evidence::5ae12a4b55429920d52342df::0::3d5ded7bc9,True,False,1,semantic_fluent_false_evidence,0.04330127018922193,0.0,0.8888888888888888,0.0,0.19509828585346653,2,1,1.0
5ae12a4b55429920d52342df,hotpotqa::baraki_rajan::1be12618bb,False,False,1,semantic_fluent_false_evidence,0.021650635094610966,0.0,0.5416666666666667,0.0,0.11699358737117774,3,4,0.8
5ae12a4b55429920d52342df,hotpotqa::baraki_barak::1b83302d96,False,False,1,semantic_fluent_false_evidence,0.04330127018922193,0.0,0.5,0.0,0.11732050807568876,4,3,0.8
5ae12a4b55429920d52342df,hotpotqa::camptown_(country_subdivision)::883ff907ec,False,False,1,semantic_fluent_false_evidence,0.20998310733685926,1.0,0.8529411764705882,0.0,0.6545814782288614,5,11,0.6
5ae12a4b55429920d52342df,hotpotqa::baraki_barak_airstrike::c80958a239,False,False,1,semantic_fluent_false_evidence,0.16583123951776998,0.5,0.8571428571428572,0.0,0.4377610672356794,6,5,0.6
5ae12a4b55429920d52342df,hotpotqa::dambai::8c5938dcc1,False,False,1,semantic_fluent_false_evidence,0.24251565188698476,1.0,0.5714285714285714,0.0,0.6112919750405081,7,11,0.4
5ae12a4b55429920d52342df,hotpotqa::lunda_norte_province::94e108ff27,False,False,1,semantic_fluent_false_evidence,0.4949747468305833,1.0,0.89,0.0,0.7759898987322333,8,11,0.30000000000000004
5ae12a4b55429920d52342df,hotpotqa::kwadjokrom::7ef1a6fc01,False,False,1,semantic_fluent_false_evidence,0.3269174207655505,1.0,0.75,0.0,0.6807669683062202,9,11,0.19999999999999996
5ae12a4b55429920d52342df,hotpotqa::forward_operating_base_shank::87776bae0a,False,False,1,semantic_fluent_false_evidence,0.32339830460440017,1.0,0.6111111111111112,0.0,0.6515815440639823,10,11,0.09999999999999998
5ae12a4b55429920d52342df,hotpotqa::mahsud::7489c757a2,False,False,1,semantic_fluent_false_evidence,0.2598076211353316,1.0,0.8048780487804879,0.0,0.6648986582102302,11,6,0.5
5ae12a4b55429920d52342df,hotpotqa::logar_province::b85c911ee9,False,True,1,semantic_fluent_false_evidence,0.45552167895721496,1.0,0.5,0.0,0.682208671582886,11,7,0.4
5ae12a4b55429920d52342df,hotpotqa::seoul::c97e0961e8,False,False,1,semantic_fluent_false_evidence,0.15811388300841897,1.0,0.8,0.0,0.6232455532033676,11,8,0.30000000000000004
5ae12a4b55429920d52342df,hotpotqa::agra_fort::ece35636e3,False,False,1,semantic_fluent_false_evidence,0.21690687699227731,1.0,0.8214285714285714,0.0,0.6510484650826253,11,9,0.19999999999999996
5ae12a4b55429920d52342df,hotpotqa::cajamarca_region::3fcded51d8,False,False,1,semantic_fluent_false_evidence,0.21205011422895836,1.0,0.8928571428571429,0.0,0.6633914742630119,11,10,0.09999999999999998
5ac0dcf25542996f0d89cc2c,hotpotqa::koch_family::c2e2ea36e7,False,True,1,semantic_fluent_false_evidence,0.05448623679425842,0.0,0.7878787878787878,0.0,0.17937025229346093,1,1,1.0
5ac0dcf25542996f0d89cc2c,poison::semantic_fluent_false_evidence::5ac0dcf25542996f0d89cc2c::0::dbb7ba9346,True,False,1,semantic_fluent_false_evidence,0.04330127018922193,0.0,0.8148148148148149,0.0,0.18028347103865175,2,3,0.9
5ac0dcf25542996f0d89cc2c,hotpotqa::fred_c._koch::ac2c1a4046,False,False,1,semantic_fluent_false_evidence,0.06830127018922194,0.25,0.5925925925925926,0.0,0.24583902659420728,3,4,0.8
5ac0dcf25542996f0d89cc2c,hotpotqa::david_koch::665ba42027,False,False,1,semantic_fluent_false_evidence,0.07755233453210572,0.0,0.7291666666666667,0.0,0.17685426714617564,4,2,0.9
5ac0dcf25542996f0d89cc2c,hotpotqa::koch_family_foundations::2bfc7f943b,False,False,1,semantic_fluent_false_evidence,0.04330127018922193,0.0,0.7446808510638299,0.0,0.16625667828845475,5,5,0.6
5ac0dcf25542996f0d89cc2c,hotpotqa::banfield_pet_hospital::4e7f4434a9,False,False,1,semantic_fluent_false_evidence,0.29154759474226505,1.0,0.9696969696969697,0.0,0.7105584318363,6,11,0.5
5ac0dcf25542996f0d89cc2c,hotpotqa::binford_&amp;_mort::155aecdaea,False,False,1,semantic_fluent_false_evidence,0.2654348654015805,1.0,0.8846153846153846,0.0,0.6830970230837091,7,11,0.4
5ac0dcf25542996f0d89cc2c,hotpotqa::new_zealand_mint::db3fe0931b,False,False,1,semantic_fluent_false_evidence,0.6259992012774458,1.0,0.9166666666666666,0.0,0.8337330138443116,8,11,0.30000000000000004
5ac0dcf25542996f0d89cc2c,hotpotqa::the_phone_co-op::e57206fc10,False,False,1,semantic_fluent_false_evidence,0.4656984002549289,1.0,0.9459459459459459,0.0,0.7754685492911608,9,11,0.19999999999999996
5ac0dcf25542996f0d89cc2c,hotpotqa::dark_money_(book)::68ed7301e2,False,True,1,semantic_fluent_false_evidence,0.3335059393453194,1.0,0.7903225806451613,0.0,0.69146689186716,10,6,0.5
5ac0dcf25542996f0d89cc2c,hotpotqa::family_life_(wenner_media_magazine)::d7cd6173ac,False,False,1,semantic_fluent_false_evidence,0.08660254037844387,1.0,0.9117647058823529,0.0,0.6169939573278481,11,7,0.4
5ac0dcf25542996f0d89cc2c,hotpotqa::tom_clancy::0cef0f9a1f,False,False,1,semantic_fluent_false_evidence,0.04330127018922193,1.0,0.8703703703703703,0.0,0.5913945821497628,11,8,0.30000000000000004
5ac0dcf25542996f0d89cc2c,hotpotqa::katharine_graham::936a331ccb,False,False,1,semantic_fluent_false_evidence,0.04330127018922193,1.0,0.8823529411764706,0.0,0.5937910963109829,11,9,0.19999999999999996
5ac0dcf25542996f0d89cc2c,hotpotqa::stephen_halbrook::186aed2fe8,False,False,1,semantic_fluent_false_evidence,0.08660254037844387,1.0,0.9186046511627907,0.0,0.6183619463839356,11,10,0.09999999999999998
5ab916e155429919ba4e23a4,hotpotqa::levan_kobiashvili::99c1de46b0,False,False,1,semantic_fluent_false_evidence,0.9110433579144299,1.0,0.8888888888888888,0.0,0.9421951209435498,1,11,1.0
5ab916e155429919ba4e23a4,poison::semantic_fluent_false_evidence::5ab916e155429919ba4e23a4::0::fbf2283a7a,True,False,1,semantic_fluent_false_evidence,0.021650635094610966,0.0,0.7333333333333334,0.0,0.15532692070451107,2,1,1.0
5ab916e155429919ba4e23a4,hotpotqa::chiwetel_ejiofor::9fea32c26e,False,True,1,semantic_fluent_false_evidence,0.1239675447430166,0.25,0.8333333333333334,0.0,0.3162536845638733,3,3,0.8
5ab916e155429919ba4e23a4,hotpotqa::sinan_tuzcu::e9603f897e,False,False,1,semantic_fluent_false_evidence,0.7361215932167728,1.0,1.0,0.0,0.8944486372867091,4,11,0.7
5ab916e155429919ba4e23a4,hotpotqa::josé_marcos_garay::0e053f861c,False,False,1,semantic_fluent_false_evidence,0.6928203230275509,1.0,0.9090909090909091,0.0,0.8589463110292022,5,11,0.6
5ab916e155429919ba4e23a4,hotpotqa::schapelle_corby::344e8436a9,False,False,1,semantic_fluent_false_evidence,0.8031189202104505,1.0,0.9411764705882353,0.0,0.9094828622018273,6,11,0.5
5ab916e155429919ba4e23a4,hotpotqa::12_years_a_slave_(score)::507b2ab960,False,True,1,semantic_fluent_false_evidence,0.4300812407977566,1.0,0.6470588235294117,0.0,0.7014442610249849,7,2,0.9
5ab916e155429919ba4e23a4,hotpotqa::solomon_northup::224b93f69d,False,False,1,semantic_fluent_false_evidence,0.6284902544988268,1.0,0.9722222222222222,0.0,0.8458405462439751,8,11,0.30000000000000004
5ab916e155429919ba4e23a4,hotpotqa::lau_kwok_kin::2dd29a9124,False,False,1,semantic_fluent_false_evidence,0.5196152422706632,1.0,0.9090909090909091,0.0,0.7896642787264472,9,11,0.19999999999999996
5ab916e155429919ba4e23a4,hotpotqa::lady_charlotte_elliot::56d374757e,False,False,1,semantic_fluent_false_evidence,0.5049752469181039,1.0,1.0,0.0,0.8019900987672415,10,11,0.09999999999999998
5ab916e155429919ba4e23a4,hotpotqa::hunger_(2008_film)::4ee9c8d5c7,False,False,1,semantic_fluent_false_evidence,0.18708286933869706,1.0,0.44999999999999996,0.0,0.5648331477354789,11,4,0.7
5ab916e155429919ba4e23a4,hotpotqa::liam_cunningham::da6c8a5b98,False,False,1,semantic_fluent_false_evidence,0.08291561975888499,1.0,0.7297297297297297,0.0,0.5791121938495,11,5,0.6
5ab916e155429919ba4e23a4,hotpotqa::equus_(film)::5448a8650a,False,False,1,semantic_fluent_false_evidence,0.08291561975888499,1.0,0.8888888888888888,0.0,0.6109440256813318,11,6,0.5
5ab916e155429919ba4e23a4,hotpotqa::sid_james::254e5fa70e,False,False,1,semantic_fluent_false_evidence,0.16055353766718905,1.0,0.8461538461538461,0.0,0.6334521842976448,11,7,0.4
5ab916e155429919ba4e23a4,hotpotqa::free_fire::b0b28b0e08,False,False,1,semantic_fluent_false_evidence,0.2680951323690902,1.0,0.9375,0.0,0.694738052947636,11,8,0.30000000000000004
5ab916e155429919ba4e23a4,hotpotqa::antony_and_cleopatra_(1974_tv_drama)::3409eccb9d,False,False,1,semantic_fluent_false_evidence,0.18027756377319945,1.0,0.8636363636363636,0.0,0.6448382982365526,11,9,0.19999999999999996
5ab916e155429919ba4e23a4,hotpotqa::harrison_ford::0630b91dcf,False,False,1,semantic_fluent_false_evidence,0.29474565306378986,1.0,0.86,0.0,0.689898261225516,11,10,0.09999999999999998
5a87c13f5542996e4f30890c,poison::semantic_fluent_false_evidence::5a87c13f5542996e4f30890c::0::5f101bac0c,True,False,1,semantic_fluent_false_evidence,0.021650635094610966,0.0,0.7419354838709677,0.0,0.15704735081203794,1,1,1.0
5a87c13f5542996e4f30890c,hotpotqa::tosca_(1956_film)::2ecd4302eb,False,True,1,semantic_fluent_false_evidence,0.6485328913102368,0.75,0.5882352941176471,0.0,0.6770602153476242,2,11,0.9
5a87c13f5542996e4f30890c,hotpotqa::franco_corelli::cf2a6bd56d,False,True,1,semantic_fluent_false_evidence,0.40793906360367205,0.25,0.7627118644067796,0.0,0.41571799832282474,3,2,0.9
5a87c13f5542996e4f30890c,hotpotqa::la_fanciulla_del_west::fa121f30b9,False,False,1,semantic_fluent_false_evidence,0.10897247358851685,1.0,0.7241379310344828,0.0,0.5884165756423033,4,11,0.7
5a87c13f5542996e4f30890c,hotpotqa::libuše_(opera)::d9f1220a84,False,False,1,semantic_fluent_false_evidence,0.6928203230275509,1.0,0.8412698412698413,0.0,0.8453820974649886,5,11,0.6
5a87c13f5542996e4f30890c,hotpotqa::la_bohème_(1988_film)::d07261a550,False,False,1,semantic_fluent_false_evidence,0.5602775724368741,1.0,0.375,0.0,0.6991110289747496,6,9,0.5
5a87c13f5542996e4f30890c,hotpotqa::gianni_schicchi::331876e111,False,False,1,semantic_fluent_false_evidence,0.31409585859860756,1.0,0.6346153846153846,0.0,0.65256142036252,7,11,0.4
5a87c13f5542996e4f30890c,hotpotqa::list_of_icelandic_films::69ec180c03,False,False,1,semantic_fluent_false_evidence,0.562916512459885,1.0,0.8695652173913043,0.0,0.7990796484622149,8,11,0.30000000000000004
5a87c13f5542996e4f30890c,hotpotqa::cesira_ferrani::57f88fe909,False,False,1,semantic_fluent_false_evidence,0.3529948708289057,1.0,0.5476190476190477,0.0,0.6507217578553718,9,11,0.19999999999999996
5a87c13f5542996e4f30890c,hotpotqa::ron_bottcher::719d0d40aa,False,False,1,semantic_fluent_false_evidence,0.29939422961030004,1.0,0.7560975609756098,0.0,0.6709772040392419,10,4,0.7
5a87c13f5542996e4f30890c,hotpotqa::cavalleria_rusticana_(1982_film)::d6b81761f2,False,False,1,semantic_fluent_false_evidence,0.3269174207655505,1.0,0.6739130434782609,0.0,0.6655495770018723,11,3,0.8
5a87c13f5542996e4f30890c,hotpotqa::repertoire_of_plácido_domingo::ebbf1ff481,False,False,1,semantic_fluent_false_evidence,0.15811388300841897,1.0,0.7865168539325843,0.0,0.6205489239898845,11,5,0.6
5a87c13f5542996e4f30890c,hotpotqa::plácido_domingo::5826a9b164,False,False,1,semantic_fluent_false_evidence,0.15811388300841897,1.0,0.5538461538461539,0.0,0.5740147839725983,11,6,0.5
5a87c13f5542996e4f30890c,hotpotqa::giovanna_d'arco_al_rogo::c0a7b3927d,False,False,1,semantic_fluent_false_evidence,0.21650635094610968,1.0,0.7894736842105263,0.0,0.6444972772205492,11,7,0.4
5a87c13f5542996e4f30890c,hotpotqa::festival_puccini::8a9b71c183,False,False,1,semantic_fluent_false_evidence,0.32051173111109466,0.75,0.6363636363636364,0.0,0.5554774197171651,11,8,0.30000000000000004
5a87c13f5542996e4f30890c,hotpotqa::macbeth_(opera)::1148633511,False,False,1,semantic_fluent_false_evidence,0.27726341266023546,1.0,0.5555555555555556,0.0,0.6220164761752053,11,10,0.09999999999999998
5ae1443855429920d5234362,poison::semantic_fluent_false_evidence::5ae1443855429920d5234362::0::7cb855a362,True,False,1,semantic_fluent_false_evidence,0.0,0.0,0.782608695652174,0.0,0.1565217391304348,1,1,1.0
5ae1443855429920d5234362,hotpotqa::alexander_nikolayev::fe006ce6ef,False,True,1,semantic_fluent_false_evidence,0.0,0.0,0.5,0.0,0.1,2,2,0.9
5ae1443855429920d5234362,hotpotqa::mikhail_linnik::ee699025d4,False,False,1,semantic_fluent_false_evidence,0.04330127018922193,0.0,0.7142857142857143,0.0,0.16017765093283162,3,4,0.8
5ae1443855429920d5234362,hotpotqa::vladimir_fedorovich_vladimirov::b280270e1e,False,False,1,semantic_fluent_false_evidence,0.021650635094610966,1.0,0.5294117647058824,0.0,0.5145426069790209,4,6,0.7
5ae1443855429920d5234362,hotpotqa::georgy_vasilyevich_ivanov::a5cf5b8400,False,False,1,semantic_fluent_false_evidence,0.041457809879442496,0.0,0.5833333333333333,0.0,0.13324979061844364,5,5,0.6
5ae1443855429920d5234362,hotpotqa::battle_of_berlin::fc16ed73a6,False,True,1,semantic_fluent_false_evidence,0.09601432184835759,1.0,0.19999999999999996,0.0,0.47840572873934306,6,3,0.8
5ae1443855429920d5234362,hotpotqa::list_of_azerbaijani_heroes_of_the_soviet_union::8bb84ccd87,False,False,1,semantic_fluent_false_evidence,0.08291561975888499,1.0,0.9285714285714286,0.0,0.6188805336178398,7,11,0.4
5ae1443855429920d5234362,hotpotqa::anatoly_petrakovsky::888e364c52,False,False,1,semantic_fluent_false_evidence,0.06123724356957945,1.0,0.8181818181818181,0.0,0.5881312610641954,8,9,0.30000000000000004
5ae1443855429920d5234362,hotpotqa::bahatdin_mirzayev::6f5d24ac29,False,False,1,semantic_fluent_false_evidence,0.07755233453210572,1.0,0.8082191780821918,0.0,0.5926647694292806,9,11,0.19999999999999996
5ae1443855429920d5234362,hotpotqa::boris_vladimirov::ce65a58fd2,False,False,1,semantic_fluent_false_evidence,0.075,1.0,0.7213114754098361,0.0,0.5742622950819671,10,7,0.4
5ae1443855429920d5234362,hotpotqa::nicholas_ii_of_russia::fd9a795e9d,False,False,1,semantic_fluent_false_evidence,0.0,1.0,0.9076923076923077,0.0,0.5815384615384616,11,8,0.30000000000000004
5ae1443855429920d5234362,hotpotqa::hermann_göring::2525abd87f,False,False,1,semantic_fluent_false_evidence,0.08660254037844387,1.0,0.9230769230769231,0.0,0.6192564007667622,11,10,0.09999999999999998
5a877dd65542993e715abf79,poison::semantic_fluent_false_evidence::5a877dd65542993e715abf79::0::cf8811d8e6,True,False,1,semantic_fluent_false_evidence,0.0,0.0,0.6511627906976745,0.0,0.13023255813953488,1,1,1.0
5a877dd65542993e715abf79,hotpotqa::memoir_of_halldór_laxness::f188b81bff,False,False,1,semantic_fluent_false_evidence,0.021650635094610966,0.0,0.8,0.0,0.1686602540378444,2,5,0.9
5a877dd65542993e715abf79,hotpotqa::halldór_laxness::3021d96b14,False,True,1,semantic_fluent_false_evidence,0.06035533905932738,0.0,0.75,0.0,0.17414213562373096,3,4,0.8
5a877dd65542993e715abf79,hotpotqa::auður_laxness::3509505e17,False,False,1,semantic_fluent_false_evidence,0.04330127018922193,1.0,0.7037037037037037,0.0,0.5580612488164295,4,7,0.7
5a877dd65542993e715abf79,hotpotqa::timothy_leary::0f2b46d204,False,True,1,semantic_fluent_false_evidence,0.035355339059327376,0.0,0.8769230769230769,0.0,0.18952675100834632,5,2,0.9
5a877dd65542993e715abf79,hotpotqa::list_of_harry_potter_cast_members::f1a2a13a25,False,False,1,semantic_fluent_false_evidence,0.659545297913646,1.0,0.9767441860465116,0.0,0.8591669563747608,6,11,0.5
5a877dd65542993e715abf79,hotpotqa::baraki_barak_airstrike::c80958a239,False,False,1,semantic_fluent_false_evidence,0.653834841531101,1.0,0.9166666666666666,0.0,0.8448672699457738,7,11,0.4
5a877dd65542993e715abf79,hotpotqa::independent_people::9bb5bf006a,False,False,1,semantic_fluent_false_evidence,0.2917512277389098,1.0,0.7948717948717949,0.0,0.675674850069923,8,8,0.30000000000000004
5a877dd65542993e715abf79,hotpotqa::history_of_braathens_(1994–2004)::ecbc20caaf,False,False,1,semantic_fluent_false_evidence,0.5196152422706632,1.0,0.9558823529411765,0.0,0.7990225674965006,9,11,0.19999999999999996
5a877dd65542993e715abf79,poison::semantic_fluent_false_evidence::5ab870ee5542990e739ec8f6::0::4ce9f192b1,False,False,1,semantic_fluent_false_evidence,0.43301270189221935,1.0,0.9428571428571428,0.0,0.7617765093283163,10,11,0.09999999999999998
5a877dd65542993e715abf79,hotpotqa::halldór_laxness_(album)::0cbfcc1922,False,False,1,semantic_fluent_false_evidence,0.16806903927824496,1.0,0.33333333333333337,0.0,0.5338942823779647,11,3,0.8
5a877dd65542993e715abf79,hotpotqa::guðný_halldórsdóttir::4ad28e2eaa,False,False,1,semantic_fluent_false_evidence,0.08660254037844387,1.0,0.8064516129032258,0.0,0.5959313387320228,11,6,0.5
5a877dd65542993e715abf79,hotpotqa::the_fish_can_sing::8757584b70,False,False,1,semantic_fluent_false_evidence,0.20615528128088303,1.0,0.46153846153846156,0.0,0.5747698048200455,11,9,0.19999999999999996
5a877dd65542993e715abf79,hotpotqa::christopher_guest::504db32b6f,False,False,1,semantic_fluent_false_evidence,0.10897247358851685,1.0,0.9375,0.0,0.6310889894354068,11,10,0.09999999999999998
5addcb215542997dc7907033,poison::semantic_fluent_false_evidence::5addcb215542997dc7907033::0::1f20f533ea,True,False,1,semantic_fluent_false_evidence,0.0,0.0,0.6666666666666667,0.0,0.13333333333333336,1,1,1.0
5addcb215542997dc7907033,hotpotqa::victory_(puff_daddy_song)::15598d5a89,False,False,1,semantic_fluent_false_evidence,0.35882939401762154,1.0,0.7733333333333333,0.0,0.6981984242737153,2,11,0.9
5addcb215542997dc7907033,hotpotqa::naomi_campbell::69fae504cf,False,True,1,semantic_fluent_false_evidence,0.3049077729412617,0.75,0.72,0.0,0.5659631091765046,3,3,0.8
5addcb215542997dc7907033,hotpotqa::nasty_girl_(the_notorious_b.i.g._song)::fb5b0cd493,False,True,1,semantic_fluent_false_evidence,0.04330127018922193,0.0,0.8191489361702128,0.0,0.1811502953097313,4,2,0.9
5addcb215542997dc7907033,hotpotqa::total_(group)::236bb26704,False,False,1,semantic_fluent_false_evidence,0.3506690034776384,0.5,0.7317073170731707,0.0,0.4866090648056895,5,4,0.7
5addcb215542997dc7907033,hotpotqa::love_stinks_(song)::1ce289ec7e,False,False,1,semantic_fluent_false_evidence,0.649519052838329,1.0,0.675,0.0,0.7948076211353315,6,11,0.5
5addcb215542997dc7907033,hotpotqa::lionel_snell::07a7c31cb0,False,False,1,semantic_fluent_false_evidence,0.1118033988749895,1.0,0.8444444444444444,0.0,0.6136102484388847,7,11,0.4
5addcb215542997dc7907033,hotpotqa::rihanna_videography::b8d76cb1fb,False,False,1,semantic_fluent_false_evidence,0.562916512459885,1.0,0.6835443037974683,0.0,0.7618754657434477,8,11,0.30000000000000004
5addcb215542997dc7907033,hotpotqa::sos_(rihanna_song)::65532c1f0f,False,False,1,semantic_fluent_false_evidence,0.5196152422706632,1.0,0.6538461538461539,0.0,0.738615327677496,9,11,0.19999999999999996
5addcb215542997dc7907033,hotpotqa::mo_money_mo_problems::6ac0907185,False,False,1,semantic_fluent_false_evidence,0.6201477386244467,1.0,0.45833333333333337,0.0,0.7397257621164454,10,9,0.19999999999999996
5addcb215542997dc7907033,hotpotqa::vanity_(singer)::21a46aad31,False,False,1,semantic_fluent_false_evidence,0.30532077804236635,1.0,0.7866666666666666,0.0,0.6794616445502799,11,5,0.6
5addcb215542997dc7907033,hotpotqa::duets:_the_final_chapter::3f07c84bc8,False,False,1,semantic_fluent_false_evidence,0.3632272652744274,0.75,0.6727272727272727,0.0,0.5798363606552255,11,6,0.5
5addcb215542997dc7907033,hotpotqa::clémence_poésy::48a2985070,False,False,1,semantic_fluent_false_evidence,0.2345207879911715,1.0,0.8205128205128205,0.0,0.6579108792990327,11,7,0.4
5addcb215542997dc7907033,hotpotqa::rebecca_gayheart::00ed003bfe,False,False,1,semantic_fluent_false_evidence,0.41231056256176607,1.0,0.75,0.0,0.7149242250247064,11,8,0.30000000000000004
5addcb215542997dc7907033,hotpotqa::sexy_beast::2be125f438,False,False,1,semantic_fluent_false_evidence,0.18027756377319945,1.0,0.8846153846153846,0.0,0.6490341024323567,11,10,0.09999999999999998
5a72f74a55429901807daf59,poison::semantic_fluent_false_evidence::5a72f74a55429901807daf59::0::c6ad509491,True,False,1,semantic_fluent_false_evidence,0.0,0.0,0.8571428571428572,0.0,0.17142857142857143,1,2,1.0
5a72f74a55429901807daf59,hotpotqa::helen_atkinson-wood::19c9e6ebe3,False,False,1,semantic_fluent_false_evidence,0.775806032459145,1.0,0.7777777777777778,0.0,0.8658779685392135,2,11,0.9
5a72f74a55429901807daf59,hotpotqa::johnny_pemberton::7c96a93b38,False,False,1,semantic_fluent_false_evidence,0.43971143170299737,1.0,0.7142857142857143,0.0,0.7187417155383418,3,11,0.8
5a72f74a55429901807daf59,hotpotqa::tim_bedore::afac9a7427,False,False,1,semantic_fluent_false_evidence,0.39655992097932463,1.0,1.0,0.0,0.7586239683917299,4,11,0.7
5a72f74a55429901807daf59,hotpotqa::francesca_fowler::d20241d25e,False,False,1,semantic_fluent_false_evidence,0.775806032459145,1.0,0.6190476190476191,0.0,0.8341319367931819,5,11,0.6
5a72f74a55429901807daf59,hotpotqa::ken_waller::6e6264ed45,False,False,1,semantic_fluent_false_evidence,0.6103277807866851,1.0,0.8717948717948718,0.0,0.8184900866736484,6,11,0.5
5a72f74a55429901807daf59,hotpotqa::nicholas_mele::1d4fa8f867,False,False,1,semantic_fluent_false_evidence,0.32015621187164245,1.0,0.75,0.0,0.6780624847486569,7,11,0.4
5a72f74a55429901807daf59,poison::semantic_fluent_false_evidence::5a74a26a55429979e28829d6::0::359daf58c7,False,False,1,semantic_fluent_false_evidence,0.5678908345800273,1.0,0.8333333333333334,0.0,0.7938230004986776,8,11,0.30000000000000004
5a72f74a55429901807daf59,hotpotqa::recher_theatre::b9109ab0c6,False,False,1,semantic_fluent_false_evidence,0.6284902544988268,1.0,0.8636363636363636,0.0,0.8241233745268035,9,11,0.19999999999999996
5a72f74a55429901807daf59,hotpotqa::nick_offerman::4e8fb231f6,False,False,1,semantic_fluent_false_evidence,0.292643222834979,1.0,0.6956521739130435,0.0,0.6561877239166003,10,11,0.09999999999999998
5a72f74a55429901807daf59,hotpotqa::sleepless_in_seattle::8730619918,False,True,1,semantic_fluent_false_evidence,0.0,1.0,0.7674418604651163,0.0,0.5534883720930233,11,1,1.0
5a72f74a55429901807daf59,hotpotqa::christopher_guest::504db32b6f,False,False,1,semantic_fluent_false_evidence,0.0,1.0,0.7540983606557377,0.0,0.5508196721311476,11,3,0.8
5a72f74a55429901807daf59,hotpotqa::timothy_olyphant::b413e7ae6b,False,False,1,semantic_fluent_false_evidence,0.0,1.0,0.8735632183908046,0.0,0.574712643678161,11,4,0.7
5a72f74a55429901807daf59,hotpotqa::nerdland::402c721609,False,False,1,semantic_fluent_false_evidence,0.08660254037844387,1.0,0.8604651162790697,0.0,0.6067340394071915,11,5,0.6
5a72f74a55429901807daf59,hotpotqa::rob_sitch::924bc9481e,False,False,1,semantic_fluent_false_evidence,0.08291561975888499,1.0,0.4444444444444444,0.0,0.5220551367924429,11,6,0.5
5a72f74a55429901807daf59,hotpotqa::marty_belafsky::cb1827619d,False,False,1,semantic_fluent_false_evidence,0.08291561975888499,1.0,0.7090909090909091,0.0,0.5749844297217358,11,7,0.4
5a72f74a55429901807daf59,hotpotqa::zack_norman::c679e5d0ed,False,False,1,semantic_fluent_false_evidence,0.20061448868632056,1.0,0.7088607594936709,0.0,0.6220179473732623,11,8,0.30000000000000004
5a72f74a55429901807daf59,hotpotqa::jimmy_tatro::719fa75441,False,False,1,semantic_fluent_false_evidence,0.3247595264191645,1.0,0.8125,0.0,0.6924038105676658,11,9,0.19999999999999996
5a72f74a55429901807daf59,hotpotqa::cheech_marin::970408e77e,False,False,1,semantic_fluent_false_evidence,0.05,1.0,0.8636363636363636,0.0,0.5927272727272728,11,10,0.09999999999999998
5ae1d4e8554299234fd04312,poison::semantic_fluent_false_evidence::5ae1d4e8554299234fd04312::0::dc6b5f6efe,True,False,1,semantic_fluent_false_evidence,0.0,0.0,0.8,0.0,0.16,1,1,1.0
5ae1d4e8554299234fd04312,hotpotqa::any_questions_for_ben?::39e9511188,False,True,1,semantic_fluent_false_evidence,0.0,0.0,0.84,0.0,0.16799999999999998,2,2,0.9
5ae1d4e8554299234fd04312,hotpotqa::inside_film_awards::89f3428404,False,False,1,semantic_fluent_false_evidence,0.15718168992852566,1.0,0.8333333333333334,0.0,0.629539342638077,3,11,0.8
5ae1d4e8554299234fd04312,hotpotqa::angel_(1982_irish_film)::0d08383d72,False,False,1,semantic_fluent_false_evidence,0.19202864369671518,1.0,0.7692307692307692,0.0,0.6306576113248399,4,11,0.7
5ae1d4e8554299234fd04312,hotpotqa::cuban_democracy_act::3684307a4c,False,False,1,semantic_fluent_false_evidence,0.6557438524302001,1.0,0.9827586206896551,0.0,0.8588492651100111,5,11,0.6
5ae1d4e8554299234fd04312,hotpotqa::mista_savona::8bececce1b,False,False,1,semantic_fluent_false_evidence,0.5431390245600107,1.0,0.911504424778761,0.0,0.7995564947797564,6,11,0.5
5ae1d4e8554299234fd04312,hotpotqa::schwächen::9084f3df47,False,False,1,semantic_fluent_false_evidence,0.6062177826491071,1.0,0.975609756097561,0.0,0.8376090642791549,7,11,0.4
5ae1d4e8554299234fd04312,hotpotqa::the_man_from_snowy_river_(poem)::1b373107a4,False,False,1,semantic_fluent_false_evidence,0.562916512459885,1.0,0.9545454545454546,0.0,0.8160756958930449,8,11,0.30000000000000004
5ae1d4e8554299234fd04312,hotpotqa::sinclair_hill::2c12b4074a,False,False,1,semantic_fluent_false_evidence,0.5356071321407138,1.0,0.7894736842105263,0.0,0.7721375896983907,9,11,0.19999999999999996
5ae1d4e8554299234fd04312,hotpotqa::scare_campaign::59bd630574,False,False,1,semantic_fluent_false_evidence,0.41032932481291917,1.0,0.736842105263158,0.0,0.7115001509777993,10,8,0.30000000000000004
5ae1d4e8554299234fd04312,hotpotqa::ben_queen::159f25f010,False,False,1,semantic_fluent_false_evidence,0.04330127018922193,1.0,0.8421052631578947,0.0,0.5857415607072677,11,3,0.8
5ae1d4e8554299234fd04312,hotpotqa::rob_sitch::924bc9481e,False,True,1,semantic_fluent_false_evidence,0.3705327785184325,0.75,0.6,0.0,0.568213111407373,11,4,0.7
5ae1d4e8554299234fd04312,hotpotqa::josh_schuberth::9bac85fe0c,False,False,1,semantic_fluent_false_evidence,0.0,1.0,0.8958333333333334,0.0,0.5791666666666667,11,5,0.6
5ae1d4e8554299234fd04312,hotpotqa::clayton_watson::5cf0ea2a35,False,False,1,semantic_fluent_false_evidence,0.08660254037844387,1.0,0.8148148148148149,0.0,0.5976039791143405,11,6,0.5
5ae1d4e8554299234fd04312,hotpotqa::robot_overlords::487212f470,False,False,1,semantic_fluent_false_evidence,0.16583123951776998,1.0,0.84,0.0,0.634332495807108,11,7,0.4
5ae1d4e8554299234fd04312,hotpotqa::mel_gibson_filmography::02c30cf92c,False,False,1,semantic_fluent_false_evidence,0.5087875102364398,1.0,0.8461538461538461,0.0,0.7727457733253451,11,9,0.19999999999999996
5ae1d4e8554299234fd04312,hotpotqa::james_franco::fe708513b4,False,False,1,semantic_fluent_false_evidence,0.41457809879442503,1.0,0.8571428571428572,0.0,0.7372598109463414,11,10,0.09999999999999998
5abe3dc65542993f32c2a0c4,poison::semantic_fluent_false_evidence::5abe3dc65542993f32c2a0c4::0::608b017265,True,False,1,semantic_fluent_false_evidence,0.0,0.0,0.7391304347826086,0.0,0.14782608695652172,1,1,1.0
5abe3dc65542993f32c2a0c4,hotpotqa::swx_right_now::650cf4a5d2,False,True,1,semantic_fluent_false_evidence,0.0,0.0,0.7027027027027026,0.0,0.14054054054054052,2,2,0.9
5abe3dc65542993f32c2a0c4,hotpotqa::kumv-tv::81067bd485,False,False,1,semantic_fluent_false_evidence,0.16742443246574348,1.0,0.19718309859154926,0.0,0.5064063927046073,3,11,0.8
5abe3dc65542993f32c2a0c4,hotpotqa::kqcd-tv::78213388e0,False,False,1,semantic_fluent_false_evidence,0.20584494055556207,1.0,0.19402985074626866,0.0,0.5211439463714787,4,11,0.7
5abe3dc65542993f32c2a0c4,hotpotqa::krsq::98e18aa68c,False,False,1,semantic_fluent_false_evidence,0.05590169943749475,1.0,0.30000000000000004,0.0,0.48236067977499786,5,8,0.6
5abe3dc65542993f32c2a0c4,hotpotqa::kewf::9ca802a482,False,False,1,semantic_fluent_false_evidence,0.1299038105676658,0.75,0.5517241379310345,0.0,0.46230635181327323,6,4,0.7
5abe3dc65542993f32c2a0c4,hotpotqa::kctr-fm::12b257c02e,False,False,1,semantic_fluent_false_evidence,0.09778750698348035,1.0,0.19999999999999996,0.0,0.4791150027933921,7,7,0.4
5abe3dc65542993f32c2a0c4,hotpotqa::kxmd-tv::1a547af123,False,False,1,semantic_fluent_false_evidence,0.17101792246181502,1.0,0.19444444444444442,0.0,0.5072960578736149,8,9,0.30000000000000004
5abe3dc65542993f32c2a0c4,hotpotqa::kbxi::531cc5d365,False,False,1,semantic_fluent_false_evidence,0.14602406473293847,0.75,0.5,0.0,0.4584096258931754,9,6,0.5
5abe3dc65542993f32c2a0c4,hotpotqa::kulr-tv::5c9de45867,False,True,1,semantic_fluent_false_evidence,0.17165063509461095,0.75,0.47619047619047616,0.0,0.46389834927593965,10,5,0.6
5abe3dc65542993f32c2a0c4,hotpotqa::kkbr::df1cb20665,False,False,1,semantic_fluent_false_evidence,0.0649519052838329,1.0,0.6,0.0,0.5459807621135331,11,3,0.8
5abe3dc65542993f32c2a0c4,hotpotqa::sirius_xm_holdings::d6d5523c93,False,False,1,semantic_fluent_false_evidence,0.0,1.0,0.6774193548387097,0.0,0.535483870967742,11,10,0.09999999999999998
5a8ed10b5542995085b374a0,hotpotqa::scare_campaign::59bd630574,False,False,1,semantic_fluent_false_evidence,0.0739509972887452,1.0,0.8125,0.0,0.592080398915498,1,6,1.0
5a8ed10b5542995085b374a0,hotpotqa::the_visit_(2015_american_film)::3bf2a65d06,False,True,1,semantic_fluent_false_evidence,0.021650635094610966,0.0,0.7142857142857143,0.0,0.15151739689498725,2,1,1.0
5a8ed10b5542995085b374a0,hotpotqa::olivia_dejonge::a3c929cfac,False,True,1,semantic_fluent_false_evidence,0.11854143466934852,0.5,0.8,0.0,0.4074165738677394,3,5,0.8
5a8ed10b5542995085b374a0,hotpotqa::the_village_(2004_film)::ab9066777e,False,False,1,semantic_fluent_false_evidence,0.035355339059327376,0.0,0.8536585365853658,0.0,0.1848738429408041,4,2,0.9
5a8ed10b5542995085b374a0,hotpotqa::hawa_(film)::a9a630e71b,False,False,1,semantic_fluent_false_evidence,0.6020797289396148,1.0,0.9166666666666666,0.0,0.8241652249091793,5,11,0.6
5a8ed10b5542995085b374a0,hotpotqa::signs_(film)::53b8a210fb,False,False,1,semantic_fluent_false_evidence,0.10453851375880138,1.0,0.8888888888888888,0.0,0.6195931832812983,6,8,0.5
5a8ed10b5542995085b374a0,hotpotqa::the_true_adventures_of_wolfboy::96afb093f9,False,False,1,semantic_fluent_false_evidence,0.2536977661656017,1.0,0.9444444444444444,0.0,0.6903679953551295,7,11,0.4
5a8ed10b5542995085b374a0,hotpotqa::meet_me_there::d107792b0a,False,False,1,semantic_fluent_false_evidence,0.43929388792261453,1.0,0.925,0.0,0.7607175551690458,8,11,0.30000000000000004
5a8ed10b5542995085b374a0,hotpotqa::the_keeping_hours::ac5e093369,False,False,1,semantic_fluent_false_evidence,0.3272466874792356,1.0,0.9285714285714286,0.0,0.7166129607059799,9,7,0.4
5a8ed10b5542995085b374a0,hotpotqa::the_babymakers::8da5f3a8c5,False,False,1,semantic_fluent_false_evidence,0.45,1.0,0.9259259259259259,0.0,0.7651851851851852,10,11,0.09999999999999998
5a8ed10b5542995085b374a0,poison::semantic_fluent_false_evidence::5a8ed10b5542995085b374a0::0::0677538ad5,True,False,1,semantic_fluent_false_evidence,0.30310889132455354,0.75,0.8666666666666667,0.0,0.5945768898631547,11,3,0.8
5a8ed10b5542995085b374a0,hotpotqa::when_a_stranger_calls_(2006_film)::3ba94badf3,False,False,1,semantic_fluent_false_evidence,0.09601432184835759,1.0,0.9318181818181819,0.0,0.6247693651029794,11,4,0.7
5a8ed10b5542995085b374a0,hotpotqa::scream_2::af5e2d6675,False,False,1,semantic_fluent_false_evidence,0.08291561975888499,1.0,0.962962962962963,0.0,0.6257588404961466,11,9,0.19999999999999996
5a8ed10b5542995085b374a0,hotpotqa::on_the_basis_of_sex::4c29b3fae6,False,False,1,semantic_fluent_false_evidence,0.2680951323690902,1.0,0.9230769230769231,0.0,0.6918534375630208,11,10,0.09999999999999998
5a7a112a5542990783324e2b,poison::semantic_fluent_false_evidence::5a7a112a5542990783324e2b::0::6e351e5214,True,False,1,semantic_fluent_false_evidence,0.0,0.0,0.7058823529411764,0.0,0.1411764705882353,1,1,1.0
5a7a112a5542990783324e2b,hotpotqa::the_forsaken_(album)::71b42f2f0f,False,False,1,semantic_fluent_false_evidence,0.07071067811865475,1.0,0.7142857142857143,0.0,0.5711414141046047,2,11,0.9
5a7a112a5542990783324e2b,hotpotqa::mark_gaudet::4d656823cc,False,True,1,semantic_fluent_false_evidence,0.10361861664838598,0.75,0.6521739130434783,0.0,0.47188222926805007,3,3,0.8
5a7a112a5542990783324e2b,hotpotqa::steinar_sverd_johnsen::5a258b9001,False,False,1,semantic_fluent_false_evidence,0.035355339059327376,1.0,0.4,0.0,0.494142135623731,4,7,0.7
5a7a112a5542990783324e2b,hotpotqa::mezzerschmitt::10334677da,False,False,1,semantic_fluent_false_evidence,0.035355339059327376,0.25,0.6857142857142857,0.0,0.2512849927665881,5,6,0.6
5a7a112a5542990783324e2b,hotpotqa::elevator_(band)::f8966558ba,False,False,1,semantic_fluent_false_evidence,0.25,1.0,0.7446808510638299,0.0,0.648936170212766,6,11,0.5
5a7a112a5542990783324e2b,hotpotqa::jan_axel_blomberg::6815c27755,False,True,1,semantic_fluent_false_evidence,0.10825317547305482,0.25,0.39534883720930236,0.0,0.2223710376310824,7,2,0.9
5a7a112a5542990783324e2b,hotpotqa::on_the_soul::b20010dda8,False,False,1,semantic_fluent_false_evidence,0.562916512459885,1.0,0.9444444444444444,0.0,0.8140554938728428,8,11,0.30000000000000004
5a7a112a5542990783324e2b,hotpotqa::music_instructor::b34c54183e,False,False,1,semantic_fluent_false_evidence,0.458257569495584,1.0,0.8837209302325582,0.0,0.7600472138447453,9,11,0.19999999999999996
5a7a112a5542990783324e2b,hotpotqa::anne_cochran::1202ea8e49,False,False,1,semantic_fluent_false_evidence,0.4763139720814412,1.0,0.8970588235294118,0.0,0.7699373535384588,10,11,0.09999999999999998
5a7a112a5542990783324e2b,hotpotqa::erik_blomberg_(writer)::fa35e53c45,False,False,1,semantic_fluent_false_evidence,0.296650635094611,1.0,0.7777777777777778,0.0,0.6742158095933999,11,4,0.7
5a7a112a5542990783324e2b,hotpotqa::axel_von_blomberg::e72d6d2006,False,False,1,semantic_fluent_false_evidence,0.3103553390593274,1.0,0.8,0.0,0.6841421356237309,11,5,0.6
5a7a112a5542990783324e2b,hotpotqa::schwächen::9084f3df47,False,False,1,semantic_fluent_false_evidence,0.1479019945774904,1.0,0.8571428571428572,0.0,0.6305893692595677,11,8,0.30000000000000004
5a7a112a5542990783324e2b,hotpotqa::decipher_(after_forever_album)::72f585fd17,False,False,1,semantic_fluent_false_evidence,0.19820508075688772,1.0,0.8431372549019608,0.0,0.6479094832831472,11,9,0.19999999999999996
5a7a112a5542990783324e2b,hotpotqa::blues_brothers_2000_(soundtrack)::30a4c97f82,False,False,1,semantic_fluent_false_evidence,0.2692582403567252,1.0,0.8688524590163934,0.0,0.6814737879459687,11,10,0.09999999999999998
5ab870ee5542990e739ec8f6,hotpotqa::a_wind_in_the_door::4255988f1b,False,True,1,semantic_fluent_false_evidence,0.035355339059327376,0.0,0.7272727272727273,0.0,0.1595966810782764,1,2,1.0
5ab870ee5542990e739ec8f6,poison::semantic_fluent_false_evidence::5ab870ee5542990e739ec8f6::0::4ce9f192b1,True,False,1,semantic_fluent_false_evidence,0.021650635094610966,0.0,0.8666666666666667,0.0,0.1819935873711777,2,1,1.0
5ab870ee5542990e739ec8f6,hotpotqa::the_four_winds_of_love::ca16f2b6c4,False,False,1,semantic_fluent_false_evidence,0.295162960194659,1.0,0.9210526315789473,0.0,0.7022757103936531,3,7,0.8
5ab870ee5542990e739ec8f6,hotpotqa::close_the_last_door::15daef72b5,False,False,1,semantic_fluent_false_evidence,0.3680607966083864,0.75,0.6956521739130435,0.0,0.5863547534259632,4,4,0.7
5ab870ee5542990e739ec8f6,hotpotqa::kaze_no_stigma::8d9fdcbf2c,False,False,1,semantic_fluent_false_evidence,0.4783689711502303,1.0,0.8048780487804879,0.0,0.7523231982161896,5,11,0.6
5ab870ee5542990e739ec8f6,hotpotqa::the_guard_(2011_film)::58a9f554ad,False,False,1,semantic_fluent_false_evidence,0.6363961030678927,1.0,0.8611111111111112,0.0,0.8267806634493793,6,11,0.5
5ab870ee5542990e739ec8f6,"hotpotqa::oh,_doctor_beeching!::b2c0792b6e",False,False,1,semantic_fluent_false_evidence,0.6062177826491071,1.0,0.8,0.0,0.8024871130596429,7,11,0.4
5ab870ee5542990e739ec8f6,hotpotqa::codename:_kids_next_door::929063d0a1,False,False,1,semantic_fluent_false_evidence,0.3897114317029974,1.0,0.8461538461538461,0.0,0.7251153419119681,8,11,0.30000000000000004
5ab870ee5542990e739ec8f6,hotpotqa::starke_man::28e11ac69a,False,False,1,semantic_fluent_false_evidence,0.5196152422706632,1.0,0.94,0.0,0.7958460969082652,9,11,0.19999999999999996
5ab870ee5542990e739ec8f6,hotpotqa::mary_poppins_opens_the_door::d81c2adf0e,False,False,1,semantic_fluent_false_evidence,0.2381569860407206,1.0,0.6923076923076923,0.0,0.6337243328778267,10,3,0.8
5ab870ee5542990e739ec8f6,hotpotqa::dan_angel::f7862f5a54,False,False,1,semantic_fluent_false_evidence,0.10897247358851685,1.0,0.9487179487179487,0.0,0.6333325791789964,11,5,0.6
5ab870ee5542990e739ec8f6,hotpotqa::door_to_door_(modern_family)::3e346ba2fe,False,False,1,semantic_fluent_false_evidence,0.3948609566914729,1.0,0.65,0.0,0.6879443826765892,11,6,0.5
5ab870ee5542990e739ec8f6,hotpotqa::nick_fury_(2017_comic_book)::1890aa6c90,False,False,1,semantic_fluent_false_evidence,0.4968651728587948,1.0,0.7777777777777778,0.0,0.7543016246990735,11,8,0.30000000000000004
5ab870ee5542990e739ec8f6,hotpotqa::red_doors::8108ed77c2,False,False,1,semantic_fluent_false_evidence,0.38324274291889726,1.0,0.7872340425531915,0.0,0.7107439056781972,11,9,0.19999999999999996
5ab870ee5542990e739ec8f6,hotpotqa::son_of_zorn::8e07173864,False,False,1,semantic_fluent_false_evidence,0.4763139720814412,1.0,0.8387096774193549,0.0,0.7582675243164474,11,10,0.09999999999999998
5a8810485542997e5c09a590,hotpotqa::a13_motorway_(netherlands)::70e1b0e490,False,True,1,semantic_fluent_false_evidence,0.14360851453238221,0.75,0.16666666666666663,0.0,0.3907767391462862,1,6,1.0
5a8810485542997e5c09a590,hotpotqa::exeter_airport::ecda5c8e4e,False,False,1,semantic_fluent_false_evidence,0.27909360494504254,1.0,0.49056603773584906,0.0,0.6097506495251868,2,11,0.9
5a8810485542997e5c09a590,hotpotqa::sofia_airport::d7d82148dd,False,False,1,semantic_fluent_false_evidence,0.4415572592911254,1.0,0.5853658536585367,0.0,0.6936960744481575,3,10,0.8
5a8810485542997e5c09a590,hotpotqa::rotterdam_the_hague_airport::cacdead4b3,False,True,1,semantic_fluent_false_evidence,0.43469680174564224,0.75,0.5675675675675675,0.0,0.5873922342117704,4,2,0.9
5a8810485542997e5c09a590,hotpotqa::lahad_datu_airport::ee5761c4f4,False,False,1,semantic_fluent_false_evidence,0.38355919093947666,1.0,0.8378378378378378,0.0,0.7209912439433582,5,11,0.6
5a8810485542997e5c09a590,hotpotqa::international_air_travel_from_the_united_kingdom::88b5468c42,False,False,1,semantic_fluent_false_evidence,0.30111488461237723,1.0,0.7297297297297297,0.0,0.6663918997908969,6,11,0.5
5a8810485542997e5c09a590,poison::semantic_fluent_false_evidence::5a8810485542997e5c09a590::0::e307238a0b,True,False,1,semantic_fluent_false_evidence,0.21937410968480306,0.5,0.736842105263158,0.0,0.4351180649265528,7,1,1.0
5a8810485542997e5c09a590,hotpotqa::juanda_international_airport::eb1f5fbe13,False,False,1,semantic_fluent_false_evidence,0.33541019662496846,1.0,0.7538461538461538,0.0,0.6849333094192182,8,11,0.30000000000000004
5a8810485542997e5c09a590,hotpotqa::grantley_adams_international_airport::c476374c82,False,False,1,semantic_fluent_false_evidence,0.30662049099891786,1.0,0.6956521739130435,0.0,0.6617786311821758,9,11,0.19999999999999996
5a8810485542997e5c09a590,hotpotqa::tarbes–lourdes–pyrénées_airport::4d78fec7f5,False,False,1,semantic_fluent_false_evidence,0.6977642868476431,1.0,0.5806451612903225,0.0,0.7952347469971217,10,11,0.09999999999999998
5a8810485542997e5c09a590,hotpotqa::dublin_airport::05db58a87a,False,False,1,semantic_fluent_false_evidence,0.2640346279654274,0.5,0.631578947368421,0.0,0.4319296406598552,11,3,0.8
5a8810485542997e5c09a590,hotpotqa::dubai_international_airport::a2429e03cd,False,False,1,semantic_fluent_false_evidence,0.36889694066248574,0.75,0.6875,0.0,0.5850587762649944,11,4,0.7
5a8810485542997e5c09a590,hotpotqa::gatwick_airport::25bdd3c9da,False,False,1,semantic_fluent_false_evidence,0.47634966256141353,0.75,0.5454545454545454,0.0,0.5996307741154745,11,5,0.6
5a8810485542997e5c09a590,hotpotqa::heathrow_airport::acc836f4d3,False,False,1,semantic_fluent_false_evidence,0.5421242193356588,0.75,0.125,0.0,0.5418496877342636,11,7,0.4
5a8810485542997e5c09a590,hotpotqa::athens_international_airport::baea4e8dca,False,False,1,semantic_fluent_false_evidence,0.05,1.0,0.6666666666666667,0.0,0.5533333333333333,11,8,0.30000000000000004
5a8810485542997e5c09a590,hotpotqa::chennai_international_airport::1c896be3f4,False,False,1,semantic_fluent_false_evidence,0.3269908888879457,1.0,0.6382978723404256,0.0,0.6584559300232634,11,9,0.19999999999999996
5ae5cf625542996de7b71a22,poison::semantic_fluent_false_evidence::5ae5cf625542996de7b71a22::0::836560a687,True,False,1,semantic_fluent_false_evidence,0.0,0.0,0.7619047619047619,0.0,0.15238095238095237,1,1,1.0
5ae5cf625542996de7b71a22,hotpotqa::walter_camp_award::c9ee1cf716,False,False,1,semantic_fluent_false_evidence,0.0,0.0,0.75,0.0,0.15,2,4,0.9
5ae5cf625542996de7b71a22,hotpotqa::case_mccoy::e03397bc88,False,True,1,semantic_fluent_false_evidence,0.0,0.0,0.5,0.0,0.1,3,2,0.9
5ae5cf625542996de7b71a22,hotpotqa::david_neill::2b1e43ea84,False,False,1,semantic_fluent_false_evidence,0.2381569860407206,1.0,0.7636363636363637,0.0,0.647990067143561,4,11,0.7
5ae5cf625542996de7b71a22,hotpotqa::colt_clan_incest_case::308d115213,False,False,1,semantic_fluent_false_evidence,0.356967981553775,1.0,0.9264705882352942,0.0,0.7280813102685688,5,11,0.6
5ae5cf625542996de7b71a22,hotpotqa::better_than_home::8e1596a1e1,False,False,1,semantic_fluent_false_evidence,0.775806032459145,1.0,0.9344262295081968,0.0,0.8972076588852973,6,11,0.5
5ae5cf625542996de7b71a22,hotpotqa::washington_nba_g_league_team::f3bf00650a,False,False,1,semantic_fluent_false_evidence,0.33541019662496846,1.0,0.6666666666666667,0.0,0.6674974119833207,7,11,0.4
5ae5cf625542996de7b71a22,hotpotqa::colt_mccoy::43cb20abcf,False,True,1,semantic_fluent_false_evidence,0.1709349291397168,1.0,0.5925925925925926,0.0,0.5868924901744053,8,3,0.8
5ae5cf625542996de7b71a22,hotpotqa::egypt_at_the_2004_summer_paralympics::8fc82251c4,False,False,1,semantic_fluent_false_evidence,0.5196152422706632,1.0,0.8571428571428572,0.0,0.7792746683368368,9,11,0.19999999999999996
5ae5cf625542996de7b71a22,hotpotqa::sports_team::c43386137c,False,False,1,semantic_fluent_false_evidence,0.29354143466934857,1.0,0.9090909090909091,0.0,0.6992347556859213,10,11,0.09999999999999998
5ae5cf625542996de7b71a22,hotpotqa::big_12_conference_football::750f6ef4c7,False,False,1,semantic_fluent_false_evidence,0.4460349203970205,1.0,0.6666666666666667,0.0,0.7117473014921416,11,5,0.6
5ae5cf625542996de7b71a22,hotpotqa::tcu_diamond::fd4f98e0c8,False,False,1,semantic_fluent_false_evidence,0.43229041164476456,1.0,0.6875,0.0,0.7104161646579058,11,6,0.5
5ae5cf625542996de7b71a22,hotpotqa::detroit_pistons::9430f9999b,False,False,1,semantic_fluent_false_evidence,0.3535533905932738,1.0,0.7291666666666667,0.0,0.6872546895706428,11,7,0.4
5ae5cf625542996de7b71a22,hotpotqa::cale_gundy::a3be951899,False,False,1,semantic_fluent_false_evidence,0.6442049363362563,1.0,0.5675675675675675,0.0,0.7711954880480161,11,8,0.30000000000000004
5ae5cf625542996de7b71a22,hotpotqa::north-west_derby_(ireland)::598c00dd5b,False,False,1,semantic_fluent_false_evidence,0.08291561975888499,1.0,0.6153846153846154,0.0,0.556243170980477,11,9,0.19999999999999996
5ae5cf625542996de7b71a22,hotpotqa::western_derby::29f3d75c5f,False,False,1,semantic_fluent_false_evidence,0.42646805273079946,1.0,0.725,0.0,0.7155872210923198,11,10,0.09999999999999998
5ae35e8c5542990afbd1e120,hotpotqa::paul_freeman_(cryptozoologist)::c352d4e40d,False,True,1,semantic_fluent_false_evidence,0.021650635094610966,0.0,0.8780487804878049,0.0,0.18427001013540537,1,2,1.0
5ae35e8c5542990afbd1e120,poison::semantic_fluent_false_evidence::5ae35e8c5542990afbd1e120::0::542a53ebfb,True,False,1,semantic_fluent_false_evidence,0.021650635094610966,0.0,0.8666666666666667,0.0,0.1819935873711777,2,1,1.0
5ae35e8c5542990afbd1e120,hotpotqa::plaster_caster::2579340c1e,False,False,1,semantic_fluent_false_evidence,0.04330127018922193,0.0,0.9411764705882353,0.0,0.20555580219333583,3,4,0.8
5ae35e8c5542990afbd1e120,hotpotqa::søren_kierkegaard::25180dc354,False,False,1,semantic_fluent_false_evidence,0.49796460717605223,1.0,0.922077922077922,0.0,0.7836014272860053,4,11,0.7
5ae35e8c5542990afbd1e120,hotpotqa::h._winnett_orr::efeb018bcd,False,False,1,semantic_fluent_false_evidence,0.11160254037844386,1.0,0.96,0.0,0.6366410161513775,5,7,0.6
5ae35e8c5542990afbd1e120,hotpotqa::'allo_'allo!::829e14dd42,False,False,1,semantic_fluent_false_evidence,0.618465843842649,1.0,0.9318181818181819,0.0,0.8337499739006959,6,11,0.5
5ae35e8c5542990afbd1e120,hotpotqa::aristotelianism::8d906195e3,False,False,1,semantic_fluent_false_evidence,0.6062177826491071,1.0,0.8363636363636364,0.0,0.8097598403323701,7,11,0.4
5ae35e8c5542990afbd1e120,hotpotqa::plymouth_playhouse::ad4f3f577a,False,False,1,semantic_fluent_false_evidence,0.5402545696243577,1.0,0.9361702127659575,0.0,0.8033358704029346,8,11,0.30000000000000004
5ae35e8c5542990afbd1e120,hotpotqa::chiribaya_dog::c548e46ff7,False,False,1,semantic_fluent_false_evidence,0.5196152422706632,1.0,0.9,0.0,0.7878460969082652,9,11,0.19999999999999996
5ae35e8c5542990afbd1e120,hotpotqa::ancient_egyptian_religion::727436d660,False,False,1,semantic_fluent_false_evidence,0.4763139720814412,1.0,0.9122807017543859,0.0,0.7729817291834536,10,11,0.09999999999999998
5ae35e8c5542990afbd1e120,hotpotqa::museum_of_plaster_casts_(thessaloniki)::388aad3b9d,False,False,1,semantic_fluent_false_evidence,0.27523445329959195,0.25,0.8275862068965517,0.0,0.37561102269914715,11,3,0.8
5ae35e8c5542990afbd1e120,hotpotqa::waldo_rudolph_wedel::cd43b7f527,False,False,1,semantic_fluent_false_evidence,0.04330127018922193,1.0,0.8181818181818181,0.0,0.5809568717120525,11,5,0.6
5ae35e8c5542990afbd1e120,hotpotqa::david_m._pendergast::0be7feaff9,False,False,1,semantic_fluent_false_evidence,0.04330127018922193,1.0,0.7272727272727273,0.0,0.5627750535302343,11,6,0.5
5ae35e8c5542990afbd1e120,hotpotqa::george_gamow::105004b509,False,False,1,semantic_fluent_false_evidence,0.2958039891549808,1.0,0.9047619047619048,0.0,0.6992739766143733,11,8,0.30000000000000004
5ae35e8c5542990afbd1e120,hotpotqa::cynthia_plaster_caster::e3a573fc3e,False,False,1,semantic_fluent_false_evidence,0.35318131542797143,1.0,0.5555555555555556,0.0,0.6523836372822996,11,9,0.19999999999999996
5ae35e8c5542990afbd1e120,hotpotqa::asipu::ae9fbb0901,False,False,1,semantic_fluent_false_evidence,0.3082207001484488,1.0,0.8823529411764706,0.0,0.6997588682946736,11,10,0.09999999999999998
5a78b5f7554299148911f95b,poison::semantic_fluent_false_evidence::5a78b5f7554299148911f95b::0::380d7391a1,True,False,1,semantic_fluent_false_evidence,0.0,0.0,0.6666666666666667,0.0,0.13333333333333336,1,1,1.0
5a78b5f7554299148911f95b,hotpotqa::mustafa_shakir::9136e5a0ca,False,True,1,semantic_fluent_false_evidence,0.25760301570182476,0.75,0.868421052631579,0.0,0.5767254168070457,2,4,0.9
5a78b5f7554299148911f95b,hotpotqa::fantastic_contraption_(2008_video_game)::8cb77d7c06,False,False,1,semantic_fluent_false_evidence,0.7794228634059948,1.0,0.8461538461538461,0.0,0.8809999145931672,3,11,0.8
5a78b5f7554299148911f95b,hotpotqa::donna_noble::c873ea3c98,False,False,1,semantic_fluent_false_evidence,0.7361215932167728,1.0,0.8867924528301887,0.0,0.8718071278527468,4,11,0.7
5a78b5f7554299148911f95b,hotpotqa::tiffany_(comics)::44317e9e72,False,False,1,semantic_fluent_false_evidence,0.19909196248879912,1.0,0.7543859649122807,0.0,0.6305139779779758,5,8,0.6
5a78b5f7554299148911f95b,hotpotqa::control_(fictional_character)::5a3db2e6e6,False,False,1,semantic_fluent_false_evidence,0.7176350047203661,1.0,0.8823529411764706,0.0,0.8635245901234405,6,11,0.5
5a78b5f7554299148911f95b,hotpotqa::ego_the_living_planet::f778d7743d,False,False,1,semantic_fluent_false_evidence,0.5122679374097802,1.0,0.6071428571428572,0.0,0.7263357463924835,7,9,0.4
5a78b5f7554299148911f95b,hotpotqa::bill_haydon::ef36d87c51,False,False,1,semantic_fluent_false_evidence,0.6759252917297888,1.0,0.875,0.0,0.8453701166919154,8,11,0.30000000000000004
5a78b5f7554299148911f95b,hotpotqa::river_song_(doctor_who)::8382e8a28f,False,False,1,semantic_fluent_false_evidence,0.5068283733178324,1.0,0.7333333333333334,0.0,0.7493980159937996,9,11,0.19999999999999996
5a78b5f7554299148911f95b,hotpotqa::gale_weathers::c4b54cc9b0,False,False,1,semantic_fluent_false_evidence,0.6103277807866851,1.0,0.7619047619047619,0.0,0.7965120646956264,10,11,0.09999999999999998
5a78b5f7554299148911f95b,hotpotqa::spawn_(comics)::409ae93770,False,True,1,semantic_fluent_false_evidence,0.04330127018922193,1.0,0.5588235294117647,0.0,0.5290852139580418,11,2,0.9
5a78b5f7554299148911f95b,hotpotqa::malebolgia::9890071306,False,False,1,semantic_fluent_false_evidence,0.38496883845431557,0.75,0.7777777777777778,0.0,0.6095430909372818,11,3,0.8
5a78b5f7554299148911f95b,hotpotqa::the_binding_of_isaac_(video_game)::25f34efd22,False,False,1,semantic_fluent_false_evidence,0.10897247358851685,1.0,0.875,0.0,0.6185889894354067,11,5,0.6
5a78b5f7554299148911f95b,hotpotqa::tomb_raider::4c7b878b50,False,False,1,semantic_fluent_false_evidence,0.1118033988749895,1.0,0.7936507936507937,0.0,0.6034515182801545,11,6,0.5
5a78b5f7554299148911f95b,hotpotqa::gerald_bostock::3f0ab7bbed,False,False,1,semantic_fluent_false_evidence,0.368375230644993,0.75,0.9032258064516129,0.0,0.6279952535483198,11,7,0.4
5a78b5f7554299148911f95b,hotpotqa::lara_croft:_tomb_raider::f6a740ca75,False,False,1,semantic_fluent_false_evidence,0.15,1.0,0.7894736842105263,0.0,0.6178947368421053,11,10,0.09999999999999998
5a84e9d35542994c784dda84,poison::semantic_fluent_false_evidence::5a84e9d35542994c784dda84::0::0b1ff3ac37,True,False,1,semantic_fluent_false_evidence,0.0,0.0,0.84,0.0,0.16799999999999998,1,1,1.0
5a84e9d35542994c784dda84,hotpotqa::nike_mercurial_vapor::992a8ea9f6,False,True,1,semantic_fluent_false_evidence,0.39210967853395307,0.75,0.9375,0.0,0.6443438714135812,2,2,0.9
5a84e9d35542994c784dda84,hotpotqa::tommy_hyslop::4d518ab663,False,False,1,semantic_fluent_false_evidence,0.1840475661845451,1.0,0.7916666666666666,0.0,0.6319523598071514,3,11,0.8
5a84e9d35542994c784dda84,hotpotqa::stoke_city_f.c.::5630319183,False,False,1,semantic_fluent_false_evidence,0.041457809879442496,0.25,0.18181818181818177,0.0,0.15294676031541335,4,3,0.8
5a84e9d35542994c784dda84,hotpotqa::stoke_gabriel_a.f.c.::d08674e2a4,False,False,1,semantic_fluent_false_evidence,0.2598076211353316,1.0,0.7777777777777778,0.0,0.6594786040096883,5,11,0.6
5a84e9d35542994c784dda84,hotpotqa::xherdan_shaqiri::36bd8fef0f,False,True,1,semantic_fluent_false_evidence,0.366217336298607,1.0,0.46153846153846156,0.0,0.6387946268271352,6,4,0.7
5a84e9d35542994c784dda84,hotpotqa::stoke_city_f.c._league_record_by_opponent::be181396e8,False,False,1,semantic_fluent_false_evidence,0.10696798155377502,0.5,0.6774193548387097,0.0,0.378271063589252,7,6,0.5
5a84e9d35542994c784dda84,hotpotqa::pachanga_diliman_f.c.::a1b52b9135,False,False,1,semantic_fluent_false_evidence,0.2692582403567252,1.0,0.84375,0.0,0.6764532961426901,8,11,0.30000000000000004
5a84e9d35542994c784dda84,hotpotqa::stoke_city_f.c._under-23s_and_academy::f141437166,False,False,1,semantic_fluent_false_evidence,0.17655444566227677,1.0,0.6,0.0,0.5906217782649107,9,9,0.19999999999999996
5a84e9d35542994c784dda84,hotpotqa::terrance_ferguson::ff5aae9877,False,False,1,semantic_fluent_false_evidence,0.19202864369671518,1.0,0.9,0.0,0.6568114574786861,10,11,0.09999999999999998
5a84e9d35542994c784dda84,hotpotqa::stoke_city_f.c._in_european_football::b062e9a379,False,False,1,semantic_fluent_false_evidence,0.23193318311036998,1.0,0.75,0.0,0.642773273244148,11,5,0.6
5a84e9d35542994c784dda84,hotpotqa::ronald_koeman::aada10dd6f,False,False,1,semantic_fluent_false_evidence,0.04330127018922193,1.0,0.859375,0.0,0.5891955080756888,11,7,0.4
5a84e9d35542994c784dda84,hotpotqa::eddie_niedzwiecki::9cf7601e99,False,False,1,semantic_fluent_false_evidence,0.07071067811865475,1.0,0.8055555555555556,0.0,0.589395382358573,11,8,0.30000000000000004
5a84e9d35542994c784dda84,hotpotqa::mauricio_pochettino::f29b69d6dc,False,False,1,semantic_fluent_false_evidence,0.1414213562373095,1.0,0.631578947368421,0.0,0.582884331968608,11,10,0.09999999999999998
5a7cfea2554299452d57babe,poison::semantic_fluent_false_evidence::5a7cfea2554299452d57babe::0::b567f86c4f,True,False,1,semantic_fluent_false_evidence,0.0,0.0,0.7916666666666666,0.0,0.15833333333333333,1,1,1.0
5a7cfea2554299452d57babe,hotpotqa::portrait_werner_herzog::6cdfa12b87,False,False,1,semantic_fluent_false_evidence,0.04330127018922193,0.0,0.6666666666666667,0.0,0.1506538414090221,2,4,0.9
5a7cfea2554299452d57babe,hotpotqa::werner_herzog_eats_his_shoe::6b49cebcbc,False,True,1,semantic_fluent_false_evidence,0.021650635094610966,0.0,0.8095238095238095,0.0,0.17056501594260629,3,2,0.9
5a7cfea2554299452d57babe,hotpotqa::happy_people:_a_year_in_the_taiga::8e920942aa,False,False,1,semantic_fluent_false_evidence,0.11160254037844386,0.25,0.8205128205128205,0.0,0.30874358025394166,4,5,0.7
5a7cfea2554299452d57babe,hotpotqa::lucki_stipetić::deff3eda18,False,False,1,semantic_fluent_false_evidence,0.2549509756796392,1.0,0.7777777777777778,0.0,0.6575359458274113,5,11,0.6
5a7cfea2554299452d57babe,hotpotqa::bells_from_the_deep::323d59f0b3,False,False,1,semantic_fluent_false_evidence,0.39296436416939323,0.75,0.5833333333333333,0.0,0.573852412334424,6,9,0.5
5a7cfea2554299452d57babe,hotpotqa::la_soufrière_(film)::b3d5b62ef0,False,False,1,semantic_fluent_false_evidence,0.1040569415042095,1.0,0.872093023255814,0.0,0.6160413812528466,7,7,0.4
5a7cfea2554299452d57babe,hotpotqa::how_much_wood_would_a_woodchuck_chuck_(film)::2884b4f55e,False,False,1,semantic_fluent_false_evidence,0.144535450519884,1.0,0.813953488372093,0.0,0.6206048778823722,8,8,0.30000000000000004
5a7cfea2554299452d57babe,hotpotqa::little_dieter_needs_to_fly::e47b283596,False,False,1,semantic_fluent_false_evidence,0.035355339059327376,1.0,0.6190476190476191,0.0,0.5379516594332547,9,6,0.5
5a7cfea2554299452d57babe,hotpotqa::life_after_people::d20d6a0124,False,True,1,semantic_fluent_false_evidence,0.2358495283014151,1.0,0.8913043478260869,0.0,0.6726006808857834,10,3,0.8
5a7cfea2554299452d57babe,hotpotqa::after_the_truth::1deb462965,False,False,1,semantic_fluent_false_evidence,0.1299038105676658,1.0,0.8823529411764706,0.0,0.6284321124623604,11,10,0.09999999999999998
5a82817555429954d2e2eb5a,poison::semantic_fluent_false_evidence::5a82817555429954d2e2eb5a::0::5145aaf0c0,True,False,1,semantic_fluent_false_evidence,0.0,0.0,0.782608695652174,0.0,0.1565217391304348,1,1,1.0
5a82817555429954d2e2eb5a,hotpotqa::naked_soldier::01dd02ccf8,False,True,1,semantic_fluent_false_evidence,0.0,0.0,0.4375,0.0,0.0875,2,3,0.9
5a82817555429954d2e2eb5a,hotpotqa::follow-the-sun::06a2017050,False,False,1,semantic_fluent_false_evidence,0.7794228634059948,1.0,0.9523809523809523,0.0,0.9022453358385883,3,11,0.8
5a82817555429954d2e2eb5a,hotpotqa::scream_(franchise)::b1f0729d09,False,False,1,semantic_fluent_false_evidence,0.49749371855331,1.0,0.8314606741573034,0.0,0.7652896222527847,4,11,0.7
5a82817555429954d2e2eb5a,hotpotqa::mel_gibson_filmography::02c30cf92c,False,False,1,semantic_fluent_false_evidence,0.460386412227723,1.0,0.8791208791208791,0.0,0.759978740715265,5,11,0.6
5a82817555429954d2e2eb5a,hotpotqa::freedomfilmfest::501edbf935,False,False,1,semantic_fluent_false_evidence,0.649519052838329,1.0,0.8333333333333334,0.0,0.8264742878019982,6,11,0.5
5a82817555429954d2e2eb5a,hotpotqa::arak_(drink)::04f178251e,False,False,1,semantic_fluent_false_evidence,0.6062177826491071,1.0,1.0,0.0,0.842487113059643,7,11,0.4
5a82817555429954d2e2eb5a,hotpotqa::the_history_of_rock::3caced71cc,False,False,1,semantic_fluent_false_evidence,0.562916512459885,1.0,0.8712871287128713,0.0,0.7994240307265283,8,11,0.30000000000000004
5a82817555429954d2e2eb5a,hotpotqa::lagardère_group::1681fa00d0,False,False,1,semantic_fluent_false_evidence,0.5196152422706632,1.0,0.8846153846153846,0.0,0.7847691738313423,9,11,0.19999999999999996
5a82817555429954d2e2eb5a,hotpotqa::harrison_ford::0630b91dcf,False,False,1,semantic_fluent_false_evidence,0.4763139720814412,1.0,0.7450980392156863,0.0,0.7395451966757138,10,11,0.09999999999999998
5a82817555429954d2e2eb5a,hotpotqa::naked_weapon::573b31efad,False,True,1,semantic_fluent_false_evidence,0.0,1.0,0.5384615384615384,0.0,0.5076923076923077,11,2,0.9
5a82817555429954d2e2eb5a,hotpotqa::naked_gun_33⅓:_the_final_insult::6e8b43ff4a,False,False,1,semantic_fluent_false_evidence,0.3714101615137755,0.75,0.5454545454545454,0.0,0.5576549736964193,11,4,0.7
5a82817555429954d2e2eb5a,hotpotqa::naked_city_(tv_series)::f81054666c,False,False,1,semantic_fluent_false_evidence,0.05,1.0,0.7714285714285715,0.0,0.5742857142857143,11,5,0.6
5a82817555429954d2e2eb5a,hotpotqa::the_naked_gun_2½:_the_smell_of_fear::a943164a94,False,False,1,semantic_fluent_false_evidence,0.0,1.0,0.8387096774193549,0.0,0.567741935483871,11,6,0.5
5a82817555429954d2e2eb5a,hotpotqa::dexter_fletcher::5a2c0c73a6,False,False,1,semantic_fluent_false_evidence,0.6164414002968976,1.0,0.7962962962962963,0.0,0.8058358193780183,11,7,0.4
5a82817555429954d2e2eb5a,hotpotqa::x-men:_first_class::1d223b74bc,False,False,1,semantic_fluent_false_evidence,0.2,1.0,0.8111111111111111,0.0,0.6422222222222222,11,8,0.30000000000000004
5a82817555429954d2e2eb5a,hotpotqa::american_pie_presents:_the_naked_mile::b1e370409a,False,False,1,semantic_fluent_false_evidence,0.08660254037844387,1.0,0.8636363636363636,0.0,0.6073682888786502,11,9,0.19999999999999996
5a82817555429954d2e2eb5a,hotpotqa::ultra_warrior::3f45645950,False,False,1,semantic_fluent_false_evidence,0.08291561975888499,1.0,0.9361702127659575,0.0,0.6204002904567455,11,10,0.09999999999999998
5a72f1cf5542994cef4bc414,poison::semantic_fluent_false_evidence::5a72f1cf5542994cef4bc414::0::d68eef7a72,True,False,1,semantic_fluent_false_evidence,0.0,0.0,0.8235294117647058,0.0,0.16470588235294117,1,1,1.0
5a72f1cf5542994cef4bc414,hotpotqa::the_scarlet_letter_(1995_film)::b08ca7fd02,False,True,1,semantic_fluent_false_evidence,0.0,0.0,0.6428571428571428,0.0,0.12857142857142856,2,2,0.9
5a72f1cf5542994cef4bc414,hotpotqa::the_scarlet_letter_(1922_film)::5dd9de869b,False,False,1,semantic_fluent_false_evidence,0.22741756748325317,0.25,0.6666666666666667,0.0,0.3243003603266346,3,3,0.8
5a72f1cf5542994cef4bc414,hotpotqa::when_ladies_meet_(1941_film)::72431e3419,False,False,1,semantic_fluent_false_evidence,0.1299038105676658,1.0,0.7692307692307692,0.0,0.6058076780732201,4,11,0.7
5a72f1cf5542994cef4bc414,hotpotqa::the_bridges_of_madison_county_(film)::e340da32e9,False,False,1,semantic_fluent_false_evidence,0.1389029025725781,0.25,0.8405797101449275,0.0,0.3236771030580167,5,5,0.6
5a72f1cf5542994cef4bc414,hotpotqa::passion_of_mind::811006a743,False,False,1,semantic_fluent_false_evidence,0.17320508075688773,0.75,0.7058823529411764,0.0,0.5104585028909904,6,6,0.5
5a72f1cf5542994cef4bc414,hotpotqa::veerasamy::7c63681a43,False,False,1,semantic_fluent_false_evidence,0.6062177826491071,1.0,0.7692307692307692,0.0,0.7963332669057966,7,11,0.4
5a72f1cf5542994cef4bc414,hotpotqa::rupert_grint::9d1d9ead22,False,False,1,semantic_fluent_false_evidence,0.6219927652312365,1.0,0.875,0.0,0.8237971060924945,8,11,0.30000000000000004
5a72f1cf5542994cef4bc414,hotpotqa::rani_mukerji_filmography::ef5877c6f2,False,False,1,semantic_fluent_false_evidence,0.511737237261468,1.0,0.7866666666666666,0.0,0.7620282282379206,9,11,0.19999999999999996
5a72f1cf5542994cef4bc414,hotpotqa::mel_gibson_filmography::02c30cf92c,False,False,1,semantic_fluent_false_evidence,0.3313442357342947,1.0,0.8390804597701149,0.0,0.7003537862477408,10,11,0.09999999999999998
5a72f1cf5542994cef4bc414,hotpotqa::robert_duvall_filmography::f0a91a816f,False,False,1,semantic_fluent_false_evidence,0.1948557158514987,1.0,0.962962962962963,0.0,0.6705348789331921,11,4,0.7
5a72f1cf5542994cef4bc414,hotpotqa::sleepless_in_seattle::8730619918,False,False,1,semantic_fluent_false_evidence,0.14786752504271788,1.0,0.8292682926829268,0.0,0.6250006685536725,11,7,0.4
5a72f1cf5542994cef4bc414,hotpotqa::chiwetel_ejiofor::9fea32c26e,False,False,1,semantic_fluent_false_evidence,0.47103609203541935,1.0,0.8125,0.0,0.7509144368141677,11,8,0.30000000000000004
5a72f1cf5542994cef4bc414,hotpotqa::phenomenon_(film)::156071b57e,False,False,1,semantic_fluent_false_evidence,0.25,1.0,0.7222222222222222,0.0,0.6444444444444445,11,9,0.19999999999999996
5a72f1cf5542994cef4bc414,hotpotqa::terence_morgan::0bf108f038,False,False,1,semantic_fluent_false_evidence,0.2598076211353316,1.0,0.6333333333333333,0.0,0.6305897151207993,11,10,0.09999999999999998
5a7f57a45542992097ad2f29,poison::semantic_fluent_false_evidence::5a7f57a45542992097ad2f29::0::724051c9c0,True,False,1,semantic_fluent_false_evidence,0.0,0.0,0.9047619047619048,0.0,0.18095238095238095,1,1,1.0
5a7f57a45542992097ad2f29,hotpotqa::johan_henrik_deuntzer::0edf036525,False,True,1,semantic_fluent_false_evidence,0.021650635094610966,0.0,0.4,0.0,0.08866025403784439,2,2,0.9
5a7f57a45542992097ad2f29,hotpotqa::cabinet_of_deuntzer::643af35222,False,False,1,semantic_fluent_false_evidence,0.05700597415393834,0.25,0.6071428571428572,0.0,0.2442309610901468,3,5,0.8
5a7f57a45542992097ad2f29,hotpotqa::danish_social_liberal_party::945a78115a,False,True,1,semantic_fluent_false_evidence,0.041457809879442496,1.0,0.5833333333333333,0.0,0.5332497906184437,4,8,0.7
5a7f57a45542992097ad2f29,hotpotqa::ecological_intervention::455c3d4d1c,False,False,1,semantic_fluent_false_evidence,0.48023919198312487,1.0,0.7894736842105263,0.0,0.7499904136353552,5,11,0.6
5a7f57a45542992097ad2f29,hotpotqa::martin_heidegger_and_nazism::3bae4cfa19,False,False,1,semantic_fluent_false_evidence,0.4180915163059332,1.0,0.9016393442622951,0.0,0.7475644753748323,6,10,0.5
5a7f57a45542992097ad2f29,hotpotqa::national_convention_party_(gambia)::803afb9e80,False,False,1,semantic_fluent_false_evidence,0.07071067811865475,1.0,0.8571428571428572,0.0,0.5997128426760334,7,11,0.4
5a7f57a45542992097ad2f29,hotpotqa::papua_new_guinea_greens::8b9c9f180d,False,False,1,semantic_fluent_false_evidence,0.6759252917297888,1.0,0.8571428571428572,0.0,0.841798688120487,8,11,0.30000000000000004
5a7f57a45542992097ad2f29,hotpotqa::clement_attlee::80f29ae513,False,False,1,semantic_fluent_false_evidence,0.5165994579942956,1.0,0.8255813953488372,0.0,0.7717560622674857,9,11,0.19999999999999996
5a7f57a45542992097ad2f29,hotpotqa::roza::6ef60d2777,False,False,1,semantic_fluent_false_evidence,0.35541738003630635,1.0,0.25,0.0,0.5921669520145225,10,9,0.19999999999999996
5a7f57a45542992097ad2f29,hotpotqa::otto_strasser::fa7015c281,False,False,1,semantic_fluent_false_evidence,0.3266783586342995,0.75,0.875,0.0,0.6056713434537198,11,3,0.8
5a7f57a45542992097ad2f29,hotpotqa::syriza::7cbeb76461,False,False,1,semantic_fluent_false_evidence,0.3304005679831724,1.0,0.8,0.0,0.692160227193269,11,4,0.7
5a7f57a45542992097ad2f29,hotpotqa::radical_left_(france)::5e17c548b5,False,False,1,semantic_fluent_false_evidence,0.08660254037844387,1.0,0.6666666666666667,0.0,0.5679743494847109,11,6,0.5
5a7f57a45542992097ad2f29,hotpotqa::rexist_party::c58384cb15,False,False,1,semantic_fluent_false_evidence,0.3543214713419427,1.0,0.92,0.0,0.725728588536777,11,7,0.4
5a7cb8bc554299452d57b9be,hotpotqa::ullevaal_stadion::ca07707645,False,False,1,semantic_fluent_false_evidence,0.189564392373896,1.0,0.6923076923076923,0.0,0.6142872954110968,1,8,1.0
5a7cb8bc554299452d57b9be,hotpotqa::subiaco_oval::fdd4d97fc6,False,False,1,semantic_fluent_false_evidence,0.1863703094674669,0.5,0.7636363636363637,0.0,0.4272753965142595,2,5,0.9
5a7cb8bc554299452d57b9be,hotpotqa::gaddafi_stadium::116bf9f3ba,False,True,1,semantic_fluent_false_evidence,0.3247595264191645,0.75,0.6571428571428571,0.0,0.5613323819962373,3,3,0.8
5a7cb8bc554299452d57b9be,hotpotqa::lahore_lions::9b5adb710a,False,False,1,semantic_fluent_false_evidence,0.041457809879442496,0.0,0.7,0.0,0.15658312395177698,4,4,0.7
5a7cb8bc554299452d57b9be,hotpotqa::oleai_sports_complex::a73dc71653,False,False,1,semantic_fluent_false_evidence,0.6745368781616021,1.0,0.6799999999999999,0.0,0.8058147512646409,5,11,0.6
5a7cb8bc554299452d57b9be,hotpotqa::lahore_eagles::32e8463fc6,False,True,1,semantic_fluent_false_evidence,0.1299038105676658,0.5,0.5,0.0,0.3519615242270663,6,2,0.9
5a7cb8bc554299452d57b9be,poison::semantic_fluent_false_evidence::5a7cb8bc554299452d57b9be::0::0fbe7cc768,True,False,1,semantic_fluent_false_evidence,0.1299038105676658,0.25,0.8461538461538461,0.0,0.32119229345783556,7,1,1.0
5a7cb8bc554299452d57b9be,hotpotqa::dr_pepper_ballpark::48b8a14d47,False,False,1,semantic_fluent_false_evidence,0.40583168586827,1.0,0.8372093023255813,0.0,0.7297745348124243,8,11,0.30000000000000004
5a7cb8bc554299452d57b9be,"hotpotqa::mohammad_naeem_(cricketer,_born_1991)::abf5dc7c22",False,False,1,semantic_fluent_false_evidence,0.3777335918392549,0.75,0.8095238095238095,0.0,0.6129981986404639,9,9,0.19999999999999996
5a7cb8bc554299452d57b9be,hotpotqa::athletics_stadium::8d5fc7596a,False,False,1,semantic_fluent_false_evidence,0.5958187643906492,1.0,0.7419354838709677,0.0,0.7867146025304532,10,11,0.09999999999999998
5a7cb8bc554299452d57b9be,"hotpotqa::aamer_iqbal_(cricketer,_born_1990)::36233298ef",False,False,1,semantic_fluent_false_evidence,0.0,1.0,0.8333333333333334,0.0,0.5666666666666667,11,6,0.5
5a7cb8bc554299452d57b9be,hotpotqa::azhar_ali::1953193578,False,False,1,semantic_fluent_false_evidence,0.2132720065540596,1.0,0.6470588235294117,0.0,0.6147205673275062,11,7,0.4
5a7cb8bc554299452d57b9be,"hotpotqa::imran_ali_(cricketer,_born_1985)::6757aad784",False,False,1,semantic_fluent_false_evidence,0.4759001454109188,1.0,0.7872340425531915,0.0,0.7478068666750058,11,10,0.09999999999999998
5abecdf45542997719eab5d4,hotpotqa::lake_wales_ridge_national_wildlife_refuge::025fbeaa1d,False,True,1,semantic_fluent_false_evidence,0.0,0.0,0.5882352941176471,0.0,0.11764705882352941,1,2,1.0
5abecdf45542997719eab5d4,poison::semantic_fluent_false_evidence::5abecdf45542997719eab5d4::0::f1b1bcaee1,True,False,1,semantic_fluent_false_evidence,0.0,0.0,0.75,0.0,0.15,2,1,1.0
5abecdf45542997719eab5d4,hotpotqa::florida_scrub::0e7543116d,False,False,1,semantic_fluent_false_evidence,0.12771665227259307,1.0,0.7878787878787878,0.0,0.6086624184847949,3,6,0.8
5abecdf45542997719eab5d4,hotpotqa::audubon_national_wildlife_refuge::14f85677d4,False,False,1,semantic_fluent_false_evidence,0.07071067811865475,1.0,0.6176470588235294,0.0,0.5518136830121678,4,11,0.7
5abecdf45542997719eab5d4,hotpotqa::medicine_lake_national_wildlife_refuge::99a5867d74,False,False,1,semantic_fluent_false_evidence,0.08291561975888499,1.0,0.6285714285714286,0.0,0.5588805336178397,5,11,0.6
5abecdf45542997719eab5d4,hotpotqa::florida_peninsula_inland_scrub::4b13b60862,False,False,1,semantic_fluent_false_evidence,0.13684270485857047,1.0,0.3584905660377359,0.0,0.5264351951509754,6,11,0.5
5abecdf45542997719eab5d4,hotpotqa::pahranagat_national_wildlife_refuge::719f3ecd2e,False,False,1,semantic_fluent_false_evidence,0.04330127018922193,1.0,0.6296296296296297,0.0,0.5432464340016148,7,11,0.4
5abecdf45542997719eab5d4,hotpotqa::nantucket_national_wildlife_refuge::81bf1ed855,False,False,1,semantic_fluent_false_evidence,0.08660254037844387,1.0,0.7941176470588236,0.0,0.5934645455631423,8,11,0.30000000000000004
5abecdf45542997719eab5d4,hotpotqa::desert_national_wildlife_refuge::8bd3ce42c7,False,False,1,semantic_fluent_false_evidence,0.12771665227259307,1.0,0.7173913043478262,0.0,0.5945649217786024,9,11,0.19999999999999996
5abecdf45542997719eab5d4,hotpotqa::grand_bay_national_wildlife_refuge::6690836627,False,False,1,semantic_fluent_false_evidence,0.1118033988749895,1.0,0.7115384615384616,0.0,0.5870290518576881,10,11,0.09999999999999998
5abecdf45542997719eab5d4,"hotpotqa::palm_beach_county,_florida::dd0e0ff7f5",False,False,1,semantic_fluent_false_evidence,0.10307764064044152,1.0,0.6136363636363636,0.0,0.5639583289834493,11,3,0.8
5abecdf45542997719eab5d4,"hotpotqa::cloud_lake,_florida::9dfa8ec7e6",False,False,1,semantic_fluent_false_evidence,0.13684270485857047,1.0,0.6153846153846154,0.0,0.5778140050203513,11,4,0.7
5abecdf45542997719eab5d4,"hotpotqa::gainesville,_florida::569b54d0a3",False,False,1,semantic_fluent_false_evidence,0.14715873793431689,1.0,0.5384615384615384,0.0,0.5665558028660345,11,5,0.6
5abecdf45542997719eab5d4,"hotpotqa::palm_springs,_florida::bcd1e0c341",False,False,1,semantic_fluent_false_evidence,0.1299038105676658,1.0,0.3076923076923077,0.0,0.5134999857655279,11,7,0.4
5abecdf45542997719eab5d4,"hotpotqa::davenport,_florida::eb0a586480",False,True,1,semantic_fluent_false_evidence,0.1224744871391589,1.0,0.5,0.0,0.5489897948556636,11,8,0.30000000000000004
5abecdf45542997719eab5d4,"hotpotqa::west_palm_beach,_florida::2b8b0b3dcc",False,False,1,semantic_fluent_false_evidence,0.07071067811865475,1.0,0.5,0.0,0.5282842712474619,11,9,0.19999999999999996
5abecdf45542997719eab5d4,hotpotqa::florida's_16th_congressional_district::88b5f83551,False,False,1,semantic_fluent_false_evidence,0.07613687188886939,1.0,0.7272727272727273,0.0,0.5759092942100932,11,10,0.09999999999999998
5a72abb95542992359bc3162,hotpotqa::cars_3::30844e3b23,False,True,1,semantic_fluent_false_evidence,0.08660254037844387,0.0,0.7941176470588236,0.0,0.19346454556314224,1,1,1.0
5a72abb95542992359bc3162,hotpotqa::cars_3_(2009_film)::a558e8294f,False,False,1,semantic_fluent_false_evidence,0.06035533905932738,0.0,0.7777777777777778,0.0,0.17969769117928652,2,3,0.9
5a72abb95542992359bc3162,hotpotqa::r9_(new_york_city_subway_car)::d778022ba5,False,False,1,semantic_fluent_false_evidence,0.1479019945774904,1.0,0.9523809523809523,0.0,0.6496369883071866,3,11,0.8
5a72abb95542992359bc3162,hotpotqa::big_12_conference_football::750f6ef4c7,False,False,1,semantic_fluent_false_evidence,0.8757139944068497,1.0,0.9393939393939394,0.0,0.9381643856415277,4,11,0.7
5a72abb95542992359bc3162,hotpotqa::cars_3:_driven_to_win::9c91e850f0,False,False,1,semantic_fluent_false_evidence,0.4041114063670977,0.5,0.8269230769230769,0.0,0.5270291779314544,5,5,0.6
5a72abb95542992359bc3162,hotpotqa::frozen_(2013_film)::2ab9d4d614,False,False,1,semantic_fluent_false_evidence,0.37307391914604493,0.75,0.7659574468085106,0.0,0.60242105702012,6,6,0.5
5a72abb95542992359bc3162,hotpotqa::lyman_school_for_boys::efcb7b7248,False,False,1,semantic_fluent_false_evidence,0.6062177826491071,1.0,0.9230769230769231,0.0,0.8271024976750274,7,11,0.4
5a72abb95542992359bc3162,hotpotqa::jackass:_the_movie::8837e67e93,False,False,1,semantic_fluent_false_evidence,0.562916512459885,1.0,0.7,0.0,0.7651666049839541,8,11,0.30000000000000004
5a72abb95542992359bc3162,hotpotqa::billy:_the_early_years::b1b454d1a6,False,False,1,semantic_fluent_false_evidence,0.5196152422706632,1.0,0.7222222222222222,0.0,0.7522905413527098,9,11,0.19999999999999996
5a72abb95542992359bc3162,hotpotqa::star_wars:_thrawn::dcdb4fe84e,False,False,1,semantic_fluent_false_evidence,0.45,1.0,0.7727272727272727,0.0,0.7345454545454546,10,11,0.09999999999999998
5a72abb95542992359bc3162,hotpotqa::smith!::7378660e29,False,True,1,semantic_fluent_false_evidence,0.48531306408635355,0.75,0.625,0.0,0.6191252256345414,11,2,0.9
5a72abb95542992359bc3162,hotpotqa::lightning_mcqueen::78054c8860,False,False,1,semantic_fluent_false_evidence,0.04330127018922193,1.0,0.8208955223880597,0.0,0.5814996125533007,11,4,0.7
5a72abb95542992359bc3162,hotpotqa::paul_newman::92c6c8f279,False,False,1,semantic_fluent_false_evidence,0.39607448794387146,1.0,0.8493150684931507,0.0,0.7282928088761788,11,7,0.4
5a72abb95542992359bc3162,hotpotqa::spider-man_3::dfe46289cd,False,False,1,semantic_fluent_false_evidence,0.15,1.0,0.898876404494382,0.0,0.6397752808988764,11,8,0.30000000000000004
5a72abb95542992359bc3162,hotpotqa::mater_(cars)::60ac3df5c3,False,False,1,semantic_fluent_false_evidence,0.17853571071357127,1.0,0.6571428571428571,0.0,0.602842855714,11,9,0.19999999999999996
5a72abb95542992359bc3162,hotpotqa::ben_queen::159f25f010,False,False,1,semantic_fluent_false_evidence,0.04330127018922193,1.0,0.8,0.0,0.5773205080756888,11,10,0.09999999999999998
5ae5b25d5542990ba0bbb2bb,poison::semantic_fluent_false_evidence::5ae5b25d5542990ba0bbb2bb::0::c777293f8d,True,False,1,semantic_fluent_false_evidence,0.0,0.0,0.7631578947368421,0.0,0.15263157894736842,1,3,1.0
5ae5b25d5542990ba0bbb2bb,hotpotqa::slavery_in_libya::c1d52b0d2c,False,False,1,semantic_fluent_false_evidence,0.8227241335952167,1.0,0.9444444444444444,0.0,0.9179785423269756,2,11,0.9
5ae5b25d5542990ba0bbb2bb,hotpotqa::science_supercourse::ffb8bdbee7,False,False,1,semantic_fluent_false_evidence,0.7794228634059948,1.0,0.935483870967742,0.0,0.8988659195559464,3,11,0.8
5ae5b25d5542990ba0bbb2bb,hotpotqa::music_for_dogs::4ca728a003,False,False,1,semantic_fluent_false_evidence,0.7361215932167728,1.0,0.8837209302325582,0.0,0.8711928233332207,4,11,0.7
5ae5b25d5542990ba0bbb2bb,hotpotqa::women's_missionary_and_service_commission::6056aecde9,False,False,1,semantic_fluent_false_evidence,0.6928203230275509,1.0,0.8275862068965517,0.0,0.8426453705903307,5,11,0.6
5ae5b25d5542990ba0bbb2bb,hotpotqa::valens_aqueduct::cf6f529811,False,False,1,semantic_fluent_false_evidence,0.47103609203541935,1.0,0.8461538461538461,0.0,0.757645206044937,6,11,0.5
5ae5b25d5542990ba0bbb2bb,hotpotqa::caistor::2513df5ab0,False,False,1,semantic_fluent_false_evidence,0.5309190145398825,1.0,0.9512195121951219,0.0,0.8026115082549774,7,11,0.4
5ae5b25d5542990ba0bbb2bb,"hotpotqa::gerold,_prefect_of_bavaria::f482d8de13",False,False,1,semantic_fluent_false_evidence,0.562916512459885,1.0,0.896551724137931,0.0,0.8044769498115402,8,11,0.30000000000000004
5ae5b25d5542990ba0bbb2bb,hotpotqa::christopher_guest::504db32b6f,False,True,1,semantic_fluent_false_evidence,0.30969360063968376,1.0,0.8095238095238095,0.0,0.6857822021606355,9,2,0.9
5ae5b25d5542990ba0bbb2bb,hotpotqa::timothy_olyphant::b413e7ae6b,False,False,1,semantic_fluent_false_evidence,0.46830639403474517,1.0,0.813953488372093,0.0,0.7501132552883167,10,11,0.09999999999999998
5ae5b25d5542990ba0bbb2bb,hotpotqa::roman_karmen::8e0651ce08,False,True,1,semantic_fluent_false_evidence,0.4330127018922193,0.75,0.6,0.0,0.5932050807568877,11,1,1.0
5ae5b25d5542990ba0bbb2bb,hotpotqa::oleg_makara::638b62e3f0,False,False,1,semantic_fluent_false_evidence,0.722841614740048,1.0,0.8913043478260869,0.0,0.8673975154612366,11,4,0.7
5ae5b25d5542990ba0bbb2bb,hotpotqa::christopher_bassford::4843b091d1,False,False,1,semantic_fluent_false_evidence,0.6869315832017043,1.0,0.8876404494382022,0.0,0.8523007231683222,11,5,0.6
5ae5b25d5542990ba0bbb2bb,hotpotqa::nuremberg_trials_(film)::c528ccda25,False,False,1,semantic_fluent_false_evidence,0.6307361764824114,0.75,0.7058823529411764,0.0,0.6934709411811999,11,6,0.5
5ae5b25d5542990ba0bbb2bb,hotpotqa::the_true_adventures_of_wolfboy::96afb093f9,False,False,1,semantic_fluent_false_evidence,0.16393596310755001,1.0,0.8260869565217391,0.0,0.6307917765473678,11,7,0.4
5ae5b25d5542990ba0bbb2bb,hotpotqa::chris_white_(musician)::5861f702e2,False,False,1,semantic_fluent_false_evidence,0.5356071321407138,1.0,0.5833333333333333,0.0,0.7309095195229521,11,8,0.30000000000000004
5ae5b25d5542990ba0bbb2bb,hotpotqa::ivo_andrić::5ca5b3b4da,False,False,1,semantic_fluent_false_evidence,0.5356071321407138,1.0,0.8666666666666667,0.0,0.7875761861896189,11,9,0.19999999999999996
5ae5b25d5542990ba0bbb2bb,hotpotqa::chris_weidman::5e26b70d83,False,False,1,semantic_fluent_false_evidence,0.5678908345800273,1.0,0.8809523809523809,0.0,0.8033468100224871,11,10,0.09999999999999998
5ae5e62455429929b0807a07,poison::semantic_fluent_false_evidence::5ae5e62455429929b0807a07::0::ba960049c4,True,False,1,semantic_fluent_false_evidence,0.0,0.0,0.5882352941176471,0.0,0.11764705882352941,1,1,1.0
5ae5e62455429929b0807a07,hotpotqa::giovanna_d'arco::31adbb4c1a,False,True,1,semantic_fluent_false_evidence,0.4105593647472121,0.5,0.5714285714285714,0.0,0.47850946018459906,2,2,0.9
5ae5e62455429929b0807a07,hotpotqa::giovanna_d'arco_al_rogo::c0a7b3927d,False,False,1,semantic_fluent_false_evidence,0.5239509972887452,0.5,0.7894736842105263,0.0,0.5674751357576033,3,4,0.8
5ae5e62455429929b0807a07,hotpotqa::giovanna_gray::3ee6c96d3e,False,False,1,semantic_fluent_false_evidence,0.41170919853254095,0.75,0.7142857142857143,0.0,0.6075408222701593,4,5,0.7
5ae5e62455429929b0807a07,hotpotqa::santa_maria_del_rosario_a_portamedina::e0476695be,False,False,1,semantic_fluent_false_evidence,0.15811388300841897,1.0,0.8125,0.0,0.6257455532033676,5,11,0.6
5ae5e62455429929b0807a07,hotpotqa::jacopo_puccini::fbca4c1f36,False,False,1,semantic_fluent_false_evidence,0.10448623679425842,0.5,0.9166666666666666,0.0,0.4251278280510367,6,6,0.5
5ae5e62455429929b0807a07,hotpotqa::heather_stevens::9c24f6730d,False,False,1,semantic_fluent_false_evidence,0.6062177826491071,1.0,0.9642857142857143,0.0,0.8353442559167856,7,11,0.4
5ae5e62455429929b0807a07,hotpotqa::festival_puccini::8a9b71c183,False,False,1,semantic_fluent_false_evidence,0.3741657386773941,1.0,0.9166666666666666,0.0,0.732999628804291,8,11,0.30000000000000004
5ae5e62455429929b0807a07,hotpotqa::la_fanciulla_del_west::fa121f30b9,False,False,1,semantic_fluent_false_evidence,0.5356071321407138,1.0,0.8852459016393442,0.0,0.7912920331841543,9,11,0.19999999999999996
5ae5e62455429929b0807a07,hotpotqa::great_is_my_country::0d2414a53b,False,False,1,semantic_fluent_false_evidence,0.1299038105676658,1.0,0.9,0.0,0.6319615242270663,10,11,0.09999999999999998
5ae5e62455429929b0807a07,hotpotqa::giuseppe_verdi::7a23521900,False,True,1,semantic_fluent_false_evidence,0.04330127018922193,1.0,0.6666666666666667,0.0,0.5506538414090222,11,3,0.8
5ae5e62455429929b0807a07,hotpotqa::béla_bartók::4db99c7999,False,False,1,semantic_fluent_false_evidence,0.1118033988749895,1.0,1.0,0.0,0.6447213595499959,11,7,0.4
5ae5e62455429929b0807a07,hotpotqa::alexander_borodin::b3cd4eb33e,False,False,1,semantic_fluent_false_evidence,0.18708286933869706,1.0,0.9142857142857143,0.0,0.6576902905926216,11,8,0.30000000000000004
5ae5e62455429929b0807a07,hotpotqa::folke_jonsson::298af92a55,False,False,1,semantic_fluent_false_evidence,0.43752170555830633,1.0,0.8108108108108107,0.0,0.7371708443854847,11,9,0.19999999999999996
5ae5e62455429929b0807a07,hotpotqa::eugenio_cavallini::14649e1036,False,False,1,semantic_fluent_false_evidence,0.1299038105676658,1.0,0.8939393939393939,0.0,0.6307494030149451,11,10,0.09999999999999998
5ae0120155429925eb1afbfb,poison::semantic_fluent_false_evidence::5ae0120155429925eb1afbfb::0::64dd5dd1d2,True,False,1,semantic_fluent_false_evidence,0.0,0.0,0.9655172413793104,0.0,0.19310344827586207,1,1,1.0
5ae0120155429925eb1afbfb,"hotpotqa::kim_dong-won_(director,_born_1962)::c353ae32ca",False,True,1,semantic_fluent_false_evidence,0.0649519052838329,0.0,0.5,0.0,0.12598076211353315,2,2,0.9
5ae0120155429925eb1afbfb,hotpotqa::cherry_tomato_(film)::6aa4fe5aff,False,False,1,semantic_fluent_false_evidence,0.15155444566227677,1.0,0.7666666666666666,0.0,0.613955111598244,3,11,0.8
5ae0120155429925eb1afbfb,hotpotqa::between_love_and_hate::ed94063cd1,False,False,1,semantic_fluent_false_evidence,0.5068283733178324,1.0,0.6206896551724138,0.0,0.7268692803616157,4,11,0.7
5ae0120155429925eb1afbfb,hotpotqa::muffin_top:_a_love_story::32ba8eea22,False,False,1,semantic_fluent_false_evidence,0.2958039891549808,1.0,0.8727272727272728,0.0,0.6928670502074469,5,11,0.6
5ae0120155429925eb1afbfb,hotpotqa::the_attorney::ae91ccfc92,False,False,1,semantic_fluent_false_evidence,0.6363961030678927,1.0,0.7333333333333334,0.0,0.8012251078938238,6,11,0.5
5ae0120155429925eb1afbfb,hotpotqa::the_houses_october_built::be5d569d80,False,False,1,semantic_fluent_false_evidence,0.3112474899497183,1.0,0.8431372549019608,0.0,0.6931264469602795,7,11,0.4
5ae0120155429925eb1afbfb,hotpotqa::r2b:_return_to_base::a737559c54,False,False,1,semantic_fluent_false_evidence,0.3449073865173348,1.0,0.7755102040816326,0.0,0.6930649954232605,8,10,0.30000000000000004
5ae0120155429925eb1afbfb,hotpotqa::the_maze_runner_(film)::dee8089edd,False,False,1,semantic_fluent_false_evidence,0.48476798574163293,1.0,0.8390804597701149,0.0,0.7617232862506762,9,11,0.19999999999999996
5ae0120155429925eb1afbfb,hotpotqa::per_100.000_dollari_ti_ammazzo::dc727ac453,False,False,1,semantic_fluent_false_evidence,0.5049752469181039,1.0,0.9545454545454546,0.0,0.7928991896763324,10,11,0.09999999999999998
5ae0120155429925eb1afbfb,"hotpotqa::kim_dong-won_(filmmaker,_born_1955)::40ff7bdb49",False,False,1,semantic_fluent_false_evidence,0.0,1.0,0.4285714285714286,0.0,0.48571428571428577,11,3,0.8
5ae0120155429925eb1afbfb,hotpotqa::city_of_damnation::8341f8d7a3,False,False,1,semantic_fluent_false_evidence,0.0,1.0,0.7647058823529411,0.0,0.5529411764705883,11,4,0.7
5ae0120155429925eb1afbfb,"hotpotqa::my_boss,_my_teacher::aa1cec8180",False,True,1,semantic_fluent_false_evidence,0.21614520582238228,0.75,0.5,0.0,0.48645808232895293,11,5,0.6
5ae0120155429925eb1afbfb,hotpotqa::eleventh_mom::00547aae12,False,False,1,semantic_fluent_false_evidence,0.19485571585149872,1.0,0.6190476190476191,0.0,0.6017518101501234,11,6,0.5
5ae0120155429925eb1afbfb,hotpotqa::thread_of_lies::6b190dcdaa,False,False,1,semantic_fluent_false_evidence,0.2700832215240084,1.0,0.5217391304347826,0.0,0.6123811146965599,11,7,0.4
5ae0120155429925eb1afbfb,hotpotqa::harry_potter_and_the_philosopher's_stone_(film)::2fbee113f5,False,False,1,semantic_fluent_false_evidence,0.04330127018922193,1.0,0.8363636363636364,0.0,0.584593235348416,11,8,0.30000000000000004
5ae0120155429925eb1afbfb,hotpotqa::kim_ji-han::727bde4473,False,False,1,semantic_fluent_false_evidence,0.15811388300841897,1.0,0.7049180327868853,0.0,0.6042291597607446,11,9,0.19999999999999996
5abffc0d5542990832d3a1e2,poison::semantic_fluent_false_evidence::5abffc0d5542990832d3a1e2::0::f3e0de7370,True,False,1,semantic_fluent_false_evidence,0.021650635094610966,0.0,0.7857142857142857,0.0,0.1658031111807015,1,3,1.0
5abffc0d5542990832d3a1e2,hotpotqa::harry_s_truman_birthplace_state_historic_site::382433f092,False,False,1,semantic_fluent_false_evidence,0.021650635094610966,0.0,0.7575757575757576,0.0,0.1601754055529959,2,2,0.9
5abffc0d5542990832d3a1e2,hotpotqa::harry_s._truman::e2a8c53fcc,False,True,1,semantic_fluent_false_evidence,0.3288236609491476,0.75,0.8554216867469879,0.0,0.6026138017290567,3,5,0.8
5abffc0d5542990832d3a1e2,hotpotqa::pioneer_instrument_company::1104205411,False,False,1,semantic_fluent_false_evidence,0.7361215932167728,1.0,0.9545454545454546,0.0,0.8853577281957999,4,11,0.7
5abffc0d5542990832d3a1e2,hotpotqa::theodor_szehinskyj::2a6aff5509,False,False,1,semantic_fluent_false_evidence,0.6219927652312365,1.0,0.926829268292683,0.0,0.8341629597510313,5,11,0.6
5abffc0d5542990832d3a1e2,hotpotqa::japanese_instrument_of_surrender::0886dfea9d,False,False,1,semantic_fluent_false_evidence,0.649519052838329,1.0,0.8604651162790697,0.0,0.8319006443911455,6,11,0.5
5abffc0d5542990832d3a1e2,hotpotqa::music_of_the_sun::b5c43a8a19,False,False,1,semantic_fluent_false_evidence,0.812403840463596,1.0,0.9454545454545454,0.0,0.9140524452763475,7,11,0.4
5abffc0d5542990832d3a1e2,"hotpotqa::paulding,_mississippi::8e4a0877f0",False,False,1,semantic_fluent_false_evidence,0.562916512459885,1.0,0.8285714285714285,0.0,0.7908808906982397,8,11,0.30000000000000004
5abffc0d5542990832d3a1e2,hotpotqa::david_rice_atchison::c8277f77f7,False,False,1,semantic_fluent_false_evidence,0.38815466433512996,1.0,0.8431372549019608,0.0,0.7238893167144441,9,7,0.4
5abffc0d5542990832d3a1e2,hotpotqa::stephen_n._limbaugh_sr.::6c6b5c03f6,False,False,1,semantic_fluent_false_evidence,0.4958245877056185,1.0,0.95,0.0,0.7883298350822474,10,11,0.09999999999999998
5abffc0d5542990832d3a1e2,"hotpotqa::lamar,_missouri::be353c7baa",False,True,1,semantic_fluent_false_evidence,0.0,1.0,0.5384615384615384,0.0,0.5076923076923077,11,1,1.0
5abffc0d5542990832d3a1e2,"hotpotqa::gilbert_du_motier,_marquis_de_lafayette::2b81fdce6c",False,False,1,semantic_fluent_false_evidence,0.08660254037844387,1.0,0.9166666666666666,0.0,0.6179743494847109,11,4,0.7
5abffc0d5542990832d3a1e2,hotpotqa::sousaphone::e26c4b6f17,False,False,1,semantic_fluent_false_evidence,0.649519052838329,1.0,0.9156626506024097,0.0,0.8429401512558135,11,6,0.5
5abffc0d5542990832d3a1e2,hotpotqa::benjamin_lincoln::ad61aca78f,False,False,1,semantic_fluent_false_evidence,0.10897247358851685,1.0,0.8222222222222222,0.0,0.6080334338798512,11,8,0.30000000000000004
5abffc0d5542990832d3a1e2,hotpotqa::carl_von_clausewitz::15df5bee56,False,False,1,semantic_fluent_false_evidence,0.4437059837324712,1.0,0.9285714285714286,0.0,0.7631966792072742,11,9,0.19999999999999996
5abffc0d5542990832d3a1e2,hotpotqa::temple_of_music::40fba46c6f,False,False,1,semantic_fluent_false_evidence,0.6278684177437179,1.0,0.8214285714285714,0.0,0.8154330813832015,11,10,0.09999999999999998
5ae6914755429908198fa627,hotpotqa::brian_olsen::5614bae2fd,False,True,1,semantic_fluent_false_evidence,0.035355339059327376,0.0,0.4666666666666667,0.0,0.10747546895706428,1,2,1.0
5ae6914755429908198fa627,poison::semantic_fluent_false_evidence::5ae6914755429908198fa627::0::d30857ab54,True,False,1,semantic_fluent_false_evidence,0.021650635094610966,0.0,0.4375,0.0,0.09616025403784438,2,1,1.0
5ae6914755429908198fa627,hotpotqa::iron_mike_productions::7185f35d48,False,False,1,semantic_fluent_false_evidence,0.4672705990979794,0.75,0.8571428571428572,0.0,0.6583368110677632,3,5,0.8
5ae6914755429908198fa627,hotpotqa::wwc_universal_heavyweight_championship::578ec29919,False,False,1,semantic_fluent_false_evidence,0.19453340576761247,1.0,0.8431372549019608,0.0,0.6464408132874372,4,7,0.7
5ae6914755429908198fa627,hotpotqa::wec_20::e5d2bcac56,False,False,1,semantic_fluent_false_evidence,0.07613687188886939,0.0,0.5833333333333333,0.0,0.1471214154222144,5,4,0.7
5ae6914755429908198fa627,hotpotqa::ucw-zero_heavyweight_championship::7c29392cac,False,False,1,semantic_fluent_false_evidence,0.2703142710871822,1.0,0.8425925925925926,0.0,0.6766442269533914,6,11,0.5
5ae6914755429908198fa627,hotpotqa::james_irvin_(fighter)::27010c4f51,False,False,1,semantic_fluent_false_evidence,0.24170934697055924,1.0,0.64,0.0,0.6246837387882237,7,11,0.4
5ae6914755429908198fa627,hotpotqa::zuffa::5d25bd769c,False,True,1,semantic_fluent_false_evidence,0.39871865022552827,1.0,0.775,0.0,0.7144874600902114,8,3,0.8
5ae6914755429908198fa627,hotpotqa::mcw_heavyweight_championship::586f3b4554,False,False,1,semantic_fluent_false_evidence,0.16388041973930373,1.0,0.8085106382978724,0.0,0.627254295555296,9,6,0.5
5ae6914755429908198fa627,hotpotqa::antônio_rodrigo_nogueira::ba7c285501,False,False,1,semantic_fluent_false_evidence,0.24630314453975383,1.0,0.803030303030303,0.0,0.6591273184219621,10,11,0.09999999999999998
5ae6914755429908198fa627,hotpotqa::championship_fighting_alliance::63dff2dcfd,False,False,1,semantic_fluent_false_evidence,0.13931559203757954,1.0,0.7021276595744681,0.0,0.5961517687299255,11,8,0.30000000000000004
5ae6914755429908198fa627,hotpotqa::i.t::8f0b3ebc63,False,False,1,semantic_fluent_false_evidence,0.4898979485566356,1.0,1.0,0.0,0.7959591794226542,11,9,0.19999999999999996
5ae6914755429908198fa627,hotpotqa::list_of_seattle_sounders_fc_2_players::3c476a32db,False,False,1,semantic_fluent_false_evidence,0.45,1.0,0.8409090909090909,0.0,0.7481818181818183,11,10,0.09999999999999998
5ab4f7fc5542991779162d43,hotpotqa::kete_krachi::4adde8a589,False,True,1,semantic_fluent_false_evidence,0.0,0.0,0.5714285714285714,0.0,0.11428571428571428,1,1,1.0
5ab4f7fc5542991779162d43,poison::semantic_fluent_false_evidence::5ab4f7fc5542991779162d43::0::59744dc6e8,True,False,1,semantic_fluent_false_evidence,0.0,0.0,0.8695652173913043,0.0,0.17391304347826086,2,2,0.9
5ab4f7fc5542991779162d43,hotpotqa::krachi_west_district::54612705a5,False,True,1,semantic_fluent_false_evidence,0.0649519052838329,0.0,0.6,0.0,0.14598076211353317,3,4,0.8
5ab4f7fc5542991779162d43,hotpotqa::dambai::8c5938dcc1,False,False,1,semantic_fluent_false_evidence,0.04330127018922193,0.0,0.25,0.0,0.06732050807568876,4,3,0.8
5ab4f7fc5542991779162d43,hotpotqa::kwadjokrom::7ef1a6fc01,False,False,1,semantic_fluent_false_evidence,0.021650635094610966,0.0,0.4736842105263158,0.0,0.10339709614310755,5,5,0.6
5ab4f7fc5542991779162d43,hotpotqa::baraki_barak::1b83302d96,False,False,1,semantic_fluent_false_evidence,0.5678908345800273,1.0,0.75,0.0,0.7771563338320109,6,11,0.5
5ab4f7fc5542991779162d43,"hotpotqa::boston,_lincolnshire::f5cf8e78b4",False,False,1,semantic_fluent_false_evidence,0.24114520582238227,1.0,0.8333333333333334,0.0,0.6631247489956196,7,7,0.4
5ab4f7fc5542991779162d43,hotpotqa::višegrad::e74da07ca1,False,False,1,semantic_fluent_false_evidence,0.35964531165178737,1.0,0.9393939393939394,0.0,0.7317369125395029,8,11,0.30000000000000004
5ab4f7fc5542991779162d43,hotpotqa::barnoldswick::d9c191cab7,False,False,1,semantic_fluent_false_evidence,0.35415712013437983,1.0,0.9189189189189189,0.0,0.7254466318375357,9,11,0.19999999999999996
5ab4f7fc5542991779162d43,hotpotqa::normanby_le_wold::7bddd06186,False,False,1,semantic_fluent_false_evidence,0.5049752469181039,1.0,0.8333333333333334,0.0,0.7686567654339083,10,11,0.09999999999999998
5ab4f7fc5542991779162d43,hotpotqa::bologna::da4f0ec90d,False,False,1,semantic_fluent_false_evidence,0.0,1.0,0.8076923076923077,0.0,0.5615384615384615,11,6,0.5
5ab4f7fc5542991779162d43,hotpotqa::somanya::f58b0c6bfc,False,False,1,semantic_fluent_false_evidence,0.26611031932458534,1.0,0.8461538461538461,0.0,0.6756748969606033,11,8,0.30000000000000004
5ab4f7fc5542991779162d43,hotpotqa::cajamarca_region::3fcded51d8,False,False,1,semantic_fluent_false_evidence,0.10456625485349597,1.0,0.935483870967742,0.0,0.6289232761349468,11,9,0.19999999999999996
5ab4f7fc5542991779162d43,hotpotqa::honolulu::017d29cd8d,False,False,1,semantic_fluent_false_evidence,0.08291561975888499,1.0,0.8857142857142857,0.0,0.6103091050464111,11,10,0.09999999999999998
5a75404a55429916b01642be,poison::semantic_fluent_false_evidence::5a75404a55429916b01642be::0::39ff95b9bd,True,False,1,semantic_fluent_false_evidence,0.11495190528383291,0.0,0.8076923076923077,0.0,0.2075192236519947,1,3,1.0
5a75404a55429916b01642be,hotpotqa::the_addams_family::8f88f20cca,False,True,1,semantic_fluent_false_evidence,0.7956872320344257,0.75,0.875,0.0,0.7932748928137703,2,2,0.9
5a75404a55429916b01642be,"hotpotqa::hall_of_languages,_syracuse_university::231c1553f3",False,True,1,semantic_fluent_false_evidence,0.07500000000000001,0.5,0.6451612903225806,0.0,0.3590322580645161,3,5,0.8
5a75404a55429916b01642be,hotpotqa::waste_house::67920630a5,False,False,1,semantic_fluent_false_evidence,0.3096291201783626,1.0,0.8333333333333334,0.0,0.6905183147380117,4,11,0.7
5a75404a55429916b01642be,"hotpotqa::the_powerhouse_(san_luis_obispo,_california)::c25c99d13e",False,False,1,semantic_fluent_false_evidence,0.15421976064061854,1.0,0.7424242424242424,0.0,0.6101727527410958,5,7,0.6
5a75404a55429916b01642be,hotpotqa::kamp_store::f5b93444dd,False,False,1,semantic_fluent_false_evidence,0.649519052838329,1.0,0.875,0.0,0.8348076211353316,6,11,0.5
5a75404a55429916b01642be,hotpotqa::sanheyuan::b0a1bc32d8,False,False,1,semantic_fluent_false_evidence,0.5765308721568876,1.0,0.8791208791208791,0.0,0.8064365246869307,7,6,0.5
5a75404a55429916b01642be,hotpotqa::j._l._robinson_general_store::ed220ec07c,False,False,1,semantic_fluent_false_evidence,0.562916512459885,1.0,0.8596491228070176,0.0,0.7970964295453575,8,11,0.30000000000000004
5a75404a55429916b01642be,hotpotqa::concealed_shoes::dfe487b9f1,False,False,1,semantic_fluent_false_evidence,0.5068283733178324,1.0,0.9285714285714286,0.0,0.7884456350414186,9,11,0.19999999999999996
5a75404a55429916b01642be,hotpotqa::palace_of_music_(miskolc)::323a9bf468,False,False,1,semantic_fluent_false_evidence,0.29154759474226505,1.0,0.75,0.0,0.666619037896906,10,11,0.09999999999999998
5a75404a55429916b01642be,"hotpotqa::university_of_california,_berkeley::109a70ff26",False,False,1,semantic_fluent_false_evidence,0.2598076211353316,1.0,0.76,0.0,0.6559230484541326,11,1,1.0
5a75404a55429916b01642be,hotpotqa::azusa_pacific_university::3dc0b504f0,False,False,1,semantic_fluent_false_evidence,0.08291561975888499,1.0,0.8297872340425532,0.0,0.5991236947120646,11,4,0.7
5a75404a55429916b01642be,hotpotqa::museum_of_plaster_casts_(thessaloniki)::388aad3b9d,False,False,1,semantic_fluent_false_evidence,0.49127874620784795,1.0,0.8214285714285714,0.0,0.7607972127688535,11,8,0.30000000000000004
5a75404a55429916b01642be,hotpotqa::saint_louis_university_madrid_campus::c87a61f7c8,False,False,1,semantic_fluent_false_evidence,0.3511354711244723,1.0,0.6799999999999999,0.0,0.676454188449789,11,9,0.19999999999999996
5a75404a55429916b01642be,hotpotqa::fred_meyer::03ad5b104e,False,False,1,semantic_fluent_false_evidence,0.4763139720814412,1.0,0.9375,0.0,0.7780255888325766,11,10,0.09999999999999998
5a8d0be85542994ba4e3dbb2,hotpotqa::maryland_jockey_club::d6a3371235,False,True,1,semantic_fluent_false_evidence,0.0,0.0,0.7380952380952381,0.0,0.14761904761904762,1,2,1.0
5a8d0be85542994ba4e3dbb2,poison::semantic_fluent_false_evidence::5a8d0be85542994ba4e3dbb2::0::ef2b3fda57,True,False,1,semantic_fluent_false_evidence,0.0,0.0,0.7391304347826086,0.0,0.14782608695652172,2,1,1.0
5a8d0be85542994ba4e3dbb2,hotpotqa::2017_black-eyed_susan_stakes::db2f4e7d3f,False,False,1,semantic_fluent_false_evidence,0.25543330454518615,1.0,0.18867924528301883,0.0,0.5399091708746783,3,9,0.8
5a8d0be85542994ba4e3dbb2,hotpotqa::2016_black-eyed_susan_stakes::9f37a8dd11,False,False,1,semantic_fluent_false_evidence,0.08660254037844387,1.0,0.14814814814814814,0.0,0.4642706457810072,4,11,0.7
5a8d0be85542994ba4e3dbb2,hotpotqa::2015_black-eyed_susan_stakes::b833a0e23f,False,False,1,semantic_fluent_false_evidence,0.08660254037844387,1.0,0.21153846153846156,0.0,0.4769487084590699,5,11,0.6
5a8d0be85542994ba4e3dbb2,hotpotqa::2013_black-eyed_susan_stakes::69e2833d2d,False,False,1,semantic_fluent_false_evidence,0.3103548554249924,1.0,0.3389830508474576,0.0,0.5919385523394884,6,8,0.5
5a8d0be85542994ba4e3dbb2,hotpotqa::2014_black-eyed_susan_stakes::7cc2f1b941,False,False,1,semantic_fluent_false_evidence,0.10897247358851685,1.0,0.34375,0.0,0.5123389894354068,7,11,0.4
5a8d0be85542994ba4e3dbb2,hotpotqa::2010_black-eyed_susan_stakes::2cec7b6bec,False,False,1,semantic_fluent_false_evidence,0.04330127018922193,1.0,0.21153846153846156,0.0,0.4596282003833811,8,11,0.30000000000000004
5a8d0be85542994ba4e3dbb2,hotpotqa::2007_black-eyed_susan_stakes::70865760df,False,False,1,semantic_fluent_false_evidence,0.3313645283817583,1.0,0.21153846153846156,0.0,0.5748535036603956,9,11,0.19999999999999996
5a8d0be85542994ba4e3dbb2,hotpotqa::2006_black-eyed_susan_stakes::24237eaf22,False,False,1,semantic_fluent_false_evidence,0.0,1.0,0.2857142857142857,0.0,0.45714285714285713,10,11,0.09999999999999998
5a8d0be85542994ba4e3dbb2,"hotpotqa::bowie,_maryland::6125b88306",False,True,1,semantic_fluent_false_evidence,0.23815698604072064,1.0,0.6666666666666667,0.0,0.6285961277496216,11,3,0.8
5a8d0be85542994ba4e3dbb2,"hotpotqa::ellicott_city,_maryland::2197e7a415",False,False,1,semantic_fluent_false_evidence,0.2337826694505752,1.0,0.7307692307692308,0.0,0.6396669139340763,11,4,0.7
5a8d0be85542994ba4e3dbb2,hotpotqa::borgata::0995783393,False,False,1,semantic_fluent_false_evidence,0.6363961030678927,1.0,0.8636363636363636,0.0,0.8272857139544298,11,5,0.6
5a8d0be85542994ba4e3dbb2,hotpotqa::caesars_atlantic_city::5ea1af6de2,False,False,1,semantic_fluent_false_evidence,0.33541019662496846,1.0,0.7346938775510203,0.0,0.6811028541601915,11,6,0.5
5a8d0be85542994ba4e3dbb2,hotpotqa::tropicana_casino_&amp;_resort_atlantic_city::6045d71a66,False,False,1,semantic_fluent_false_evidence,0.5477225575051661,1.0,0.5666666666666667,0.0,0.7324223563353998,11,7,0.4
5a8d0be85542994ba4e3dbb2,hotpotqa::honolulu::017d29cd8d,False,False,1,semantic_fluent_false_evidence,0.17853571071357127,1.0,0.65625,0.0,0.6026642842854285,11,10,0.09999999999999998
5a74a26a55429979e28829d6,poison::semantic_fluent_false_evidence::5a74a26a55429979e28829d6::0::359daf58c7,True,False,1,semantic_fluent_false_evidence,0.021650635094610966,0.0,0.7,0.0,0.14866025403784439,1,1,1.0
5a74a26a55429979e28829d6,hotpotqa::sonata_for_solo_cello_(crumb)::00e579366c,False,False,1,semantic_fluent_false_evidence,0.0649519052838329,1.0,0.5714285714285714,0.0,0.5402664763992474,2,9,0.9
5a74a26a55429979e28829d6,hotpotqa::béla_bartók_music_high_school::df56656438,False,False,1,semantic_fluent_false_evidence,0.22683662857721154,1.0,0.5555555555555556,0.0,0.6018457625419957,3,10,0.8
5a74a26a55429979e28829d6,hotpotqa::balázs_kocsár::b95e204116,False,False,1,semantic_fluent_false_evidence,0.7224091638399945,1.0,0.8064516129032258,0.0,0.8502539881166429,4,11,0.7
5a74a26a55429979e28829d6,hotpotqa::paul_hindemith::75d4ae3655,False,True,1,semantic_fluent_false_evidence,0.021650635094610966,0.0,0.6590909090909092,0.0,0.1404784358560262,5,2,0.9
5a74a26a55429979e28829d6,"hotpotqa::suite,_op._14_(bartók)::847b2bd8c1",False,False,1,semantic_fluent_false_evidence,0.34641016151377546,1.0,0.7058823529411764,0.0,0.6797405351937454,6,7,0.5
5a74a26a55429979e28829d6,hotpotqa::jacopo_puccini::fbca4c1f36,False,False,1,semantic_fluent_false_evidence,0.3991232131729111,1.0,0.6666666666666667,0.0,0.6929826186024978,7,11,0.4
5a74a26a55429979e28829d6,hotpotqa::palace_of_music_(miskolc)::323a9bf468,False,False,1,semantic_fluent_false_evidence,0.1995810254621955,1.0,0.75,0.0,0.6298324101848782,8,11,0.30000000000000004
5a74a26a55429979e28829d6,hotpotqa::great_is_my_country::0d2414a53b,False,False,1,semantic_fluent_false_evidence,0.5196152422706632,1.0,0.875,0.0,0.7828460969082653,9,11,0.19999999999999996
5a74a26a55429979e28829d6,hotpotqa::steinar_sverd_johnsen::5a258b9001,False,False,1,semantic_fluent_false_evidence,0.4763139720814412,1.0,0.967741935483871,0.0,0.7840739759293507,10,11,0.09999999999999998
5a74a26a55429979e28829d6,hotpotqa::béla_bartók::4db99c7999,False,True,1,semantic_fluent_false_evidence,0.18498310733685927,1.0,0.625,0.0,0.5989932429347438,11,3,0.8
5a74a26a55429979e28829d6,hotpotqa::string_quartet_no._6_(bartók)::f44c5c6d0e,False,False,1,semantic_fluent_false_evidence,0.14737282653189493,1.0,0.8125,0.0,0.621449130612758,11,4,0.7
5a74a26a55429979e28829d6,hotpotqa::list_of_string_quartets_by_béla_bartók::a893410052,False,False,1,semantic_fluent_false_evidence,0.0,1.0,0.8351648351648352,0.0,0.567032967032967,11,5,0.6
5a74a26a55429979e28829d6,hotpotqa::list_of_compositions_by_béla_bartók::7927ca1cab,False,False,1,semantic_fluent_false_evidence,0.2381569860407206,1.0,0.8372093023255813,0.0,0.6627046548814045,11,6,0.5
5a74a26a55429979e28829d6,hotpotqa::giuseppe_verdi::7a23521900,False,False,1,semantic_fluent_false_evidence,0.1299038105676658,1.0,0.8,0.0,0.6119615242270664,11,8,0.30000000000000004
5a8319b255429940e5e1a960,poison::semantic_fluent_false_evidence::5a8319b255429940e5e1a960::0::f8030c90fc,True,False,1,semantic_fluent_false_evidence,0.021650635094610966,0.0,0.7916666666666666,0.0,0.1669935873711777,1,1,1.0
5a8319b255429940e5e1a960,hotpotqa::alf_clausen::ae7c965b6d,False,True,1,semantic_fluent_false_evidence,0.39111219617905035,0.75,0.5925925925925926,0.0,0.5749633969901387,2,3,0.9
5a8319b255429940e5e1a960,hotpotqa::the_simpsons_theme::90225a72fa,False,True,1,semantic_fluent_false_evidence,0.035355339059327376,0.0,0.8461538461538461,0.0,0.18337290485450017,3,2,0.9
5a8319b255429940e5e1a960,hotpotqa::richard_pleasance::ca9aaccd12,False,False,1,semantic_fluent_false_evidence,0.7088723439378912,1.0,0.8840579710144928,0.0,0.860360531778055,4,11,0.7
5a8319b255429940e5e1a960,hotpotqa::disney's_adventures_of_the_gummi_bears::d5d8b57a85,False,False,1,semantic_fluent_false_evidence,0.14912612293443056,0.5,0.8651685393258427,0.0,0.43268415703894075,5,4,0.7
5a8319b255429940e5e1a960,hotpotqa::larry_groupé::59abcbd4e2,False,False,1,semantic_fluent_false_evidence,0.3380530728220593,1.0,0.7755102040816326,0.0,0.6903232699451503,6,8,0.5
5a8319b255429940e5e1a960,hotpotqa::diwa_de_leon::83d94d8723,False,False,1,semantic_fluent_false_evidence,0.47522659910407905,1.0,0.7234042553191489,0.0,0.7347714907054614,7,11,0.4
5a8319b255429940e5e1a960,hotpotqa::musical_composition::bde0013a93,False,False,1,semantic_fluent_false_evidence,0.3031088913245535,1.0,0.8350515463917526,0.0,0.6882538658081719,8,11,0.30000000000000004
5a8319b255429940e5e1a960,hotpotqa::steven_universe::8246750d61,False,False,1,semantic_fluent_false_evidence,0.15,1.0,0.8260869565217391,0.0,0.6252173913043478,9,11,0.19999999999999996
5a8319b255429940e5e1a960,hotpotqa::park_myeong-su::46e5682bae,False,False,1,semantic_fluent_false_evidence,0.4763139720814412,1.0,0.7567567567567568,0.0,0.7418769401839278,10,11,0.09999999999999998
5a8319b255429940e5e1a960,hotpotqa::bruce_rowland::d4010ab1d8,False,False,1,semantic_fluent_false_evidence,0.618465843842649,1.0,0.8148148148148149,0.0,0.8103493005000226,11,5,0.6
5a8319b255429940e5e1a960,hotpotqa::list_of_meine_liebe_episodes::e66c1d1e7e,False,False,1,semantic_fluent_false_evidence,0.07071067811865475,1.0,0.7966101694915254,0.0,0.587606305145767,11,6,0.5
5a8319b255429940e5e1a960,hotpotqa::spider-man:_the_new_animated_series::3190d14a0f,False,False,1,semantic_fluent_false_evidence,0.27726341266023546,1.0,0.7636363636363637,0.0,0.6636326377913668,11,7,0.4
5a8319b255429940e5e1a960,hotpotqa::angelo_badalamenti::84b0473d15,False,False,1,semantic_fluent_false_evidence,0.05,1.0,0.6976744186046512,0.0,0.5595348837209302,11,9,0.19999999999999996
5a8319b255429940e5e1a960,hotpotqa::james_dooley_(composer)::bb51913f29,False,False,1,semantic_fluent_false_evidence,0.17853571071357127,1.0,0.8095238095238095,0.0,0.6333190461901904,11,10,0.09999999999999998
5a7aa0a55542990198eaf165,hotpotqa::jalachhayam::226d4ab863,False,False,1,semantic_fluent_false_evidence,0.08926785535678564,0.0,0.5,0.0,0.13570714214271423,1,4,1.0
5a7aa0a55542990198eaf165,hotpotqa::laloorinu_parayanullathu::335f28d360,False,False,1,semantic_fluent_false_evidence,0.13623724356957945,1.0,0.6060606060606061,0.0,0.575707018639953,2,10,0.9
5a7aa0a55542990198eaf165,poison::semantic_fluent_false_evidence::5a7aa0a55542990198eaf165::0::ad1c383ebd,True,False,1,semantic_fluent_false_evidence,0.06310844497405346,0.0,0.7727272727272727,0.0,0.1797888325350759,3,3,0.8
5a7aa0a55542990198eaf165,hotpotqa::sathish_kalathil::7956fc4cb9,False,True,1,semantic_fluent_false_evidence,0.075,0.25,0.47619047619047616,0.0,0.22523809523809524,4,1,1.0
5a7aa0a55542990198eaf165,hotpotqa::veena_vaadanam::a0f38763ee,False,False,1,semantic_fluent_false_evidence,0.23949505385137823,1.0,0.7166666666666667,0.0,0.6391313548738846,5,11,0.6
5a7aa0a55542990198eaf165,hotpotqa::house_of_capet::0be7b9f73d,False,False,1,semantic_fluent_false_evidence,0.649519052838329,1.0,0.9090909090909091,0.0,0.8416258029535134,6,11,0.5
5a7aa0a55542990198eaf165,hotpotqa::heather_stevens::9c24f6730d,False,False,1,semantic_fluent_false_evidence,0.6062177826491071,1.0,0.9454545454545454,0.0,0.831578022150552,7,11,0.4
5a7aa0a55542990198eaf165,hotpotqa::jacques_feyder::acb7c95bc4,False,True,1,semantic_fluent_false_evidence,0.2518000430886356,1.0,0.7741935483870968,0.0,0.6555587269128736,8,2,0.9
5a7aa0a55542990198eaf165,hotpotqa::people_who_travel_(1938_german-language_film)::94e136401a,False,False,1,semantic_fluent_false_evidence,0.47543758571064,1.0,0.7714285714285715,0.0,0.7444607485699704,9,11,0.19999999999999996
5a7aa0a55542990198eaf165,poison::semantic_fluent_false_evidence::5a74a26a55429979e28829d6::0::359daf58c7,False,False,1,semantic_fluent_false_evidence,0.5448623679425842,1.0,0.8837209302325582,0.0,0.7946891332235453,10,11,0.09999999999999998
5a7aa0a55542990198eaf165,hotpotqa::søren_kierkegaard::25180dc354,False,False,1,semantic_fluent_false_evidence,0.08291561975888499,1.0,0.9493670886075949,0.0,0.623039665625073,11,5,0.6
5a7aa0a55542990198eaf165,hotpotqa::halldór_laxness::3021d96b14,False,False,1,semantic_fluent_false_evidence,0.05,1.0,0.9047619047619048,0.0,0.6009523809523809,11,6,0.5
5a7aa0a55542990198eaf165,hotpotqa::l'atlantide_(1921_film)::5ebf0ad928,False,False,1,semantic_fluent_false_evidence,0.62663024219676,1.0,0.5714285714285714,0.0,0.7649378111644183,11,7,0.4
5a7aa0a55542990198eaf165,hotpotqa::émilie_du_châtelet::7e0859c5ea,False,False,1,semantic_fluent_false_evidence,0.248746859276655,1.0,0.847457627118644,0.0,0.6689902691343909,11,8,0.30000000000000004
5a7aa0a55542990198eaf165,hotpotqa::carl_von_clausewitz::15df5bee56,False,False,1,semantic_fluent_false_evidence,0.3112474899497183,1.0,0.8666666666666667,0.0,0.6978323293132206,11,9,0.19999999999999996
5ae291bb5542996483e649f6,hotpotqa::premiere_(magazine)::300fd7849a,False,True,1,semantic_fluent_false_evidence,0.04665063509461097,0.0,0.9285714285714286,0.0,0.2043745397521301,1,4,1.0
5ae291bb5542996483e649f6,hotpotqa::hachette_filipacchi_media_u.s.::c73f1bd736,False,False,1,semantic_fluent_false_evidence,0.06310844497405346,0.0,0.7692307692307692,0.0,0.1790895318357752,2,3,0.9
5ae291bb5542996483e649f6,poison::semantic_fluent_false_evidence::5ae291bb5542996483e649f6::0::12b3fa62bf,True,False,1,semantic_fluent_false_evidence,0.041457809879442496,0.0,0.8928571428571429,0.0,0.19515455252320557,3,1,1.0
5ae291bb5542996483e649f6,hotpotqa::car_and_driver::3c430d48b1,False,False,1,semantic_fluent_false_evidence,0.09354143466934853,1.0,0.9047619047619048,0.0,0.6183689548201203,4,10,0.7
5ae291bb5542996483e649f6,hotpotqa::home_(magazine)::85c942b191,False,False,1,semantic_fluent_false_evidence,0.10825317547305484,0.5,0.0,0.0,0.24330127018922193,5,2,0.9
5ae291bb5542996483e649f6,hotpotqa::george_(magazine)::0faa98a7de,False,False,1,semantic_fluent_false_evidence,0.12472827573505249,1.0,0.9,0.0,0.629891310294021,6,9,0.5
5ae291bb5542996483e649f6,hotpotqa::metropolitan_home::8e69afc406,False,False,1,semantic_fluent_false_evidence,0.16345871038277526,1.0,0.9333333333333333,0.0,0.6520501508197768,7,5,0.6
5ae291bb5542996483e649f6,hotpotqa::elle_decor::233ff1fb16,False,False,1,semantic_fluent_false_evidence,0.0739509972887452,1.0,0.6,0.0,0.549580398915498,8,7,0.4
5ae291bb5542996483e649f6,hotpotqa::lagardère_group::1681fa00d0,False,False,1,semantic_fluent_false_evidence,0.1389029025725781,1.0,0.9315068493150684,0.0,0.6418625308920449,9,11,0.19999999999999996
5ae291bb5542996483e649f6,hotpotqa::family_life_(wenner_media_magazine)::d7cd6173ac,False,False,1,semantic_fluent_false_evidence,0.07905694150420949,1.0,0.9193548387096774,0.0,0.6154937443436193,10,8,0.30000000000000004
5ae291bb5542996483e649f6,hotpotqa::april_bernard::348c4792e0,False,True,1,semantic_fluent_false_evidence,0.07905694150420949,1.0,0.9230769230769231,0.0,0.6162381612170684,11,6,0.5
5a74122f55429929fddd83da,poison::semantic_fluent_false_evidence::5a74122f55429929fddd83da::0::1867728f5d,True,False,1,semantic_fluent_false_evidence,0.04330127018922193,0.0,0.875,0.0,0.19232050807568876,1,1,1.0
5a74122f55429929fddd83da,hotpotqa::two_is_better_than_one::87ef2092f0,False,True,1,semantic_fluent_false_evidence,0.04330127018922193,0.0,0.5416666666666667,0.0,0.1256538414090221,2,2,0.9
5a74122f55429929fddd83da,hotpotqa::acapella_(karmin_song)::722f117e87,False,False,1,semantic_fluent_false_evidence,0.19842733039124785,1.0,0.625,0.0,0.6043709321564992,3,11,0.8
5a74122f55429929fddd83da,hotpotqa::love_drunk::aac303b91c,False,True,1,semantic_fluent_false_evidence,0.07071067811865475,0.25,0.5853658536585367,0.0,0.24535744197916923,4,3,0.8
5a74122f55429929fddd83da,hotpotqa::bad_for_me::93a02c2428,False,False,1,semantic_fluent_false_evidence,0.07613687188886939,1.0,0.5882352941176471,0.0,0.5481018075790771,5,10,0.6
5a74122f55429929fddd83da,hotpotqa::heart_heart_heartbreak::bcfbba44d9,False,False,1,semantic_fluent_false_evidence,0.09659258262890683,0.25,0.47058823529411764,0.0,0.23275468011038628,6,4,0.7
5a74122f55429929fddd83da,hotpotqa::love_drunk_(disambiguation)::230972ca97,False,False,1,semantic_fluent_false_evidence,0.3247595264191645,1.0,0.0,0.0,0.5299038105676658,7,5,0.6
5a74122f55429929fddd83da,hotpotqa::boys_like_girls_(album)::3bed2ae424,False,False,1,semantic_fluent_false_evidence,0.3237267844344753,1.0,0.0,0.0,0.5294907137737901,8,9,0.30000000000000004
5a74122f55429929fddd83da,hotpotqa::boys_like_girls::3a91123431,False,False,1,semantic_fluent_false_evidence,0.3051638903933426,1.0,0.6774193548387097,0.0,0.657549427125079,9,7,0.4
5a74122f55429929fddd83da,hotpotqa::she_is_love_(parachute_song)::844c7f3d06,False,False,1,semantic_fluent_false_evidence,0.45,1.0,0.8035714285714286,0.0,0.7407142857142858,10,11,0.09999999999999998
5a74122f55429929fddd83da,hotpotqa::love_drunk_(boys_like_girls_song)::c39d2dd0d2,False,False,1,semantic_fluent_false_evidence,0.209982124761103,1.0,0.6363636363636364,0.0,0.6112655771771685,11,6,0.5
5a74122f55429929fddd83da,hotpotqa::taylor_swift_(album)::8b436894fc,False,False,1,semantic_fluent_false_evidence,0.26659960937292876,1.0,0.7358490566037736,0.0,0.6538096550699263,11,8,0.30000000000000004
5ab3a83d5542992ade7c6e08,hotpotqa::faith_goldy::ef1a097623,False,True,1,semantic_fluent_false_evidence,0.035355339059327376,0.0,0.75,0.0,0.16414213562373095,1,2,1.0
5ab3a83d5542992ade7c6e08,poison::semantic_fluent_false_evidence::5ab3a83d5542992ade7c6e08::0::a5f58bba02,True,False,1,semantic_fluent_false_evidence,0.021650635094610966,0.0,0.9166666666666666,0.0,0.19199358737117772,2,1,1.0
5ab3a83d5542992ade7c6e08,hotpotqa::fired_up_(tv_series)::0a1351f3f5,False,False,1,semantic_fluent_false_evidence,0.49796460717605223,1.0,0.9333333333333333,0.0,0.7858525095370876,3,11,0.8
5ab3a83d5542992ade7c6e08,"hotpotqa::move_over,_darling::ec20b4cf59",False,False,1,semantic_fluent_false_evidence,0.7361215932167728,1.0,0.94,0.0,0.8824486372867092,4,11,0.7
5ab3a83d5542992ade7c6e08,hotpotqa::mars_nederland::dfab2324a5,False,False,1,semantic_fluent_false_evidence,0.8257572282456872,1.0,0.9714285714285714,0.0,0.9245886055839891,5,11,0.6
5ab3a83d5542992ade7c6e08,hotpotqa::better_than_home::8e1596a1e1,False,False,1,semantic_fluent_false_evidence,0.7258615570478988,1.0,0.9365079365079365,0.0,0.8776462101207467,6,11,0.5
5ab3a83d5542992ade7c6e08,hotpotqa::list_of_metallica_concert_tours::abd1b9938b,False,False,1,semantic_fluent_false_evidence,0.6062177826491071,1.0,0.9038461538461539,0.0,0.8232563438288736,7,11,0.4
5ab3a83d5542992ade7c6e08,hotpotqa::follow-the-sun::06a2017050,False,False,1,semantic_fluent_false_evidence,0.65,1.0,0.8780487804878049,0.0,0.8356097560975609,8,11,0.30000000000000004
5ab3a83d5542992ade7c6e08,hotpotqa::newport_chemical_depot::588cb783fc,False,False,1,semantic_fluent_false_evidence,0.7154544010627093,1.0,0.9130434782608696,0.0,0.8687904560772577,9,11,0.19999999999999996
5ab3a83d5542992ade7c6e08,hotpotqa::chronicle_(film)::9b1a9b7988,False,False,1,semantic_fluent_false_evidence,0.5760859310901456,1.0,0.8490566037735849,0.0,0.8002456931907751,10,11,0.09999999999999998
5ab3a83d5542992ade7c6e08,hotpotqa::the_daily_stormer::95c3c20e9e,False,True,1,semantic_fluent_false_evidence,0.425,0.5,0.7307692307692308,0.0,0.5161538461538462,11,3,0.8
5ab3a83d5542992ade7c6e08,hotpotqa::jessica_chastain_on_screen_and_stage::7e0fffa170,False,False,1,semantic_fluent_false_evidence,0.17320508075688773,1.0,0.5,0.0,0.5692820323027551,11,4,0.7
5ab3a83d5542992ade7c6e08,hotpotqa::jessica_chastain::84e41c7971,False,False,1,semantic_fluent_false_evidence,0.6557438524302001,1.0,0.4339622641509434,0.0,0.7490899938022687,11,5,0.6
5ab3a83d5542992ade7c6e08,hotpotqa::trish_lake::0b7a9e91d5,False,False,1,semantic_fluent_false_evidence,0.08291561975888499,1.0,0.8266666666666667,0.0,0.5984995812368873,11,6,0.5
5ab3a83d5542992ade7c6e08,hotpotqa::rosie_o'donnell::b1c115c034,False,False,1,semantic_fluent_false_evidence,0.5722761571129799,1.0,0.6666666666666667,0.0,0.7622437961785253,11,7,0.4
5ab3a83d5542992ade7c6e08,hotpotqa::sara_poulsen::054d7b1a22,False,False,1,semantic_fluent_false_evidence,0.4656984002549289,1.0,0.8055555555555556,0.0,0.7473904712130827,11,8,0.30000000000000004
5ab3a83d5542992ade7c6e08,hotpotqa::rihanna::52b9d13362,False,False,1,semantic_fluent_false_evidence,0.3905124837953327,1.0,0.8524590163934427,0.0,0.7266967967968216,11,9,0.19999999999999996
5ab3a83d5542992ade7c6e08,hotpotqa::supergirl_(tv_series)::cf04fab586,False,False,1,semantic_fluent_false_evidence,0.4716990566028302,1.0,0.8,0.0,0.7486796226411321,11,10,0.09999999999999998
5abc219655429959677d6a1d,poison::semantic_fluent_false_evidence::5abc219655429959677d6a1d::0::c1f7928e54,True,False,1,semantic_fluent_false_evidence,0.025,0.0,0.72,0.0,0.154,1,3,1.0
5abc219655429959677d6a1d,hotpotqa::comic_book::f0eeba8c65,False,False,1,semantic_fluent_false_evidence,0.18845871038277526,0.75,0.821917808219178,0.0,0.5397670457969457,2,5,0.9
5abc219655429959677d6a1d,hotpotqa::spawn_(comics)::409ae93770,False,False,1,semantic_fluent_false_evidence,0.340877953589528,1.0,0.8,0.0,0.6963511814358112,3,11,0.8
5abc219655429959677d6a1d,hotpotqa::metropolis_collectibles::018963a7cd,False,False,1,semantic_fluent_false_evidence,0.10070757659882046,1.0,0.851063829787234,0.0,0.6104957965969751,4,11,0.7
5abc219655429959677d6a1d,hotpotqa::theologus_autodidactus::aa2cec42b8,False,False,1,semantic_fluent_false_evidence,0.6928203230275509,1.0,0.7916666666666666,0.0,0.8354614625443537,5,11,0.6
5abc219655429959677d6a1d,hotpotqa::star_crossed_(comics)::73d1629bd3,False,False,1,semantic_fluent_false_evidence,0.15562374497485915,1.0,0.8085106382978724,0.0,0.6239516256495181,6,2,0.9
5abc219655429959677d6a1d,hotpotqa::comic_book_convention::40e04d0659,False,False,1,semantic_fluent_false_evidence,0.5261891294962296,1.0,0.7592592592592593,0.0,0.7623275036503437,7,11,0.4
5abc219655429959677d6a1d,hotpotqa::nick_fury_vs._s.h.i.e.l.d.::132ef9d795,False,False,1,semantic_fluent_false_evidence,0.30645825622994255,1.0,0.7027027027027026,0.0,0.6631238430325175,8,11,0.30000000000000004
5abc219655429959677d6a1d,hotpotqa::will_jacobs::3a21c8b19c,False,False,1,semantic_fluent_false_evidence,0.4543165292279633,1.0,0.736842105263158,0.0,0.7290950327438169,9,11,0.19999999999999996
5abc219655429959677d6a1d,hotpotqa::nunzio_defilippis::828fb3741a,False,False,1,semantic_fluent_false_evidence,0.3792132889192875,1.0,0.8181818181818181,0.0,0.7153216792040786,10,11,0.09999999999999998
5abc219655429959677d6a1d,hotpotqa::crossed_(comics)::a28200882d,False,True,1,semantic_fluent_false_evidence,0.2678035660703569,1.0,0.7894736842105263,0.0,0.665016163270248,11,1,1.0
5abc219655429959677d6a1d,hotpotqa::glenn_greenberg::e6cfee8cb5,False,False,1,semantic_fluent_false_evidence,0.24874685927665502,1.0,0.7142857142857143,0.0,0.6423558865678048,11,4,0.7
5abc219655429959677d6a1d,hotpotqa::garth_ennis::77c04159fb,False,True,1,semantic_fluent_false_evidence,0.19202864369671518,1.0,0.7222222222222222,0.0,0.6212559019231305,11,6,0.5
5abc219655429959677d6a1d,hotpotqa::nick_fury_(2017_comic_book)::1890aa6c90,False,False,1,semantic_fluent_false_evidence,0.18580551000516055,1.0,0.5555555555555556,0.0,0.5854333151131753,11,7,0.4
5abc219655429959677d6a1d,hotpotqa::the_physics_of_superheroes::8c71e24e81,False,False,1,semantic_fluent_false_evidence,0.4151659210605893,1.0,0.7704918032786885,0.0,0.7201647290799734,11,8,0.30000000000000004
5abc219655429959677d6a1d,hotpotqa::wolverine/nick_fury:_the_scorpio_connection::76a5f3c691,False,False,1,semantic_fluent_false_evidence,0.0,1.0,0.7058823529411764,0.0,0.5411764705882354,11,9,0.19999999999999996
5abc219655429959677d6a1d,hotpotqa::splitting_image::5d61318adc,False,False,1,semantic_fluent_false_evidence,0.17853571071357127,1.0,0.7346938775510203,0.0,0.6183530597956326,11,10,0.09999999999999998
5a7f1d3c5542993067513639,hotpotqa::mercuria_energy_group::5f23b597e6,False,True,1,semantic_fluent_false_evidence,0.025,0.0,0.6176470588235294,0.0,0.1335294117647059,1,2,1.0
5a7f1d3c5542993067513639,poison::semantic_fluent_false_evidence::5a7f1d3c5542993067513639::0::2be7318d79,True,False,1,semantic_fluent_false_evidence,0.025,0.0,0.6296296296296297,0.0,0.13592592592592595,2,1,1.0
5a7f1d3c5542993067513639,hotpotqa::source_uk_services::7c46fdd7fe,False,False,1,semantic_fluent_false_evidence,0.1384329796997689,0.25,0.8,0.0,0.31537319187990753,3,4,0.8
5a7f1d3c5542993067513639,hotpotqa::douglas_cliggott::55d4c8409a,False,False,1,semantic_fluent_false_evidence,0.2196878790665467,1.0,0.8292682926829268,0.0,0.6537288101632039,4,11,0.7
5a7f1d3c5542993067513639,hotpotqa::2000s_commodities_boom::86ad5ec067,False,False,1,semantic_fluent_false_evidence,0.13518824085832465,1.0,0.8695652173913043,0.0,0.6279883398215907,5,9,0.6
5a7f1d3c5542993067513639,hotpotqa::j._p._morgan_jr.::14e14238b7,False,False,1,semantic_fluent_false_evidence,0.38599676998874394,1.0,0.8095238095238095,0.0,0.7163034699002595,6,7,0.5
5a7f1d3c5542993067513639,hotpotqa::claude_wilfrid_etoka::45f4c886e7,False,True,1,semantic_fluent_false_evidence,0.26920358826343527,1.0,0.8260869565217391,0.0,0.6728988266097219,7,8,0.4
5a7f1d3c5542993067513639,hotpotqa::hess_corporation::8f839f25f8,False,False,1,semantic_fluent_false_evidence,0.1389029025725781,0.5,0.7790697674418605,0.0,0.41137511451740333,8,6,0.5
5a7f1d3c5542993067513639,hotpotqa::bank_pool_loan::6332a92c5e,False,False,1,semantic_fluent_false_evidence,0.4898979485566356,1.0,0.8448275862068966,0.0,0.7649246966640335,9,11,0.19999999999999996
5a7f1d3c5542993067513639,hotpotqa::semgroup::8a6b477aa5,False,False,1,semantic_fluent_false_evidence,0.3339801773577069,0.75,0.6976744186046512,0.0,0.573126954664013,10,3,0.8
5a7f1d3c5542993067513639,hotpotqa::esso_australia::150e96af24,False,False,1,semantic_fluent_false_evidence,0.25186169000543707,1.0,0.8260869565217391,0.0,0.6659620673065227,11,5,0.6
5a7f1d3c5542993067513639,hotpotqa::koch_family::c2e2ea36e7,False,False,1,semantic_fluent_false_evidence,0.31854143466934853,1.0,0.75,0.0,0.6774165738677393,11,10,0.09999999999999998
5ae3c71f5542991a06ce9a22,poison::semantic_fluent_false_evidence::5ae3c71f5542991a06ce9a22::0::67021b7478,True,False,1,semantic_fluent_false_evidence,0.0,0.0,0.9375,0.0,0.1875,1,1,1.0
5ae3c71f5542991a06ce9a22,"hotpotqa::mesopotamia,_argentina::c7152dba31",False,True,1,semantic_fluent_false_evidence,0.1664213562373095,0.75,0.8,0.0,0.5265685424949238,2,3,0.9
5ae3c71f5542991a06ce9a22,hotpotqa::national_route_12_(argentina)::6497c2c4c2,False,False,1,semantic_fluent_false_evidence,0.0664578098794425,0.0,0.9166666666666666,0.0,0.20991645728511035,3,4,0.8
5ae3c71f5542991a06ce9a22,hotpotqa::predelta_national_park::6445cc0ad8,False,True,1,semantic_fluent_false_evidence,0.04330127018922193,0.0,0.8461538461538461,0.0,0.18655127730645799,4,2,0.9
5ae3c71f5542991a06ce9a22,hotpotqa::republic_of_entre_ríos::22bc223b21,False,False,1,semantic_fluent_false_evidence,0.1243734296383275,0.75,0.9090909090909091,0.0,0.5315675536735128,5,5,0.6
5ae3c71f5542991a06ce9a22,hotpotqa::uruguay_river::64d90f5d64,False,False,1,semantic_fluent_false_evidence,0.06123724356957945,1.0,0.75,0.0,0.5744948974278318,6,7,0.5
5ae3c71f5542991a06ce9a22,hotpotqa::battle_of_caaguazú::a81af98d53,False,False,1,semantic_fluent_false_evidence,0.2919269563007828,1.0,0.8888888888888888,0.0,0.694548560298091,7,11,0.4
5ae3c71f5542991a06ce9a22,hotpotqa::quadrilateral_treaty::67bb2d40d4,False,False,1,semantic_fluent_false_evidence,0.07681314893876987,1.0,0.7560975609756098,0.0,0.5819447717706299,8,11,0.30000000000000004
5ae3c71f5542991a06ce9a22,"hotpotqa::argentine_provincial_elections,_2015::0aa75818dd",False,False,1,semantic_fluent_false_evidence,0.15786566256311793,1.0,0.7894736842105263,0.0,0.6210410018673524,9,10,0.19999999999999996
5ae3c71f5542991a06ce9a22,hotpotqa::santa_fe_province::1d314cbecb,False,False,1,semantic_fluent_false_evidence,0.1293010054098575,1.0,0.6071428571428572,0.0,0.5731489735925145,10,6,0.5
5ae3c71f5542991a06ce9a22,hotpotqa::andes::e0bd9a37eb,False,False,1,semantic_fluent_false_evidence,0.1299038105676658,1.0,0.8809523809523809,0.0,0.6281520004175425,11,8,0.30000000000000004
5ae3c71f5542991a06ce9a22,hotpotqa::lunda_norte_province::94e108ff27,False,False,1,semantic_fluent_false_evidence,0.08660254037844387,1.0,0.8653846153846154,0.0,0.6077179392283006,11,9,0.19999999999999996
5ade7a435542997c77adee3a,hotpotqa::mountbatten-windsor::277136ba41,False,True,1,semantic_fluent_false_evidence,0.025,0.0,0.7894736842105263,0.0,0.16789473684210526,1,2,1.0
5ade7a435542997c77adee3a,poison::semantic_fluent_false_evidence::5ade7a435542997c77adee3a::0::c3c65b6985,True,False,1,semantic_fluent_false_evidence,0.025,0.0,0.5,0.0,0.11000000000000001,2,1,1.0
5ade7a435542997c77adee3a,hotpotqa::list_of_members_of_the_house_of_windsor::6882190056,False,False,1,semantic_fluent_false_evidence,0.021650635094610966,0.0,0.7,0.0,0.14866025403784439,3,4,0.8
5ade7a435542997c77adee3a,hotpotqa::duke_of_leuchtenberg::697d911e11,False,False,1,semantic_fluent_false_evidence,0.1451695547942804,1.0,0.76,0.0,0.6100678219177121,4,10,0.7
5ade7a435542997c77adee3a,hotpotqa::batonishvili::958b11c798,False,False,1,semantic_fluent_false_evidence,0.15871820387502825,1.0,0.9189189189189189,0.0,0.6472710653337951,5,9,0.6
5ade7a435542997c77adee3a,hotpotqa::line_of_succession_to_the_former_egyptian_throne::ea05da6501,False,False,1,semantic_fluent_false_evidence,0.3852346730500591,1.0,0.8666666666666667,0.0,0.727427202553357,6,11,0.5
5ade7a435542997c77adee3a,hotpotqa::cadet_branch::52eb7d4ab9,False,False,1,semantic_fluent_false_evidence,0.35961328095950534,1.0,0.8378378378378378,0.0,0.7114128799513697,7,6,0.5
5ade7a435542997c77adee3a,hotpotqa::capetian_dynasty::43764bff16,False,False,1,semantic_fluent_false_evidence,0.2318404623873926,1.0,0.8064516129032258,0.0,0.6540265075356022,8,5,0.6
5ade7a435542997c77adee3a,hotpotqa::house_of_capet::0be7b9f73d,False,False,1,semantic_fluent_false_evidence,0.1888892370978566,1.0,0.6,0.0,0.5955556948391426,9,7,0.4
5ade7a435542997c77adee3a,hotpotqa::zulu_royal_family::dadeb5b9e5,False,False,1,semantic_fluent_false_evidence,0.1299038105676658,1.0,0.8604651162790697,0.0,0.6240545474828803,10,8,0.30000000000000004
5ade7a435542997c77adee3a,hotpotqa::mountbatten_family::dcd78eec19,False,True,1,semantic_fluent_false_evidence,0.1690234616265059,1.0,0.7297297297297297,0.0,0.6135553305965483,11,3,0.8
5a80ecea55429938b6142254,poison::semantic_fluent_false_evidence::5a80ecea55429938b6142254::0::29bb7238cd,True,False,1,semantic_fluent_false_evidence,0.0,0.0,0.96,0.0,0.192,1,1,1.0
5a80ecea55429938b6142254,hotpotqa::yoo_in-na::70c2edba21,False,True,1,semantic_fluent_false_evidence,0.10361861664838598,0.25,0.717948717948718,0.0,0.28503719024909796,2,5,0.9
5a80ecea55429938b6142254,hotpotqa::my_secret_hotel::adbf4e40a6,False,True,1,semantic_fluent_false_evidence,0.3897114317029974,0.75,0.631578947368421,0.0,0.5822003621548831,3,2,0.9
5a80ecea55429938b6142254,hotpotqa::the_secret_of_my_love::0417951616,False,False,1,semantic_fluent_false_evidence,0.35429765280484016,0.75,0.6666666666666667,0.0,0.5750523944552695,4,3,0.8
5a80ecea55429938b6142254,hotpotqa::bang_eun-hee::d38853da1b,False,False,1,semantic_fluent_false_evidence,0.4084282012952365,1.0,0.8444444444444444,0.0,0.7322601694069835,5,9,0.6
5a80ecea55429938b6142254,hotpotqa::yoo_ah-in::4d4e8c4c8f,False,False,1,semantic_fluent_false_evidence,0.37268428832820477,1.0,0.7058823529411764,0.0,0.6902501859195171,6,11,0.5
5a80ecea55429938b6142254,hotpotqa::detective_k:_secret_of_the_virtuous_widow::9181223ee9,False,False,1,semantic_fluent_false_evidence,0.24011358336252722,1.0,0.8666666666666667,0.0,0.6693787666783442,7,11,0.4
5a80ecea55429938b6142254,hotpotqa::nice_githinji::05566be604,False,False,1,semantic_fluent_false_evidence,0.6015604707757982,1.0,0.8333333333333334,0.0,0.8072908549769859,8,11,0.30000000000000004
5a80ecea55429938b6142254,hotpotqa::secret_love_(tv_series)::664d1ad6af,False,False,1,semantic_fluent_false_evidence,0.30310889132455354,1.0,0.5263157894736843,0.0,0.6265067144245583,9,4,0.7
5a80ecea55429938b6142254,"hotpotqa::my_boss,_my_teacher::aa1cec8180",False,False,1,semantic_fluent_false_evidence,0.30942163721594335,1.0,0.9090909090909091,0.0,0.7055868367045591,10,11,0.09999999999999998
5a80ecea55429938b6142254,hotpotqa::kim_ji-han::727bde4473,False,False,1,semantic_fluent_false_evidence,0.3858393466086688,0.75,0.6037735849056604,0.0,0.5750904556245996,11,6,0.5
5a80ecea55429938b6142254,hotpotqa::kim_hyang-gi::de6bb9fca7,False,False,1,semantic_fluent_false_evidence,0.2246959539523547,1.0,0.4545454545454546,0.0,0.5807874724900328,11,7,0.4
5a80ecea55429938b6142254,hotpotqa::park_myeong-su::46e5682bae,False,False,1,semantic_fluent_false_evidence,0.4238821434238216,1.0,0.8333333333333334,0.0,0.7362195240361953,11,8,0.30000000000000004
5a80ecea55429938b6142254,hotpotqa::han_sun-hwa::71f196786b,False,False,1,semantic_fluent_false_evidence,0.347103734562249,1.0,0.76,0.0,0.6908414938248997,11,10,0.09999999999999998
5ae7cea355429952e35ea9c1,hotpotqa::easy_(tv_series)::f697ef3559,False,True,1,semantic_fluent_false_evidence,0.25716868111232066,1.0,0.6470588235294117,0.0,0.6322792371508106,1,7,1.0
5ae7cea355429952e35ea9c1,poison::semantic_fluent_false_evidence::5ae7cea355429952e35ea9c1::0::b18281f0d4,True,False,1,semantic_fluent_false_evidence,0.05448623679425842,0.0,0.7586206896551724,0.0,0.17351863264873785,2,1,1.0
5ae7cea355429952e35ea9c1,hotpotqa::travelers_(tv_series)::0f29fed051,False,False,1,semantic_fluent_false_evidence,0.06035533905932738,0.0,0.75,0.0,0.17414213562373096,3,3,0.8
5ae7cea355429952e35ea9c1,hotpotqa::list_of_knights_of_sidonia_episodes::52ba975132,False,False,1,semantic_fluent_false_evidence,0.46029881598804917,1.0,0.7758620689655172,0.0,0.7392919401883231,4,11,0.7
5ae7cea355429952e35ea9c1,hotpotqa::bloodline_(tv_series)::bf01078750,False,False,1,semantic_fluent_false_evidence,0.09920296962671668,0.0,0.6,0.0,0.15968118785068666,5,5,0.6
5ae7cea355429952e35ea9c1,hotpotqa::list_of_heroes_episodes::7b8827dd8c,False,False,1,semantic_fluent_false_evidence,0.3897114317029974,1.0,0.7954545454545454,0.0,0.714975481772108,6,11,0.5
5ae7cea355429952e35ea9c1,hotpotqa::alyas_robin_hood::b2df85b751,False,False,1,semantic_fluent_false_evidence,0.5011461352964892,1.0,0.75,0.0,0.7504584541185957,7,10,0.4
5ae7cea355429952e35ea9c1,hotpotqa::k9_(doctor_who)::452a507456,False,False,1,semantic_fluent_false_evidence,0.562916512459885,1.0,0.8863636363636364,0.0,0.8024393322566812,8,11,0.30000000000000004
5ae7cea355429952e35ea9c1,hotpotqa::boy_meets_world_(season_2)::699de9bb55,False,False,1,semantic_fluent_false_evidence,0.5196152422706632,1.0,0.813953488372093,0.0,0.770636794582684,9,11,0.19999999999999996
5ae7cea355429952e35ea9c1,hotpotqa::dice_(tv_series)::c1aa9ead60,False,False,1,semantic_fluent_false_evidence,0.23715550083279924,0.5,0.6341463414634146,0.0,0.42169146862580265,10,4,0.7
5ae7cea355429952e35ea9c1,hotpotqa::son_of_zorn::8e07173864,False,False,1,semantic_fluent_false_evidence,0.31899626418560956,1.0,0.8214285714285714,0.0,0.6918842199599581,11,2,0.9
5ae7cea355429952e35ea9c1,hotpotqa::drake_&amp;_josh::014ddba694,False,False,1,semantic_fluent_false_evidence,0.4153311931459037,1.0,0.8571428571428572,0.0,0.7375610486869328,11,6,0.5
5ae7cea355429952e35ea9c1,hotpotqa::list_of_alyas_robin_hood_episodes::fb1c56bb99,False,False,1,semantic_fluent_false_evidence,0.16160254037844385,1.0,0.7714285714285715,0.0,0.6189267304370919,11,8,0.30000000000000004
5ae7cea355429952e35ea9c1,hotpotqa::nerdland::402c721609,False,False,1,semantic_fluent_false_evidence,0.1118033988749895,1.0,0.7317073170731707,0.0,0.59106282296463,11,9,0.19999999999999996
