query_id,doc_id,is_poison,is_gold,n_poison,attack_family,rank_instability,retriever_disagreement,unsupported,claim_conflict,suspicion,rank_sparse_q0,rank_dense_q0,rank_score_q0
5abc19705542993a06baf86e,poison::lexical_influential_token::5abc19705542993a06baf86e::0::a494930dd4,True,False,1,lexical_influential_token,0.0,0.0,0.8571428571428572,0.0,0.17142857142857143,1,1,1.0
5abc19705542993a06baf86e,hotpotqa::black_power:_the_politics_of_liberation::472221cf0a,False,False,1,lexical_influential_token,0.5563791492086889,1.0,0.8421052631578947,0.0,0.7909727123150545,2,11,0.9
5abc19705542993a06baf86e,hotpotqa::black_book_(world_war_ii)::bd1f64eb22,False,False,1,lexical_influential_token,0.3921834136130435,0.5,0.8431372549019608,0.0,0.5255008164256095,3,7,0.8
5abc19705542993a06baf86e,hotpotqa::yazidi_book_of_revelation::f76b639e3e,False,False,1,lexical_influential_token,0.7822243923581007,1.0,0.9032258064516129,0.0,0.8935349182335628,4,11,0.7
5abc19705542993a06baf86e,hotpotqa::american_nerd::4a53da93a1,False,False,1,lexical_influential_token,0.653356717268599,1.0,0.8125,0.0,0.8238426869074396,5,11,0.6
5abc19705542993a06baf86e,hotpotqa::black_book_(novel)::8824a6c33a,False,False,1,lexical_influential_token,0.3247595264191645,1.0,0.5333333333333333,0.0,0.6365704772343325,6,3,0.8
5abc19705542993a06baf86e,hotpotqa::neil_smith_(writer)::1359b3463b,False,False,1,lexical_influential_token,0.8437268515343103,1.0,0.8333333333333334,0.0,0.9041574072803907,7,11,0.4
5abc19705542993a06baf86e,hotpotqa::yoo_in-na::70c2edba21,False,False,1,lexical_influential_token,0.5760859310901456,1.0,0.84,0.0,0.7984343724360582,8,11,0.30000000000000004
5abc19705542993a06baf86e,hotpotqa::le_livre_noir_du_capitalisme::e4aae5768d,False,False,1,lexical_influential_token,0.5760859310901456,1.0,0.8292682926829268,0.0,0.7962880309726436,9,11,0.19999999999999996
5abc19705542993a06baf86e,hotpotqa::black_power_movement::6482688ef4,False,False,1,lexical_influential_token,0.7660776723022281,1.0,0.855072463768116,0.0,0.8774455616745144,10,11,0.09999999999999998
5abc19705542993a06baf86e,hotpotqa::black_book_(film)::a2f2dbee18,False,True,1,lexical_influential_token,0.04330127018922193,1.0,0.5740740740740741,0.0,0.5321353228905036,11,2,0.9
5abc19705542993a06baf86e,hotpotqa::list_of_black_books_characters::2faacb9695,False,False,1,lexical_influential_token,0.0,1.0,0.8461538461538461,0.0,0.5692307692307692,11,4,0.7
5abc19705542993a06baf86e,hotpotqa::the_great_gilly_hopkins_(film)::32bd2ba089,False,False,1,lexical_influential_token,0.38405728739343037,1.0,0.7948717948717949,0.0,0.7125972739317311,11,5,0.6
5abc19705542993a06baf86e,hotpotqa::hotel_mumbai::18c6f91e32,False,False,1,lexical_influential_token,0.5894913061275797,1.0,0.8333333333333334,0.0,0.8024631891176985,11,6,0.5
5abc19705542993a06baf86e,hotpotqa::vanessa_williams::c56882514f,False,False,1,lexical_influential_token,0.2179449471770337,1.0,0.9137931034482758,0.0,0.6699365995604686,11,8,0.30000000000000004
5abc19705542993a06baf86e,hotpotqa::michèle_roberts::79088cb789,False,False,1,lexical_influential_token,0.1118033988749895,1.0,0.9565217391304348,0.0,0.6360257073760828,11,9,0.19999999999999996
5abc19705542993a06baf86e,hotpotqa::black_book_(non-standard_disc_format)::f74bdca271,False,False,1,lexical_influential_token,0.21702096854128838,1.0,0.95,0.0,0.6768083874165154,11,10,0.09999999999999998
5ab985eb554299131ca42360,poison::lexical_influential_token::5ab985eb554299131ca42360::0::efddc13ce4,True,False,1,lexical_influential_token,0.0649519052838329,0.0,1.0,0.0,0.22598076211353316,1,1,1.0
5ab985eb554299131ca42360,hotpotqa::greyia::a38f9aa0ec,False,True,1,lexical_influential_token,0.1541103500742244,0.25,0.5,0.0,0.2616441400296898,2,2,0.9
5ab985eb554299131ca42360,hotpotqa::calyptocephalellidae::c3bfc1b8ec,False,False,1,lexical_influential_token,0.43971143170299737,1.0,0.8064516129032258,0.0,0.7371748952618441,3,11,0.8
5ab985eb554299131ca42360,hotpotqa::ceratozamia::642f6b94c4,False,False,1,lexical_influential_token,0.8257572282456872,1.0,0.6923076923076923,0.0,0.8687644297598134,4,11,0.7
5ab985eb554299131ca42360,hotpotqa::pachyornis::3950ab7306,False,False,1,lexical_influential_token,0.6977642868476431,1.0,0.7741935483870968,0.0,0.8339444244164766,5,11,0.6
5ab985eb554299131ca42360,hotpotqa::leptofoenus::2d6ca08721,False,False,1,lexical_influential_token,0.7258615570478988,1.0,0.6,0.0,0.8103446228191595,6,11,0.5
5ab985eb554299131ca42360,hotpotqa::megalurus::59893e548a,False,False,1,lexical_influential_token,0.812403840463596,1.0,0.7972972972972973,0.0,0.8844209956448978,7,11,0.4
5ab985eb554299131ca42360,hotpotqa::goodeniaceae::f4aa1671ac,False,False,1,lexical_influential_token,0.5678908345800273,1.0,0.64,0.0,0.755156333832011,8,11,0.30000000000000004
5ab985eb554299131ca42360,hotpotqa::banksiamyces::525d985b84,False,False,1,lexical_influential_token,0.3462264215045631,1.0,0.7857142857142857,0.0,0.6956334257446823,9,11,0.19999999999999996
5ab985eb554299131ca42360,hotpotqa::lophodermium::1cd35b8f41,False,False,1,lexical_influential_token,0.5261891294962296,1.0,0.8105263157894737,0.0,0.7725809149563866,10,11,0.09999999999999998
5ab985eb554299131ca42360,hotpotqa::calibanus::5fda1c2cfd,False,True,1,lexical_influential_token,0.3895109112720721,0.75,0.7777777777777778,0.0,0.6113599200643843,11,3,0.8
5ab985eb554299131ca42360,hotpotqa::pieris_(plant)::ee66a740bf,False,False,1,lexical_influential_token,0.0,1.0,0.8461538461538461,0.0,0.5692307692307692,11,4,0.7
5ab985eb554299131ca42360,hotpotqa::kermode_bear::3e32eb4803,False,False,1,lexical_influential_token,0.04330127018922193,1.0,0.8392857142857143,0.0,0.5851776509328317,11,5,0.6
5ab985eb554299131ca42360,hotpotqa::sonerila::bfbad8cd9a,False,False,1,lexical_influential_token,0.04330127018922193,1.0,0.6153846153846154,0.0,0.5403974311526119,11,6,0.5
5ab985eb554299131ca42360,hotpotqa::newfoundland_black_bear::d967f3c91f,False,False,1,lexical_influential_token,0.07071067811865475,1.0,0.5357142857142857,0.0,0.535427128390319,11,7,0.4
5ab985eb554299131ca42360,hotpotqa::pieris_floribunda::f51b5130d3,False,False,1,lexical_influential_token,0.16273941226731325,1.0,0.6842105263157895,0.0,0.6019378701700833,11,8,0.30000000000000004
5ab985eb554299131ca42360,hotpotqa::right_whale::cf345516d5,False,False,1,lexical_influential_token,0.16583123951776998,1.0,0.726027397260274,0.0,0.6115379752591628,11,9,0.19999999999999996
5ab985eb554299131ca42360,hotpotqa::scaevola_hookeri::d82191f371,False,False,1,lexical_influential_token,0.09560163238335617,1.0,0.7692307692307692,0.0,0.5920868067994963,11,10,0.09999999999999998
5ae129115542990adbacf722,poison::lexical_influential_token::5ae129115542990adbacf722::0::ef08b6ad60,True,False,1,lexical_influential_token,0.0,0.0,1.0,0.0,0.2,1,2,1.0
5ae129115542990adbacf722,hotpotqa::brown_eyes_(band)::a2b277ea78,False,False,1,lexical_influential_token,0.607240039733207,1.0,0.6428571428571428,0.0,0.7714674444647114,2,7,0.9
5ae129115542990adbacf722,hotpotqa::a_pair_of_brown_eyes::f9e19bb331,False,True,1,lexical_influential_token,0.021650635094610966,0.0,0.48484848484848486,0.0,0.10562995100754136,3,1,1.0
5ae129115542990adbacf722,hotpotqa::caramel_(city_high_song)::d528d03b75,False,False,1,lexical_influential_token,0.05,1.0,0.6764705882352942,0.0,0.5552941176470588,4,11,0.7
5ae129115542990adbacf722,hotpotqa::johnny_brown_(actor)::6a172cb050,False,False,1,lexical_influential_token,0.6928203230275509,1.0,0.9024390243902439,0.0,0.8576159340890692,5,11,0.6
5ae129115542990adbacf722,hotpotqa::the_wild_pony::ae27c94298,False,False,1,lexical_influential_token,0.6139014578904337,1.0,0.9318181818181819,0.0,0.8319242195198099,6,11,0.5
5ae129115542990adbacf722,hotpotqa::huillolluni::e143905aa5,False,False,1,lexical_influential_token,0.5830951894845301,1.0,0.9411764705882353,0.0,0.8214733699114591,7,11,0.4
5ae129115542990adbacf722,hotpotqa::aquichua::9b816c2648,False,False,1,lexical_influential_token,0.5431390245600107,1.0,0.9333333333333333,0.0,0.8039222764906709,8,11,0.30000000000000004
5ae129115542990adbacf722,hotpotqa::bakhmull::fe452233ab,False,False,1,lexical_influential_token,0.3112474899497183,1.0,0.9397590361445783,0.0,0.7124508032088029,9,11,0.19999999999999996
5ae129115542990adbacf722,hotpotqa::alcamarinayoc::2cacb5d5e6,False,False,1,lexical_influential_token,0.4763139720814412,1.0,1.0,0.0,0.7905255888325765,10,11,0.09999999999999998
5ae129115542990adbacf722,hotpotqa::beautiful_brown_eyes::0309a4a305,False,False,1,lexical_influential_token,0.08291561975888499,1.0,0.8461538461538461,0.0,0.6023970171343233,11,3,0.8
5ae129115542990adbacf722,hotpotqa::a_spanner_in_the_works::584be53a03,False,False,1,lexical_influential_token,0.11827095881821237,1.0,0.7843137254901961,0.0,0.6041711286253242,11,4,0.7
5ae129115542990adbacf722,hotpotqa::wild_mountain_thyme::f487def6e1,False,True,1,lexical_influential_token,0.2898903963088399,1.0,0.6909090909090909,0.0,0.6541379767053541,11,5,0.6
5ae129115542990adbacf722,hotpotqa::brown_eyes_(song)::ccc4bfec91,False,False,1,lexical_influential_token,0.04330127018922193,1.0,0.8055555555555556,0.0,0.5784316191868,11,6,0.5
5ae129115542990adbacf722,hotpotqa::beautiful_eyes::0abda91f93,False,False,1,lexical_influential_token,0.21650635094610968,1.0,0.7021276595744681,0.0,0.6270280722933375,11,8,0.30000000000000004
5ae129115542990adbacf722,hotpotqa::in_his_eyes::07f6064bbc,False,False,1,lexical_influential_token,0.1299038105676658,1.0,0.7878787878787878,0.0,0.609537281802824,11,9,0.19999999999999996
5ae129115542990adbacf722,hotpotqa::picture_to_burn::6c89b9468d,False,False,1,lexical_influential_token,0.18708286933869706,1.0,0.8142857142857143,0.0,0.6376902905926217,11,10,0.09999999999999998
5ac19f405542991316484b5b,poison::lexical_influential_token::5ac19f405542991316484b5b::0::46a360b3ed,True,False,1,lexical_influential_token,0.0,0.0,1.0,0.0,0.2,1,1,1.0
5ac19f405542991316484b5b,hotpotqa::berger_blanc_suisse::c0e14e997c,False,True,1,lexical_influential_token,0.0,0.0,0.8571428571428572,0.0,0.17142857142857143,2,2,0.9
5ac19f405542991316484b5b,hotpotqa::piranha:_wolf_in_the_water::6545f34bd7,False,False,1,lexical_influential_token,0.7794228634059948,1.0,1.0,0.0,0.911769145362398,3,11,0.8
5ac19f405542991316484b5b,hotpotqa::tentacle::9e66be657a,False,False,1,lexical_influential_token,0.4059064477084793,1.0,0.92,0.0,0.7463625790833917,4,11,0.7
5ac19f405542991316484b5b,hotpotqa::pandikona::f83d670016,False,True,1,lexical_influential_token,0.05448623679425842,0.25,0.9,0.0,0.30179449471770337,5,3,0.8
5ac19f405542991316484b5b,hotpotqa::on_the_soul::b20010dda8,False,False,1,lexical_influential_token,0.7154544010627093,1.0,0.9230769230769231,0.0,0.8707971450404683,6,11,0.5
5ac19f405542991316484b5b,hotpotqa::peter_l._berger::3f2dde9cd1,False,False,1,lexical_influential_token,0.17853571071357127,1.0,0.9518072289156626,0.0,0.661775730068561,7,11,0.4
5ac19f405542991316484b5b,hotpotqa::prosthetic_neuronal_memory_silicon_chips::774bcd3394,False,False,1,lexical_influential_token,0.1479019945774904,1.0,0.9230769230769231,0.0,0.6437761824463808,8,11,0.30000000000000004
5ac19f405542991316484b5b,hotpotqa::ticks_of_domestic_animals::5dcfaf9b1c,False,False,1,lexical_influential_token,0.21650635094610968,1.0,0.9090909090909091,0.0,0.6684207221966256,9,11,0.19999999999999996
5ac19f405542991316484b5b,hotpotqa::letters_of_last_resort::87fd310d7a,False,False,1,lexical_influential_token,0.4763139720814412,1.0,0.9591836734693877,0.0,0.782362323526454,10,11,0.09999999999999998
5ac19f405542991316484b5b,hotpotqa::coeloplana_fishelsoni::3392be2ca4,False,False,1,lexical_influential_token,0.08291561975888499,1.0,0.9473684210526316,0.0,0.6226399321140803,11,4,0.7
5ac19f405542991316484b5b,hotpotqa::north_atlantic_right_whale::d4c5946ae3,False,False,1,lexical_influential_token,0.05,1.0,0.9148936170212766,0.0,0.6029787234042553,11,5,0.6
5ac19f405542991316484b5b,hotpotqa::dogo_argentino::a9f5e395dd,False,False,1,lexical_influential_token,0.04330127018922193,1.0,0.9111111111111111,0.0,0.5995427302979109,11,6,0.5
5ac19f405542991316484b5b,hotpotqa::sesbania_tomentosa::ae57b4502a,False,False,1,lexical_influential_token,0.45276925690687087,1.0,0.9558823529411765,0.0,0.7722841733509836,11,7,0.4
5ac19f405542991316484b5b,hotpotqa::ursus_americanus_carlottae::51effd29f0,False,False,1,lexical_influential_token,0.1299038105676658,1.0,0.8823529411764706,0.0,0.6284321124623604,11,8,0.30000000000000004
5ac19f405542991316484b5b,hotpotqa::belgian_shepherd::f2a004dea9,False,False,1,lexical_influential_token,0.16767469982754943,1.0,0.75,0.0,0.6170698799310197,11,9,0.19999999999999996
5ac19f405542991316484b5b,hotpotqa::pieris_(butterfly)::a145b1bbf4,False,False,1,lexical_influential_token,0.04330127018922193,1.0,0.9186046511627907,0.0,0.6010414383082469,11,10,0.09999999999999998
5adcbb815542994ed6169bde,poison::lexical_influential_token::5adcbb815542994ed6169bde::0::2b733bdb33,True,False,1,lexical_influential_token,0.0,0.0,1.0,0.0,0.2,1,1,1.0
5adcbb815542994ed6169bde,hotpotqa::beer_wars::99727350c8,False,True,1,lexical_influential_token,0.0,0.0,0.9428571428571428,0.0,0.18857142857142856,2,2,0.9
5adcbb815542994ed6169bde,hotpotqa::microbrewery::2a6c638203,False,False,1,lexical_influential_token,0.12807764064044153,0.25,0.7647058823529411,0.0,0.30417223272676486,3,4,0.8
5adcbb815542994ed6169bde,hotpotqa::stone_brewing_co.::b5607ad58a,False,True,1,lexical_influential_token,0.114564392373896,0.5,0.6,0.0,0.3658257569495584,4,3,0.8
5adcbb815542994ed6169bde,hotpotqa::list_of_microbreweries::ada2fed5ea,False,False,1,lexical_influential_token,0.07755233453210572,1.0,0.8823529411764706,0.0,0.6074915220481364,5,6,0.6
5adcbb815542994ed6169bde,hotpotqa::beer_in_south_korea::6609b0e476,False,False,1,lexical_influential_token,0.1239675447430166,1.0,0.8378378378378378,0.0,0.6171545854647742,6,9,0.5
5adcbb815542994ed6169bde,hotpotqa::brouwerij_'t_ij::758d7f6b81,False,False,1,lexical_influential_token,0.10269505344902194,1.0,0.9210526315789473,0.0,0.6252885476953982,7,11,0.4
5adcbb815542994ed6169bde,hotpotqa::beer_by_region::da5587b734,False,False,1,lexical_influential_token,0.1109184904513966,1.0,0.8518518518518519,0.0,0.614737766550929,8,7,0.4
5adcbb815542994ed6169bde,hotpotqa::american_nerd::4a53da93a1,False,False,1,lexical_influential_token,0.49749371855331,1.0,0.9333333333333333,0.0,0.7856641540879907,9,11,0.19999999999999996
5adcbb815542994ed6169bde,hotpotqa::tom_clancy's_ghost_recon_2:_summit_strike::724193fe5a,False,False,1,lexical_influential_token,0.4763139720814412,1.0,0.88,0.0,0.7665255888325765,10,11,0.09999999999999998
5adcbb815542994ed6169bde,hotpotqa::list_of_breweries_in_california::67a71a4e8b,False,False,1,lexical_influential_token,0.22303724397193572,1.0,0.8275862068965517,0.0,0.6547321389680846,11,5,0.6
5adcbb815542994ed6169bde,hotpotqa::hess_corporation::8f839f25f8,False,False,1,lexical_influential_token,0.5315072906367325,1.0,0.9347826086956522,0.0,0.7995594379938235,11,8,0.30000000000000004
5adcbb815542994ed6169bde,hotpotqa::namibia_breweries_limited::f90d8c3c49,False,False,1,lexical_influential_token,0.26315698604072063,1.0,0.8333333333333334,0.0,0.6719294610829549,11,10,0.09999999999999998
5ae12a4b55429920d52342df,poison::lexical_influential_token::5ae12a4b55429920d52342df::0::b08f4c3908,True,False,1,lexical_influential_token,0.0649519052838329,0.0,1.0,0.0,0.22598076211353316,1,1,1.0
5ae12a4b55429920d52342df,hotpotqa::baraki_barak_district::c81e73110c,False,True,1,lexical_influential_token,0.021650635094610966,0.0,0.5714285714285714,0.0,0.12294596832355867,2,2,0.9
5ae12a4b55429920d52342df,hotpotqa::baraki_rajan::1be12618bb,False,False,1,lexical_influential_token,0.021650635094610966,0.0,0.5416666666666667,0.0,0.11699358737117774,3,4,0.8
5ae12a4b55429920d52342df,hotpotqa::baraki_barak::1b83302d96,False,False,1,lexical_influential_token,0.04330127018922193,0.0,0.5,0.0,0.11732050807568876,4,3,0.8
5ae12a4b55429920d52342df,hotpotqa::camptown_(country_subdivision)::883ff907ec,False,False,1,lexical_influential_token,0.20998310733685926,1.0,0.8529411764705882,0.0,0.6545814782288614,5,11,0.6
5ae12a4b55429920d52342df,hotpotqa::baraki_barak_airstrike::c80958a239,False,False,1,lexical_influential_token,0.16583123951776998,0.5,0.8571428571428572,0.0,0.4377610672356794,6,5,0.6
5ae12a4b55429920d52342df,hotpotqa::dambai::8c5938dcc1,False,False,1,lexical_influential_token,0.24251565188698476,1.0,0.5714285714285714,0.0,0.6112919750405081,7,11,0.4
5ae12a4b55429920d52342df,hotpotqa::lunda_norte_province::94e108ff27,False,False,1,lexical_influential_token,0.4949747468305833,1.0,0.91,0.0,0.7799898987322333,8,11,0.30000000000000004
5ae12a4b55429920d52342df,hotpotqa::kwadjokrom::7ef1a6fc01,False,False,1,lexical_influential_token,0.2958039891549808,1.0,0.75,0.0,0.6683215956619923,9,11,0.19999999999999996
5ae12a4b55429920d52342df,hotpotqa::forward_operating_base_shank::87776bae0a,False,False,1,lexical_influential_token,0.32339830460440017,1.0,0.6666666666666667,0.0,0.6626926551750933,10,11,0.09999999999999998
5ae12a4b55429920d52342df,hotpotqa::mahsud::7489c757a2,False,False,1,lexical_influential_token,0.2814582562299426,1.0,0.8048780487804879,0.0,0.6735589122480746,11,6,0.5
5ae12a4b55429920d52342df,hotpotqa::logar_province::b85c911ee9,False,True,1,lexical_influential_token,0.45552167895721496,1.0,0.5,0.0,0.682208671582886,11,7,0.4
5ae12a4b55429920d52342df,hotpotqa::seoul::c97e0961e8,False,False,1,lexical_influential_token,0.15811388300841897,1.0,0.8333333333333334,0.0,0.6299122198700343,11,8,0.30000000000000004
5ae12a4b55429920d52342df,hotpotqa::agra_fort::ece35636e3,False,False,1,lexical_influential_token,0.21690687699227731,1.0,0.8928571428571429,0.0,0.6653341793683395,11,9,0.19999999999999996
5ae12a4b55429920d52342df,hotpotqa::cajamarca_region::3fcded51d8,False,False,1,lexical_influential_token,0.21205011422895836,1.0,0.8928571428571429,0.0,0.6633914742630119,11,10,0.09999999999999998
5ac0dcf25542996f0d89cc2c,poison::lexical_influential_token::5ac0dcf25542996f0d89cc2c::0::68718d018e,True,False,1,lexical_influential_token,0.10640971516327541,0.0,1.0,0.0,0.24256388606531018,1,1,1.0
5ac0dcf25542996f0d89cc2c,hotpotqa::koch_family::c2e2ea36e7,False,True,1,lexical_influential_token,0.07948623679425842,0.0,0.7878787878787878,0.0,0.18937025229346094,2,2,0.9
5ac0dcf25542996f0d89cc2c,hotpotqa::fred_c._koch::ac2c1a4046,False,False,1,lexical_influential_token,0.07865660924854931,0.25,0.5925925925925926,0.0,0.24998116221793826,3,4,0.8
5ac0dcf25542996f0d89cc2c,hotpotqa::david_koch::665ba42027,False,False,1,lexical_influential_token,0.10070757659882046,0.0,0.75,0.0,0.19028303063952817,4,3,0.8
5ac0dcf25542996f0d89cc2c,hotpotqa::koch_family_foundations::2bfc7f943b,False,False,1,lexical_influential_token,0.04330127018922193,0.0,0.7446808510638299,0.0,0.16625667828845475,5,5,0.6
5ac0dcf25542996f0d89cc2c,hotpotqa::banfield_pet_hospital::4e7f4434a9,False,False,1,lexical_influential_token,0.3344772040064913,1.0,0.9696969696969697,0.0,0.7277302755419905,6,11,0.5
5ac0dcf25542996f0d89cc2c,hotpotqa::binford_&amp;_mort::155aecdaea,False,False,1,lexical_influential_token,0.2654348654015805,1.0,0.9615384615384616,0.0,0.6984816384683246,7,11,0.4
5ac0dcf25542996f0d89cc2c,hotpotqa::new_zealand_mint::db3fe0931b,False,False,1,lexical_influential_token,0.6259992012774458,1.0,0.875,0.0,0.8253996805109782,8,11,0.30000000000000004
5ac0dcf25542996f0d89cc2c,hotpotqa::the_phone_co-op::e57206fc10,False,False,1,lexical_influential_token,0.47696960070847283,1.0,0.9459459459459459,0.0,0.7799770294725783,9,11,0.19999999999999996
5ac0dcf25542996f0d89cc2c,hotpotqa::dark_money_(book)::68ed7301e2,False,True,1,lexical_influential_token,0.3335059393453194,1.0,0.8387096774193549,0.0,0.7011443112219988,10,6,0.5
5ac0dcf25542996f0d89cc2c,hotpotqa::family_life_(wenner_media_magazine)::d7cd6173ac,False,False,1,lexical_influential_token,0.08660254037844387,1.0,0.9117647058823529,0.0,0.6169939573278481,11,7,0.4
5ac0dcf25542996f0d89cc2c,hotpotqa::tom_clancy::0cef0f9a1f,False,False,1,lexical_influential_token,0.04330127018922193,1.0,0.8703703703703703,0.0,0.5913945821497628,11,8,0.30000000000000004
5ac0dcf25542996f0d89cc2c,hotpotqa::katharine_graham::936a331ccb,False,False,1,lexical_influential_token,0.04330127018922193,1.0,0.8823529411764706,0.0,0.5937910963109829,11,9,0.19999999999999996
5ac0dcf25542996f0d89cc2c,hotpotqa::stephen_halbrook::186aed2fe8,False,False,1,lexical_influential_token,0.08660254037844387,1.0,0.9302325581395349,0.0,0.6206875277792845,11,10,0.09999999999999998
5ab916e155429919ba4e23a4,poison::lexical_influential_token::5ab916e155429919ba4e23a4::0::e02afa6906,True,False,1,lexical_influential_token,0.10825317547305484,0.25,1.0,0.0,0.3433012701892219,1,1,1.0
5ab916e155429919ba4e23a4,hotpotqa::levan_kobiashvili::99c1de46b0,False,False,1,lexical_influential_token,0.8814051281902098,1.0,0.8888888888888888,0.0,0.9303398290538617,2,11,0.9
5ab916e155429919ba4e23a4,hotpotqa::chiwetel_ejiofor::9fea32c26e,False,True,1,lexical_influential_token,0.16742443246574348,0.25,0.8333333333333334,0.0,0.3336364396529641,3,3,0.8
5ab916e155429919ba4e23a4,hotpotqa::sinan_tuzcu::e9603f897e,False,False,1,lexical_influential_token,0.7361215932167728,1.0,1.0,0.0,0.8944486372867091,4,11,0.7
5ab916e155429919ba4e23a4,hotpotqa::josé_marcos_garay::0e053f861c,False,False,1,lexical_influential_token,0.6928203230275509,1.0,0.9090909090909091,0.0,0.8589463110292022,5,11,0.6
5ab916e155429919ba4e23a4,hotpotqa::schapelle_corby::344e8436a9,False,False,1,lexical_influential_token,0.8031189202104505,1.0,0.9705882352941176,0.0,0.9153652151430037,6,11,0.5
5ab916e155429919ba4e23a4,hotpotqa::12_years_a_slave_(score)::507b2ab960,False,True,1,lexical_influential_token,0.4300812407977566,1.0,0.7058823529411764,0.0,0.7132089669073379,7,2,0.9
5ab916e155429919ba4e23a4,hotpotqa::solomon_northup::224b93f69d,False,False,1,lexical_influential_token,0.659545297913646,1.0,1.0,0.0,0.8638181191654585,8,11,0.30000000000000004
5ab916e155429919ba4e23a4,poison::lexical_influential_token::5a72f1cf5542994cef4bc414::0::f2b24e233f,False,False,1,lexical_influential_token,0.5196152422706632,1.0,0.631578947368421,0.0,0.7341618863819495,9,11,0.19999999999999996
5ab916e155429919ba4e23a4,hotpotqa::lau_kwok_kin::2dd29a9124,False,False,1,lexical_influential_token,0.4763139720814412,1.0,0.9090909090909091,0.0,0.7723437706507583,10,11,0.09999999999999998
5ab916e155429919ba4e23a4,hotpotqa::hunger_(2008_film)::4ee9c8d5c7,False,False,1,lexical_influential_token,0.18708286933869706,1.0,0.6,0.0,0.5948331477354788,11,4,0.7
5ab916e155429919ba4e23a4,hotpotqa::liam_cunningham::da6c8a5b98,False,False,1,lexical_influential_token,0.08291561975888499,1.0,0.7567567567567568,0.0,0.5845175992549054,11,5,0.6
5ab916e155429919ba4e23a4,hotpotqa::equus_(film)::5448a8650a,False,False,1,lexical_influential_token,0.08291561975888499,1.0,0.8888888888888888,0.0,0.6109440256813318,11,6,0.5
5ab916e155429919ba4e23a4,hotpotqa::sid_james::254e5fa70e,False,False,1,lexical_influential_token,0.1389029025725781,1.0,0.9230769230769231,0.0,0.6401765456444158,11,7,0.4
5ab916e155429919ba4e23a4,hotpotqa::free_fire::b0b28b0e08,False,False,1,lexical_influential_token,0.2680951323690902,1.0,0.9375,0.0,0.694738052947636,11,8,0.30000000000000004
5ab916e155429919ba4e23a4,hotpotqa::antony_and_cleopatra_(1974_tv_drama)::3409eccb9d,False,False,1,lexical_influential_token,0.18027756377319945,1.0,0.8863636363636364,0.0,0.649383752782007,11,9,0.19999999999999996
5ab916e155429919ba4e23a4,hotpotqa::harrison_ford::0630b91dcf,False,False,1,lexical_influential_token,0.29474565306378986,1.0,0.88,0.0,0.693898261225516,11,10,0.09999999999999998
5a87c13f5542996e4f30890c,poison::lexical_influential_token::5a87c13f5542996e4f30890c::0::b10904a349,True,False,1,lexical_influential_token,0.021650635094610966,0.0,1.0,0.0,0.20866025403784438,1,1,1.0
5a87c13f5542996e4f30890c,hotpotqa::tosca_(1956_film)::2ecd4302eb,False,True,1,lexical_influential_token,0.6387796342808615,0.75,0.5882352941176471,0.0,0.673158912535874,2,11,0.9
5a87c13f5542996e4f30890c,hotpotqa::franco_corelli::cf2a6bd56d,False,True,1,lexical_influential_token,0.38651362307777154,0.25,0.7627118644067796,0.0,0.4071478221124646,3,2,0.9
5a87c13f5542996e4f30890c,hotpotqa::la_fanciulla_del_west::fa121f30b9,False,False,1,lexical_influential_token,0.10897247358851685,1.0,0.7413793103448276,0.0,0.5918648515043723,4,11,0.7
5a87c13f5542996e4f30890c,hotpotqa::libuše_(opera)::d9f1220a84,False,False,1,lexical_influential_token,0.6928203230275509,1.0,0.8571428571428572,0.0,0.8485567006395918,5,11,0.6
5a87c13f5542996e4f30890c,hotpotqa::la_bohème_(1988_film)::d07261a550,False,False,1,lexical_influential_token,0.5602775724368741,1.0,0.5,0.0,0.7241110289747497,6,9,0.5
5a87c13f5542996e4f30890c,hotpotqa::gianni_schicchi::331876e111,False,False,1,lexical_influential_token,0.29469901209989013,1.0,0.6730769230769231,0.0,0.6524949894553407,7,11,0.4
5a87c13f5542996e4f30890c,hotpotqa::list_of_icelandic_films::69ec180c03,False,False,1,lexical_influential_token,0.562916512459885,1.0,0.8695652173913043,0.0,0.7990796484622149,8,11,0.30000000000000004
5a87c13f5542996e4f30890c,hotpotqa::cesira_ferrani::57f88fe909,False,False,1,lexical_influential_token,0.3529948708289057,1.0,0.5714285714285714,0.0,0.6554836626172765,9,11,0.19999999999999996
5a87c13f5542996e4f30890c,hotpotqa::ron_bottcher::719d0d40aa,False,False,1,lexical_influential_token,0.29939422961030004,1.0,0.7804878048780488,0.0,0.6758552528197297,10,4,0.7
5a87c13f5542996e4f30890c,hotpotqa::cavalleria_rusticana_(1982_film)::d6b81761f2,False,False,1,lexical_influential_token,0.3269174207655505,1.0,0.6739130434782609,0.0,0.6655495770018723,11,3,0.8
5a87c13f5542996e4f30890c,hotpotqa::repertoire_of_plácido_domingo::ebbf1ff481,False,False,1,lexical_influential_token,0.15811388300841897,1.0,0.797752808988764,0.0,0.6227961150011204,11,5,0.6
5a87c13f5542996e4f30890c,hotpotqa::plácido_domingo::5826a9b164,False,False,1,lexical_influential_token,0.15811388300841897,1.0,0.5692307692307692,0.0,0.5770917070495214,11,6,0.5
5a87c13f5542996e4f30890c,hotpotqa::giovanna_d'arco_al_rogo::c0a7b3927d,False,False,1,lexical_influential_token,0.21650635094610968,1.0,0.7894736842105263,0.0,0.6444972772205492,11,7,0.4
5a87c13f5542996e4f30890c,hotpotqa::festival_puccini::8a9b71c183,False,False,1,lexical_influential_token,0.3774254628187981,0.75,0.6363636363636364,0.0,0.5782429124002465,11,8,0.30000000000000004
5a87c13f5542996e4f30890c,hotpotqa::macbeth_(opera)::1148633511,False,False,1,lexical_influential_token,0.27726341266023546,1.0,0.5555555555555556,0.0,0.6220164761752053,11,10,0.09999999999999998
5ae1443855429920d5234362,poison::lexical_influential_token::5ae1443855429920d5234362::0::9b8234198b,True,False,1,lexical_influential_token,0.025,0.0,1.0,0.0,0.21000000000000002,1,1,1.0
5ae1443855429920d5234362,hotpotqa::alexander_nikolayev::fe006ce6ef,False,True,1,lexical_influential_token,0.025,0.0,0.5,0.0,0.11000000000000001,2,2,0.9
5ae1443855429920d5234362,hotpotqa::mikhail_linnik::ee699025d4,False,False,1,lexical_influential_token,0.04330127018922193,0.0,0.7142857142857143,0.0,0.16017765093283162,3,4,0.8
5ae1443855429920d5234362,hotpotqa::vladimir_fedorovich_vladimirov::b280270e1e,False,False,1,lexical_influential_token,0.021650635094610966,1.0,0.5294117647058824,0.0,0.5145426069790209,4,6,0.7
5ae1443855429920d5234362,hotpotqa::georgy_vasilyevich_ivanov::a5cf5b8400,False,False,1,lexical_influential_token,0.041457809879442496,0.0,0.6666666666666667,0.0,0.14991645728511033,5,5,0.6
5ae1443855429920d5234362,hotpotqa::battle_of_berlin::fc16ed73a6,False,True,1,lexical_influential_token,0.09601432184835759,1.0,0.4,0.0,0.518405728739343,6,3,0.8
5ae1443855429920d5234362,hotpotqa::list_of_azerbaijani_heroes_of_the_soviet_union::8bb84ccd87,False,False,1,lexical_influential_token,0.08291561975888499,1.0,0.9285714285714286,0.0,0.6188805336178398,7,11,0.4
5ae1443855429920d5234362,hotpotqa::anatoly_petrakovsky::888e364c52,False,False,1,lexical_influential_token,0.06123724356957945,1.0,0.8181818181818181,0.0,0.5881312610641954,8,9,0.30000000000000004
5ae1443855429920d5234362,hotpotqa::bahatdin_mirzayev::6f5d24ac29,False,False,1,lexical_influential_token,0.07755233453210572,1.0,0.821917808219178,0.0,0.595404495456678,9,11,0.19999999999999996
5ae1443855429920d5234362,hotpotqa::boris_vladimirov::ce65a58fd2,False,False,1,lexical_influential_token,0.075,1.0,0.7377049180327868,0.0,0.5775409836065574,10,7,0.4
5ae1443855429920d5234362,hotpotqa::nicholas_ii_of_russia::fd9a795e9d,False,False,1,lexical_influential_token,0.0,1.0,0.9076923076923077,0.0,0.5815384615384616,11,8,0.30000000000000004
5ae1443855429920d5234362,hotpotqa::hermann_göring::2525abd87f,False,False,1,lexical_influential_token,0.08660254037844387,1.0,0.9230769230769231,0.0,0.6192564007667622,11,10,0.09999999999999998
5a877dd65542993e715abf79,poison::lexical_influential_token::5a877dd65542993e715abf79::0::f4a4bd25cf,True,False,1,lexical_influential_token,0.021650635094610966,0.0,1.0,0.0,0.20866025403784438,1,1,1.0
5a877dd65542993e715abf79,hotpotqa::memoir_of_halldór_laxness::f188b81bff,False,False,1,lexical_influential_token,0.021650635094610966,0.0,0.8,0.0,0.1686602540378444,2,5,0.9
5a877dd65542993e715abf79,hotpotqa::halldór_laxness::3021d96b14,False,True,1,lexical_influential_token,0.06035533905932738,0.0,0.8,0.0,0.18414213562373097,3,4,0.8
5a877dd65542993e715abf79,hotpotqa::auður_laxness::3509505e17,False,False,1,lexical_influential_token,0.04330127018922193,1.0,0.7407407407407407,0.0,0.5654686562238369,4,7,0.7
5a877dd65542993e715abf79,hotpotqa::timothy_leary::0f2b46d204,False,True,1,lexical_influential_token,0.05700597415393834,0.0,0.9538461538461538,0.0,0.2135716204308061,5,2,0.9
5a877dd65542993e715abf79,hotpotqa::list_of_harry_potter_cast_members::f1a2a13a25,False,False,1,lexical_influential_token,0.5760859310901456,1.0,0.9767441860465116,0.0,0.8257832096453604,6,11,0.5
5a877dd65542993e715abf79,hotpotqa::baraki_barak_airstrike::c80958a239,False,False,1,lexical_influential_token,0.7,1.0,0.9166666666666666,0.0,0.8633333333333333,7,11,0.4
5a877dd65542993e715abf79,hotpotqa::independent_people::9bb5bf006a,False,False,1,lexical_influential_token,0.2982856923083112,1.0,0.7948717948717949,0.0,0.6782886358976834,8,8,0.30000000000000004
5a877dd65542993e715abf79,hotpotqa::history_of_braathens_(1994–2004)::ecbc20caaf,False,False,1,lexical_influential_token,0.5196152422706632,1.0,0.9558823529411765,0.0,0.7990225674965006,9,11,0.19999999999999996
5a877dd65542993e715abf79,hotpotqa::the_amazing_spider-man_(2012_film)::f71335d132,False,False,1,lexical_influential_token,0.4763139720814412,1.0,0.9655172413793104,0.0,0.7836290371084386,10,11,0.09999999999999998
5a877dd65542993e715abf79,hotpotqa::halldór_laxness_(album)::0cbfcc1922,False,False,1,lexical_influential_token,0.19083123951776998,1.0,0.5,0.0,0.576332495807108,11,3,0.8
5a877dd65542993e715abf79,hotpotqa::guðný_halldórsdóttir::4ad28e2eaa,False,False,1,lexical_influential_token,0.10231690964840563,1.0,0.8064516129032258,0.0,0.6022170864400074,11,6,0.5
5a877dd65542993e715abf79,hotpotqa::the_fish_can_sing::8757584b70,False,False,1,lexical_influential_token,0.20615528128088303,1.0,0.46153846153846156,0.0,0.5747698048200455,11,9,0.19999999999999996
5a877dd65542993e715abf79,hotpotqa::christopher_guest::504db32b6f,False,False,1,lexical_influential_token,0.10897247358851685,1.0,0.9375,0.0,0.6310889894354068,11,10,0.09999999999999998
5addcb215542997dc7907033,poison::lexical_influential_token::5addcb215542997dc7907033::0::65d691a3d1,True,False,1,lexical_influential_token,0.021650635094610966,0.0,1.0,0.0,0.20866025403784438,1,1,1.0
5addcb215542997dc7907033,hotpotqa::victory_(puff_daddy_song)::15598d5a89,False,False,1,lexical_influential_token,0.33849040894766635,1.0,0.8,0.0,0.6953961635790666,2,11,0.9
5addcb215542997dc7907033,hotpotqa::naomi_campbell::69fae504cf,False,True,1,lexical_influential_token,0.3020761493398643,0.75,0.8,0.0,0.5808304597359457,3,3,0.8
5addcb215542997dc7907033,hotpotqa::nasty_girl_(the_notorious_b.i.g._song)::fb5b0cd493,False,True,1,lexical_influential_token,0.0649519052838329,0.0,0.8297872340425532,0.0,0.19193820892204377,4,2,0.9
5addcb215542997dc7907033,hotpotqa::total_(group)::236bb26704,False,False,1,lexical_influential_token,0.3491060010942235,0.5,0.7560975609756098,0.0,0.4908619126328114,5,4,0.7
5addcb215542997dc7907033,hotpotqa::love_stinks_(song)::1ce289ec7e,False,False,1,lexical_influential_token,0.649519052838329,1.0,0.675,0.0,0.7948076211353315,6,11,0.5
5addcb215542997dc7907033,hotpotqa::lionel_snell::07a7c31cb0,False,False,1,lexical_influential_token,0.1118033988749895,1.0,0.8444444444444444,0.0,0.6136102484388847,7,11,0.4
5addcb215542997dc7907033,hotpotqa::rihanna_videography::b8d76cb1fb,False,False,1,lexical_influential_token,0.562916512459885,1.0,0.6835443037974683,0.0,0.7618754657434477,8,11,0.30000000000000004
5addcb215542997dc7907033,hotpotqa::sos_(rihanna_song)::65532c1f0f,False,False,1,lexical_influential_token,0.5196152422706632,1.0,0.6538461538461539,0.0,0.738615327677496,9,11,0.19999999999999996
5addcb215542997dc7907033,hotpotqa::mo_money_mo_problems::6ac0907185,False,False,1,lexical_influential_token,0.6201477386244467,1.0,0.45833333333333337,0.0,0.7397257621164454,10,9,0.19999999999999996
5addcb215542997dc7907033,hotpotqa::vanity_(singer)::21a46aad31,False,False,1,lexical_influential_token,0.3110465576643666,1.0,0.84,0.0,0.6924186230657466,11,5,0.6
5addcb215542997dc7907033,hotpotqa::duets:_the_final_chapter::3f07c84bc8,False,False,1,lexical_influential_token,0.3658379407193845,0.75,0.6909090909090909,0.0,0.5845169944695721,11,6,0.5
5addcb215542997dc7907033,hotpotqa::clémence_poésy::48a2985070,False,False,1,lexical_influential_token,0.2345207879911715,1.0,0.8205128205128205,0.0,0.6579108792990327,11,7,0.4
5addcb215542997dc7907033,hotpotqa::rebecca_gayheart::00ed003bfe,False,False,1,lexical_influential_token,0.41231056256176607,1.0,0.75,0.0,0.7149242250247064,11,8,0.30000000000000004
5addcb215542997dc7907033,hotpotqa::sexy_beast::2be125f438,False,False,1,lexical_influential_token,0.18027756377319945,1.0,0.8846153846153846,0.0,0.6490341024323567,11,10,0.09999999999999998
5a72f74a55429901807daf59,poison::lexical_influential_token::5a72f74a55429901807daf59::0::52cf906a42,True,False,1,lexical_influential_token,0.0,0.0,1.0,0.0,0.2,1,1,1.0
5a72f74a55429901807daf59,hotpotqa::helen_atkinson-wood::19c9e6ebe3,False,False,1,lexical_influential_token,0.7778174593052023,1.0,0.7777777777777778,0.0,0.8666825392776365,2,11,0.9
5a72f74a55429901807daf59,hotpotqa::johnny_pemberton::7c96a93b38,False,False,1,lexical_influential_token,0.43971143170299737,1.0,0.7619047619047619,0.0,0.7282655250621513,3,11,0.8
5a72f74a55429901807daf59,hotpotqa::tim_bedore::afac9a7427,False,False,1,lexical_influential_token,0.40021832704248794,1.0,1.0,0.0,0.7600873308169952,4,11,0.7
5a72f74a55429901807daf59,hotpotqa::francesca_fowler::d20241d25e,False,False,1,lexical_influential_token,0.775806032459145,1.0,0.6666666666666667,0.0,0.8436557463169914,5,11,0.6
5a72f74a55429901807daf59,hotpotqa::ken_waller::6e6264ed45,False,False,1,lexical_influential_token,0.6103277807866851,1.0,0.8974358974358975,0.0,0.8236182918018535,6,11,0.5
5a72f74a55429901807daf59,hotpotqa::recher_theatre::b9109ab0c6,False,False,1,lexical_influential_token,0.6224949798994366,1.0,0.8863636363636364,0.0,0.8262707192325018,7,11,0.4
5a72f74a55429901807daf59,hotpotqa::nicholas_mele::1d4fa8f867,False,False,1,lexical_influential_token,0.3344772040064913,1.0,0.7777777777777778,0.0,0.6893464371581521,8,11,0.30000000000000004
5a72f74a55429901807daf59,hotpotqa::nick_offerman::4e8fb231f6,False,False,1,lexical_influential_token,0.31429385792959,1.0,0.7173913043478262,0.0,0.6691958040414012,9,11,0.19999999999999996
5a72f74a55429901807daf59,hotpotqa::yannis_pappas::e802e23af2,False,False,1,lexical_influential_token,0.40311288741492746,1.0,0.9038461538461539,0.0,0.7420143857352017,10,11,0.09999999999999998
5a72f74a55429901807daf59,hotpotqa::sleepless_in_seattle::8730619918,False,True,1,lexical_influential_token,0.0,1.0,0.7674418604651163,0.0,0.5534883720930233,11,2,0.9
5a72f74a55429901807daf59,hotpotqa::christopher_guest::504db32b6f,False,False,1,lexical_influential_token,0.0,1.0,0.7540983606557377,0.0,0.5508196721311476,11,3,0.8
5a72f74a55429901807daf59,hotpotqa::timothy_olyphant::b413e7ae6b,False,False,1,lexical_influential_token,0.0,1.0,0.8735632183908046,0.0,0.574712643678161,11,4,0.7
5a72f74a55429901807daf59,hotpotqa::nerdland::402c721609,False,False,1,lexical_influential_token,0.08660254037844387,1.0,0.8837209302325582,0.0,0.6113852021978892,11,5,0.6
5a72f74a55429901807daf59,hotpotqa::rob_sitch::924bc9481e,False,False,1,lexical_influential_token,0.08291561975888499,1.0,0.4444444444444444,0.0,0.5220551367924429,11,6,0.5
5a72f74a55429901807daf59,hotpotqa::marty_belafsky::cb1827619d,False,False,1,lexical_influential_token,0.08291561975888499,1.0,0.7272727272727273,0.0,0.5786207933580995,11,7,0.4
5a72f74a55429901807daf59,hotpotqa::zack_norman::c679e5d0ed,False,False,1,lexical_influential_token,0.22226512378093152,1.0,0.7468354430379747,0.0,0.6382731381199676,11,8,0.30000000000000004
5a72f74a55429901807daf59,hotpotqa::jimmy_tatro::719fa75441,False,False,1,lexical_influential_token,0.34641016151377546,1.0,0.8125,0.0,0.7010640646055102,11,9,0.19999999999999996
5a72f74a55429901807daf59,hotpotqa::cheech_marin::970408e77e,False,False,1,lexical_influential_token,0.05,1.0,0.9318181818181819,0.0,0.6063636363636363,11,10,0.09999999999999998
5ae1d4e8554299234fd04312,poison::lexical_influential_token::5ae1d4e8554299234fd04312::0::dcd4f87f65,True,False,1,lexical_influential_token,0.0,0.0,1.0,0.0,0.2,1,1,1.0
5ae1d4e8554299234fd04312,hotpotqa::any_questions_for_ben?::39e9511188,False,True,1,lexical_influential_token,0.0,0.0,0.84,0.0,0.16799999999999998,2,2,0.9
5ae1d4e8554299234fd04312,hotpotqa::inside_film_awards::89f3428404,False,False,1,lexical_influential_token,0.15718168992852566,1.0,0.9,0.0,0.6428726759714103,3,11,0.8
5ae1d4e8554299234fd04312,hotpotqa::angel_(1982_irish_film)::0d08383d72,False,False,1,lexical_influential_token,0.20615528128088303,1.0,0.7692307692307692,0.0,0.6363082663585071,4,11,0.7
5ae1d4e8554299234fd04312,hotpotqa::cuban_democracy_act::3684307a4c,False,False,1,lexical_influential_token,0.653356717268599,1.0,0.9827586206896551,0.0,0.8578944110453707,5,11,0.6
5ae1d4e8554299234fd04312,hotpotqa::mista_savona::8bececce1b,False,False,1,lexical_influential_token,0.5539629951540085,1.0,0.9380530973451328,0.0,0.80919581753063,6,11,0.5
5ae1d4e8554299234fd04312,hotpotqa::schwächen::9084f3df47,False,False,1,lexical_influential_token,0.6062177826491071,1.0,0.975609756097561,0.0,0.8376090642791549,7,11,0.4
5ae1d4e8554299234fd04312,hotpotqa::sinclair_hill::2c12b4074a,False,False,1,lexical_influential_token,0.5678908345800273,1.0,0.7894736842105263,0.0,0.7850510706741162,8,11,0.30000000000000004
5ae1d4e8554299234fd04312,hotpotqa::the_man_from_snowy_river_(poem)::1b373107a4,False,False,1,lexical_influential_token,0.5196152422706632,1.0,0.9545454545454546,0.0,0.7987551878173562,9,11,0.19999999999999996
5ae1d4e8554299234fd04312,hotpotqa::scare_campaign::59bd630574,False,False,1,lexical_influential_token,0.41032932481291917,1.0,0.736842105263158,0.0,0.7115001509777993,10,8,0.30000000000000004
5ae1d4e8554299234fd04312,hotpotqa::ben_queen::159f25f010,False,False,1,lexical_influential_token,0.04330127018922193,1.0,0.8421052631578947,0.0,0.5857415607072677,11,3,0.8
5ae1d4e8554299234fd04312,hotpotqa::rob_sitch::924bc9481e,False,True,1,lexical_influential_token,0.3705327785184325,0.75,0.6,0.0,0.568213111407373,11,4,0.7
5ae1d4e8554299234fd04312,hotpotqa::josh_schuberth::9bac85fe0c,False,False,1,lexical_influential_token,0.0,1.0,0.9375,0.0,0.5875,11,5,0.6
5ae1d4e8554299234fd04312,hotpotqa::clayton_watson::5cf0ea2a35,False,False,1,lexical_influential_token,0.08660254037844387,1.0,0.8333333333333334,0.0,0.6013076828180443,11,6,0.5
5ae1d4e8554299234fd04312,hotpotqa::robot_overlords::487212f470,False,False,1,lexical_influential_token,0.16583123951776998,1.0,0.84,0.0,0.634332495807108,11,7,0.4
5ae1d4e8554299234fd04312,hotpotqa::mel_gibson_filmography::02c30cf92c,False,False,1,lexical_influential_token,0.5025391353919552,1.0,0.8681318681318682,0.0,0.7746420277831557,11,9,0.19999999999999996
5ae1d4e8554299234fd04312,hotpotqa::james_franco::fe708513b4,False,False,1,lexical_influential_token,0.41457809879442503,1.0,0.875,0.0,0.74083123951777,11,10,0.09999999999999998
5abe3dc65542993f32c2a0c4,poison::lexical_influential_token::5abe3dc65542993f32c2a0c4::0::613dd859ca,True,False,1,lexical_influential_token,0.0,0.0,1.0,0.0,0.2,1,1,1.0
5abe3dc65542993f32c2a0c4,hotpotqa::swx_right_now::650cf4a5d2,False,True,1,lexical_influential_token,0.0,0.0,0.7837837837837838,0.0,0.15675675675675677,2,2,0.9
5abe3dc65542993f32c2a0c4,hotpotqa::kumv-tv::81067bd485,False,False,1,lexical_influential_token,0.16742443246574348,1.0,0.21126760563380287,0.0,0.509223294113058,3,11,0.8
5abe3dc65542993f32c2a0c4,hotpotqa::kqcd-tv::78213388e0,False,False,1,lexical_influential_token,0.20584494055556207,1.0,0.19402985074626866,0.0,0.5211439463714787,4,11,0.7
5abe3dc65542993f32c2a0c4,hotpotqa::kewf::9ca802a482,False,False,1,lexical_influential_token,0.12618914885341237,0.5,0.6551724137931034,0.0,0.38151014229998564,5,4,0.7
5abe3dc65542993f32c2a0c4,hotpotqa::krsq::98e18aa68c,False,False,1,lexical_influential_token,0.05448623679425842,1.0,0.35,0.0,0.4917944947177034,6,8,0.5
5abe3dc65542993f32c2a0c4,hotpotqa::kctr-fm::12b257c02e,False,False,1,lexical_influential_token,0.09778750698348035,1.0,0.19999999999999996,0.0,0.4791150027933921,7,7,0.4
5abe3dc65542993f32c2a0c4,hotpotqa::kxmd-tv::1a547af123,False,False,1,lexical_influential_token,0.17101792246181502,1.0,0.19444444444444442,0.0,0.5072960578736149,8,9,0.30000000000000004
5abe3dc65542993f32c2a0c4,hotpotqa::kbxi::531cc5d365,False,False,1,lexical_influential_token,0.14602406473293847,0.75,0.5,0.0,0.4584096258931754,9,6,0.5
5abe3dc65542993f32c2a0c4,hotpotqa::kulr-tv::5c9de45867,False,True,1,lexical_influential_token,0.17165063509461095,0.75,0.47619047619047616,0.0,0.46389834927593965,10,5,0.6
5abe3dc65542993f32c2a0c4,hotpotqa::kkbr::df1cb20665,False,False,1,lexical_influential_token,0.0649519052838329,1.0,0.6,0.0,0.5459807621135331,11,3,0.8
5abe3dc65542993f32c2a0c4,hotpotqa::sirius_xm_holdings::d6d5523c93,False,False,1,lexical_influential_token,0.0,1.0,0.7096774193548387,0.0,0.5419354838709678,11,10,0.09999999999999998
5a8ed10b5542995085b374a0,poison::lexical_influential_token::5a8ed10b5542995085b374a0::0::105b46af38,True,False,1,lexical_influential_token,0.0,0.0,1.0,0.0,0.2,1,1,1.0
5a8ed10b5542995085b374a0,hotpotqa::scare_campaign::59bd630574,False,False,1,lexical_influential_token,0.0739509972887452,1.0,0.8125,0.0,0.592080398915498,2,6,0.9
5a8ed10b5542995085b374a0,hotpotqa::the_visit_(2015_american_film)::3bf2a65d06,False,True,1,lexical_influential_token,0.04330127018922193,0.0,0.7142857142857143,0.0,0.16017765093283162,3,2,0.9
5a8ed10b5542995085b374a0,hotpotqa::olivia_dejonge::a3c929cfac,False,True,1,lexical_influential_token,0.13888041973930373,0.5,0.8666666666666667,0.0,0.4288855012290548,4,5,0.7
5a8ed10b5542995085b374a0,hotpotqa::the_village_(2004_film)::ab9066777e,False,False,1,lexical_influential_token,0.021650635094610966,0.0,0.9024390243902439,0.0,0.18914805891589317,5,3,0.8
5a8ed10b5542995085b374a0,hotpotqa::hawa_(film)::a9a630e71b,False,False,1,lexical_influential_token,0.5494315243958978,1.0,0.9166666666666666,0.0,0.8031059430916925,6,11,0.5
5a8ed10b5542995085b374a0,hotpotqa::signs_(film)::53b8a210fb,False,False,1,lexical_influential_token,0.11572348036383787,1.0,0.8888888888888888,0.0,0.6240671699233129,7,8,0.4
5a8ed10b5542995085b374a0,hotpotqa::the_true_adventures_of_wolfboy::96afb093f9,False,False,1,lexical_influential_token,0.2446475603192635,1.0,0.9444444444444444,0.0,0.6867479130165943,8,11,0.30000000000000004
5a8ed10b5542995085b374a0,hotpotqa::meet_me_there::d107792b0a,False,False,1,lexical_influential_token,0.41782595701739705,1.0,0.925,0.0,0.7521303828069589,9,11,0.19999999999999996
5a8ed10b5542995085b374a0,hotpotqa::the_keeping_hours::ac5e093369,False,False,1,lexical_influential_token,0.30639583493733674,1.0,0.9285714285714286,0.0,0.7082726196892204,10,7,0.4
5a8ed10b5542995085b374a0,hotpotqa::when_a_stranger_calls_(2006_film)::3ba94badf3,False,False,1,lexical_influential_token,0.09354143466934853,1.0,0.9545454545454546,0.0,0.6283256647768304,11,4,0.7
5a8ed10b5542995085b374a0,hotpotqa::scream_2::af5e2d6675,False,False,1,lexical_influential_token,0.08291561975888499,1.0,0.962962962962963,0.0,0.6257588404961466,11,9,0.19999999999999996
5a8ed10b5542995085b374a0,hotpotqa::on_the_basis_of_sex::4c29b3fae6,False,False,1,lexical_influential_token,0.2680951323690902,1.0,0.9230769230769231,0.0,0.6918534375630208,11,10,0.09999999999999998
5a7a112a5542990783324e2b,poison::lexical_influential_token::5a7a112a5542990783324e2b::0::a3bae6f77a,True,False,1,lexical_influential_token,0.0,0.0,1.0,0.0,0.2,1,1,1.0
5a7a112a5542990783324e2b,hotpotqa::the_forsaken_(album)::71b42f2f0f,False,False,1,lexical_influential_token,0.07071067811865475,1.0,0.7619047619047619,0.0,0.5806652236284143,2,11,0.9
5a7a112a5542990783324e2b,hotpotqa::mark_gaudet::4d656823cc,False,True,1,lexical_influential_token,0.10361861664838598,0.75,0.6956521739130435,0.0,0.48057788144196306,3,3,0.8
5a7a112a5542990783324e2b,hotpotqa::steinar_sverd_johnsen::5a258b9001,False,False,1,lexical_influential_token,0.035355339059327376,1.0,0.4,0.0,0.494142135623731,4,7,0.7
5a7a112a5542990783324e2b,hotpotqa::mezzerschmitt::10334677da,False,False,1,lexical_influential_token,0.035355339059327376,0.25,0.7714285714285715,0.0,0.26842784990944524,5,6,0.6
5a7a112a5542990783324e2b,hotpotqa::elevator_(band)::f8966558ba,False,False,1,lexical_influential_token,0.25,1.0,0.7446808510638299,0.0,0.648936170212766,6,11,0.5
5a7a112a5542990783324e2b,hotpotqa::jan_axel_blomberg::6815c27755,False,True,1,lexical_influential_token,0.10825317547305482,0.25,0.39534883720930236,0.0,0.2223710376310824,7,2,0.9
5a7a112a5542990783324e2b,hotpotqa::on_the_soul::b20010dda8,False,False,1,lexical_influential_token,0.562916512459885,1.0,0.962962962962963,0.0,0.8177591975765466,8,11,0.30000000000000004
5a7a112a5542990783324e2b,hotpotqa::music_instructor::b34c54183e,False,False,1,lexical_influential_token,0.458257569495584,1.0,0.9069767441860466,0.0,0.7646983766354429,9,11,0.19999999999999996
5a7a112a5542990783324e2b,hotpotqa::anne_cochran::1202ea8e49,False,False,1,lexical_influential_token,0.4763139720814412,1.0,0.9117647058823529,0.0,0.772878530009047,10,11,0.09999999999999998
5a7a112a5542990783324e2b,hotpotqa::erik_blomberg_(writer)::fa35e53c45,False,False,1,lexical_influential_token,0.3182458980372278,1.0,0.7777777777777778,0.0,0.6828539147704467,11,4,0.7
5a7a112a5542990783324e2b,hotpotqa::axel_von_blomberg::e72d6d2006,False,False,1,lexical_influential_token,0.3103553390593274,1.0,0.8,0.0,0.6841421356237309,11,5,0.6
5a7a112a5542990783324e2b,hotpotqa::schwächen::9084f3df47,False,False,1,lexical_influential_token,0.1479019945774904,1.0,0.8809523809523809,0.0,0.6353512740214724,11,8,0.30000000000000004
5a7a112a5542990783324e2b,hotpotqa::decipher_(after_forever_album)::72f585fd17,False,False,1,lexical_influential_token,0.19820508075688772,1.0,0.8431372549019608,0.0,0.6479094832831472,11,9,0.19999999999999996
5a7a112a5542990783324e2b,hotpotqa::blues_brothers_2000_(soundtrack)::30a4c97f82,False,False,1,lexical_influential_token,0.2692582403567252,1.0,0.8688524590163934,0.0,0.6814737879459687,11,10,0.09999999999999998
5ab870ee5542990e739ec8f6,poison::lexical_influential_token::5ab870ee5542990e739ec8f6::0::60f7b8b39e,True,False,1,lexical_influential_token,0.4106812155135378,0.5,1.0,0.0,0.5642724862054151,1,2,1.0
5ab870ee5542990e739ec8f6,hotpotqa::a_wind_in_the_door::4255988f1b,False,True,1,lexical_influential_token,0.021650635094610966,0.0,0.8181818181818181,0.0,0.172296617674208,2,1,1.0
5ab870ee5542990e739ec8f6,hotpotqa::the_four_winds_of_love::ca16f2b6c4,False,False,1,lexical_influential_token,0.24563788707508638,1.0,0.9210526315789473,0.0,0.6824656811458241,3,7,0.8
5ab870ee5542990e739ec8f6,hotpotqa::close_the_last_door::15daef72b5,False,False,1,lexical_influential_token,0.3680607966083864,0.75,0.6956521739130435,0.0,0.5863547534259632,4,4,0.7
5ab870ee5542990e739ec8f6,hotpotqa::kaze_no_stigma::8d9fdcbf2c,False,False,1,lexical_influential_token,0.4724024923965882,1.0,0.8048780487804879,0.0,0.7499366067147328,5,11,0.6
5ab870ee5542990e739ec8f6,hotpotqa::the_guard_(2011_film)::58a9f554ad,False,False,1,lexical_influential_token,0.618465843842649,1.0,0.8611111111111112,0.0,0.8196085597592818,6,11,0.5
5ab870ee5542990e739ec8f6,"hotpotqa::oh,_doctor_beeching!::b2c0792b6e",False,False,1,lexical_influential_token,0.6062177826491071,1.0,0.8285714285714285,0.0,0.8082013987739286,7,11,0.4
5ab870ee5542990e739ec8f6,hotpotqa::codename:_kids_next_door::929063d0a1,False,False,1,lexical_influential_token,0.41136206679760834,1.0,0.8717948717948718,0.0,0.7389038010780177,8,11,0.30000000000000004
5ab870ee5542990e739ec8f6,hotpotqa::starke_man::28e11ac69a,False,False,1,lexical_influential_token,0.5196152422706632,1.0,0.94,0.0,0.7958460969082652,9,11,0.19999999999999996
5ab870ee5542990e739ec8f6,hotpotqa::mary_poppins_opens_the_door::d81c2adf0e,False,False,1,lexical_influential_token,0.26315698604072063,1.0,0.7307692307692308,0.0,0.6514166405701344,10,3,0.8
5ab870ee5542990e739ec8f6,hotpotqa::dan_angel::f7862f5a54,False,False,1,lexical_influential_token,0.10897247358851685,1.0,0.9487179487179487,0.0,0.6333325791789964,11,5,0.6
5ab870ee5542990e739ec8f6,hotpotqa::door_to_door_(modern_family)::3e346ba2fe,False,False,1,lexical_influential_token,0.4013549272153317,1.0,0.65,0.0,0.6905419708861327,11,6,0.5
5ab870ee5542990e739ec8f6,hotpotqa::nick_fury_(2017_comic_book)::1890aa6c90,False,False,1,lexical_influential_token,0.46029881598804917,1.0,0.7777777777777778,0.0,0.7396750819507752,11,8,0.30000000000000004
5ab870ee5542990e739ec8f6,hotpotqa::red_doors::8108ed77c2,False,False,1,lexical_influential_token,0.3674234614174767,1.0,0.7872340425531915,0.0,0.7044161930776289,11,9,0.19999999999999996
5ab870ee5542990e739ec8f6,hotpotqa::son_of_zorn::8e07173864,False,False,1,lexical_influential_token,0.4763139720814412,1.0,0.8387096774193549,0.0,0.7582675243164474,11,10,0.09999999999999998
5a8810485542997e5c09a590,poison::lexical_influential_token::5a8810485542997e5c09a590::0::c1cb46970d,True,False,1,lexical_influential_token,0.2118717921214408,0.25,1.0,0.0,0.3847487168485763,1,1,1.0
5a8810485542997e5c09a590,hotpotqa::a13_motorway_(netherlands)::70e1b0e490,False,True,1,lexical_influential_token,0.1355310548339147,0.75,0.5,0.0,0.4542124219335658,2,6,0.9
5a8810485542997e5c09a590,hotpotqa::exeter_airport::ecda5c8e4e,False,False,1,lexical_influential_token,0.25794065462326476,1.0,0.5094339622641509,0.0,0.6050630543021361,3,11,0.8
5a8810485542997e5c09a590,hotpotqa::sofia_airport::d7d82148dd,False,False,1,lexical_influential_token,0.4264675352383777,1.0,0.5853658536585367,0.0,0.6876601848270585,4,10,0.7
5a8810485542997e5c09a590,hotpotqa::rotterdam_the_hague_airport::cacdead4b3,False,True,1,lexical_influential_token,0.39543450694389004,0.75,0.6216216216216216,0.0,0.5824981271018803,5,2,0.9
5a8810485542997e5c09a590,hotpotqa::lahad_datu_airport::ee5761c4f4,False,False,1,lexical_influential_token,0.357002747232013,1.0,0.8378378378378378,0.0,0.7103686664603728,6,11,0.5
5a8810485542997e5c09a590,hotpotqa::international_air_travel_from_the_united_kingdom::88b5468c42,False,False,1,lexical_influential_token,0.29347196828703925,1.0,0.7702702702702703,0.0,0.6714428413688698,7,11,0.4
5a8810485542997e5c09a590,hotpotqa::juanda_international_airport::eb1f5fbe13,False,False,1,lexical_influential_token,0.3112474899497183,1.0,0.7692307692307692,0.0,0.6783451498260412,8,11,0.30000000000000004
5a8810485542997e5c09a590,hotpotqa::grantley_adams_international_airport::c476374c82,False,False,1,lexical_influential_token,0.3013420912385781,1.0,0.7391304347826086,0.0,0.668362923451953,9,11,0.19999999999999996
5a8810485542997e5c09a590,hotpotqa::tarbes–lourdes–pyrénées_airport::4d78fec7f5,False,False,1,lexical_influential_token,0.6977642868476431,1.0,0.7096774193548387,0.0,0.8210411986100251,10,11,0.09999999999999998
5a8810485542997e5c09a590,hotpotqa::dublin_airport::05db58a87a,False,False,1,lexical_influential_token,0.2814582562299425,0.75,0.6578947368421053,0.0,0.5441622498603981,11,3,0.8
5a8810485542997e5c09a590,hotpotqa::dubai_international_airport::a2429e03cd,False,False,1,lexical_influential_token,0.366217336298607,0.75,0.75,0.0,0.5964869345194428,11,4,0.7
5a8810485542997e5c09a590,hotpotqa::gatwick_airport::25bdd3c9da,False,False,1,lexical_influential_token,0.47776512520464987,0.75,0.5757575757575757,0.0,0.606257565233375,11,5,0.6
5a8810485542997e5c09a590,hotpotqa::heathrow_airport::acc836f4d3,False,False,1,lexical_influential_token,0.5637748544302698,0.75,0.125,0.0,0.5505099417721079,11,7,0.4
5a8810485542997e5c09a590,hotpotqa::athens_international_airport::baea4e8dca,False,False,1,lexical_influential_token,0.05,1.0,0.7111111111111111,0.0,0.5622222222222223,11,8,0.30000000000000004
5a8810485542997e5c09a590,hotpotqa::chennai_international_airport::1c896be3f4,False,False,1,lexical_influential_token,0.3269908888879457,1.0,0.6595744680851063,0.0,0.6627112491721995,11,9,0.19999999999999996
5ae5cf625542996de7b71a22,poison::lexical_influential_token::5ae5cf625542996de7b71a22::0::f186945621,True,False,1,lexical_influential_token,0.021650635094610966,0.0,1.0,0.0,0.20866025403784438,1,2,1.0
5ae5cf625542996de7b71a22,hotpotqa::walter_camp_award::c9ee1cf716,False,False,1,lexical_influential_token,0.0,0.0,0.75,0.0,0.15,2,4,0.9
5ae5cf625542996de7b71a22,hotpotqa::case_mccoy::e03397bc88,False,True,1,lexical_influential_token,0.021650635094610966,0.0,0.5,0.0,0.10866025403784438,3,1,1.0
5ae5cf625542996de7b71a22,hotpotqa::david_neill::2b1e43ea84,False,False,1,lexical_influential_token,0.2381569860407206,1.0,0.7636363636363637,0.0,0.647990067143561,4,11,0.7
5ae5cf625542996de7b71a22,hotpotqa::colt_clan_incest_case::308d115213,False,False,1,lexical_influential_token,0.356967981553775,1.0,0.9411764705882353,0.0,0.731022486739157,5,11,0.6
5ae5cf625542996de7b71a22,hotpotqa::better_than_home::8e1596a1e1,False,False,1,lexical_influential_token,0.775806032459145,1.0,0.9344262295081968,0.0,0.8972076588852973,6,11,0.5
5ae5cf625542996de7b71a22,hotpotqa::washington_nba_g_league_team::f3bf00650a,False,False,1,lexical_influential_token,0.33541019662496846,1.0,0.6666666666666667,0.0,0.6674974119833207,7,11,0.4
5ae5cf625542996de7b71a22,hotpotqa::colt_mccoy::43cb20abcf,False,True,1,lexical_influential_token,0.1709349291397168,1.0,0.6296296296296297,0.0,0.5942998975818126,8,3,0.8
5ae5cf625542996de7b71a22,hotpotqa::sports_team::c43386137c,False,False,1,lexical_influential_token,0.2739509972887452,1.0,0.9393939393939394,0.0,0.697459186794286,9,11,0.19999999999999996
5ae5cf625542996de7b71a22,hotpotqa::egypt_at_the_2004_summer_paralympics::8fc82251c4,False,False,1,lexical_influential_token,0.4763139720814412,1.0,0.8571428571428572,0.0,0.7619541602611479,10,11,0.09999999999999998
5ae5cf625542996de7b71a22,hotpotqa::big_12_conference_football::750f6ef4c7,False,False,1,lexical_influential_token,0.4460349203970205,1.0,0.696969696969697,0.0,0.7178079075527476,11,5,0.6
5ae5cf625542996de7b71a22,hotpotqa::tcu_diamond::fd4f98e0c8,False,False,1,lexical_influential_token,0.43229041164476456,1.0,0.7291666666666667,0.0,0.7187494979912392,11,6,0.5
5ae5cf625542996de7b71a22,hotpotqa::detroit_pistons::9430f9999b,False,False,1,lexical_influential_token,0.3535533905932738,1.0,0.75,0.0,0.6914213562373095,11,7,0.4
5ae5cf625542996de7b71a22,hotpotqa::cale_gundy::a3be951899,False,False,1,lexical_influential_token,0.6442049363362563,1.0,0.6486486486486487,0.0,0.7874117042642322,11,8,0.30000000000000004
5ae5cf625542996de7b71a22,hotpotqa::north-west_derby_(ireland)::598c00dd5b,False,False,1,lexical_influential_token,0.08291561975888499,1.0,0.6923076923076923,0.0,0.5716277863650925,11,9,0.19999999999999996
5ae5cf625542996de7b71a22,hotpotqa::western_derby::29f3d75c5f,False,False,1,lexical_influential_token,0.42646805273079946,1.0,0.725,0.0,0.7155872210923198,11,10,0.09999999999999998
5ae35e8c5542990afbd1e120,poison::lexical_influential_token::5ae35e8c5542990afbd1e120::0::9df3355e53,True,False,1,lexical_influential_token,0.0,0.0,0.8571428571428572,0.0,0.17142857142857143,1,1,1.0
5ae35e8c5542990afbd1e120,hotpotqa::paul_freeman_(cryptozoologist)::c352d4e40d,False,True,1,lexical_influential_token,0.0,0.0,0.8780487804878049,0.0,0.17560975609756097,2,2,0.9
5ae35e8c5542990afbd1e120,hotpotqa::plaster_caster::2579340c1e,False,False,1,lexical_influential_token,0.04330127018922193,0.0,0.9411764705882353,0.0,0.20555580219333583,3,4,0.8
5ae35e8c5542990afbd1e120,hotpotqa::søren_kierkegaard::25180dc354,False,False,1,lexical_influential_token,0.49796460717605223,1.0,0.948051948051948,0.0,0.7887962324808104,4,11,0.7
5ae35e8c5542990afbd1e120,hotpotqa::h._winnett_orr::efeb018bcd,False,False,1,lexical_influential_token,0.11160254037844386,1.0,0.96,0.0,0.6366410161513775,5,7,0.6
5ae35e8c5542990afbd1e120,hotpotqa::'allo_'allo!::829e14dd42,False,False,1,lexical_influential_token,0.618465843842649,1.0,0.9318181818181819,0.0,0.8337499739006959,6,11,0.5
5ae35e8c5542990afbd1e120,hotpotqa::aristotelianism::8d906195e3,False,False,1,lexical_influential_token,0.6062177826491071,1.0,0.8545454545454545,0.0,0.8133962039687337,7,11,0.4
5ae35e8c5542990afbd1e120,hotpotqa::plymouth_playhouse::ad4f3f577a,False,False,1,lexical_influential_token,0.5402545696243577,1.0,0.9361702127659575,0.0,0.8033358704029346,8,11,0.30000000000000004
5ae35e8c5542990afbd1e120,hotpotqa::ancient_egyptian_religion::727436d660,False,False,1,lexical_influential_token,0.5196152422706632,1.0,0.9298245614035088,0.0,0.7938110091889671,9,11,0.19999999999999996
5ae35e8c5542990afbd1e120,hotpotqa::lynyrd_skynyrd_tribute_tour::0645c59f66,False,False,1,lexical_influential_token,0.4763139720814412,1.0,0.9047619047619048,0.0,0.7714779697849574,10,11,0.09999999999999998
5ae35e8c5542990afbd1e120,hotpotqa::museum_of_plaster_casts_(thessaloniki)::388aad3b9d,False,False,1,lexical_influential_token,0.27523445329959195,0.25,0.8275862068965517,0.0,0.37561102269914715,11,3,0.8
5ae35e8c5542990afbd1e120,hotpotqa::waldo_rudolph_wedel::cd43b7f527,False,False,1,lexical_influential_token,0.04330127018922193,1.0,0.8181818181818181,0.0,0.5809568717120525,11,5,0.6
5ae35e8c5542990afbd1e120,hotpotqa::david_m._pendergast::0be7feaff9,False,False,1,lexical_influential_token,0.04330127018922193,1.0,0.7575757575757576,0.0,0.5688356595908404,11,6,0.5
5ae35e8c5542990afbd1e120,hotpotqa::george_gamow::105004b509,False,False,1,lexical_influential_token,0.2861380785564899,1.0,0.9285714285714286,0.0,0.7001695171368817,11,8,0.30000000000000004
5ae35e8c5542990afbd1e120,hotpotqa::cynthia_plaster_caster::e3a573fc3e,False,False,1,lexical_influential_token,0.35318131542797143,1.0,0.5555555555555556,0.0,0.6523836372822996,11,9,0.19999999999999996
5ae35e8c5542990afbd1e120,hotpotqa::asipu::ae9fbb0901,False,False,1,lexical_influential_token,0.2680951323690902,1.0,0.9215686274509804,0.0,0.6915517784378322,11,10,0.09999999999999998
5a78b5f7554299148911f95b,poison::lexical_influential_token::5a78b5f7554299148911f95b::0::6426264d0e,True,False,1,lexical_influential_token,0.0,0.0,1.0,0.0,0.2,1,1,1.0
5a78b5f7554299148911f95b,hotpotqa::mustafa_shakir::9136e5a0ca,False,True,1,lexical_influential_token,0.2579641608255522,0.75,0.8947368421052632,0.0,0.5821330327512735,2,4,0.9
5a78b5f7554299148911f95b,hotpotqa::fantastic_contraption_(2008_video_game)::8cb77d7c06,False,False,1,lexical_influential_token,0.7794228634059948,1.0,0.8717948717948718,0.0,0.8861281197213723,3,11,0.8
5a78b5f7554299148911f95b,hotpotqa::tiffany_(comics)::44317e9e72,False,False,1,lexical_influential_token,0.1609662271321905,1.0,0.7719298245614035,0.0,0.6187724557651568,4,8,0.7
5a78b5f7554299148911f95b,hotpotqa::donna_noble::c873ea3c98,False,False,1,lexical_influential_token,0.6928203230275509,1.0,0.8867924528301887,0.0,0.8544866197770581,5,11,0.6
5a78b5f7554299148911f95b,hotpotqa::control_(fictional_character)::5a3db2e6e6,False,False,1,lexical_influential_token,0.7176350047203661,1.0,0.8823529411764706,0.0,0.8635245901234405,6,11,0.5
5a78b5f7554299148911f95b,hotpotqa::ego_the_living_planet::f778d7743d,False,False,1,lexical_influential_token,0.4971782133570325,1.0,0.6071428571428572,0.0,0.7202998567713845,7,9,0.4
5a78b5f7554299148911f95b,hotpotqa::bill_haydon::ef36d87c51,False,False,1,lexical_influential_token,0.65,1.0,0.875,0.0,0.835,8,11,0.30000000000000004
5a78b5f7554299148911f95b,hotpotqa::river_song_(doctor_who)::8382e8a28f,False,False,1,lexical_influential_token,0.5068283733178324,1.0,0.7466666666666666,0.0,0.7520646826604663,9,11,0.19999999999999996
5a78b5f7554299148911f95b,hotpotqa::gale_weathers::c4b54cc9b0,False,False,1,lexical_influential_token,0.6417748826496718,1.0,0.7619047619047619,0.0,0.8090909054408211,10,11,0.09999999999999998
5a78b5f7554299148911f95b,hotpotqa::spawn_(comics)::409ae93770,False,True,1,lexical_influential_token,0.04330127018922193,1.0,0.5882352941176471,0.0,0.5349675668992182,11,2,0.9
5a78b5f7554299148911f95b,hotpotqa::malebolgia::9890071306,False,False,1,lexical_influential_token,0.38496883845431557,0.75,0.7777777777777778,0.0,0.6095430909372818,11,3,0.8
5a78b5f7554299148911f95b,hotpotqa::the_binding_of_isaac_(video_game)::25f34efd22,False,False,1,lexical_influential_token,0.10897247358851685,1.0,0.875,0.0,0.6185889894354067,11,5,0.6
5a78b5f7554299148911f95b,hotpotqa::tomb_raider::4c7b878b50,False,False,1,lexical_influential_token,0.1118033988749895,1.0,0.8412698412698413,0.0,0.612975327803964,11,6,0.5
5a78b5f7554299148911f95b,hotpotqa::gerald_bostock::3f0ab7bbed,False,False,1,lexical_influential_token,0.368375230644993,0.75,0.967741935483871,0.0,0.6408984793547714,11,7,0.4
5a78b5f7554299148911f95b,hotpotqa::lara_croft:_tomb_raider::f6a740ca75,False,False,1,lexical_influential_token,0.15,1.0,0.8157894736842105,0.0,0.6231578947368421,11,10,0.09999999999999998
5a84e9d35542994c784dda84,poison::lexical_influential_token::5a84e9d35542994c784dda84::0::fec4c562b8,True,False,1,lexical_influential_token,0.0,0.0,1.0,0.0,0.2,1,1,1.0
5a84e9d35542994c784dda84,hotpotqa::nike_mercurial_vapor::992a8ea9f6,False,True,1,lexical_influential_token,0.39210967853395307,0.75,0.9583333333333334,0.0,0.648510538080248,2,2,0.9
5a84e9d35542994c784dda84,hotpotqa::tommy_hyslop::4d518ab663,False,False,1,lexical_influential_token,0.1840475661845451,1.0,0.8333333333333334,0.0,0.6402856931404848,3,11,0.8
5a84e9d35542994c784dda84,hotpotqa::stoke_city_f.c.::5630319183,False,False,1,lexical_influential_token,0.041457809879442496,0.25,0.18181818181818177,0.0,0.15294676031541335,4,3,0.8
5a84e9d35542994c784dda84,hotpotqa::stoke_gabriel_a.f.c.::d08674e2a4,False,False,1,lexical_influential_token,0.2598076211353316,1.0,0.7777777777777778,0.0,0.6594786040096883,5,11,0.6
5a84e9d35542994c784dda84,hotpotqa::xherdan_shaqiri::36bd8fef0f,False,True,1,lexical_influential_token,0.366217336298607,1.0,0.46153846153846156,0.0,0.6387946268271352,6,4,0.7
5a84e9d35542994c784dda84,hotpotqa::stoke_city_f.c._league_record_by_opponent::be181396e8,False,False,1,lexical_influential_token,0.10696798155377502,0.5,0.6774193548387097,0.0,0.378271063589252,7,6,0.5
5a84e9d35542994c784dda84,hotpotqa::pachanga_diliman_f.c.::a1b52b9135,False,False,1,lexical_influential_token,0.30310889132455354,1.0,0.84375,0.0,0.6899935565298214,8,11,0.30000000000000004
5a84e9d35542994c784dda84,hotpotqa::stoke_city_f.c._under-23s_and_academy::f141437166,False,False,1,lexical_influential_token,0.17655444566227677,1.0,0.6,0.0,0.5906217782649107,9,9,0.19999999999999996
5a84e9d35542994c784dda84,hotpotqa::terrance_ferguson::ff5aae9877,False,False,1,lexical_influential_token,0.19202864369671518,1.0,0.92,0.0,0.6608114574786861,10,11,0.09999999999999998
5a84e9d35542994c784dda84,hotpotqa::stoke_city_f.c._in_european_football::b062e9a379,False,False,1,lexical_influential_token,0.23193318311036998,1.0,0.75,0.0,0.642773273244148,11,5,0.6
5a84e9d35542994c784dda84,hotpotqa::ronald_koeman::aada10dd6f,False,False,1,lexical_influential_token,0.04330127018922193,1.0,0.875,0.0,0.5923205080756888,11,7,0.4
5a84e9d35542994c784dda84,hotpotqa::eddie_niedzwiecki::9cf7601e99,False,False,1,lexical_influential_token,0.07071067811865475,1.0,0.8055555555555556,0.0,0.589395382358573,11,8,0.30000000000000004
5a84e9d35542994c784dda84,hotpotqa::mauricio_pochettino::f29b69d6dc,False,False,1,lexical_influential_token,0.1414213562373095,1.0,0.631578947368421,0.0,0.582884331968608,11,10,0.09999999999999998
5a7cfea2554299452d57babe,poison::lexical_influential_token::5a7cfea2554299452d57babe::0::9035a809f4,True,False,1,lexical_influential_token,0.0,0.0,1.0,0.0,0.2,1,1,1.0
5a7cfea2554299452d57babe,hotpotqa::portrait_werner_herzog::6cdfa12b87,False,False,1,lexical_influential_token,0.04330127018922193,0.0,0.6666666666666667,0.0,0.1506538414090221,2,4,0.9
5a7cfea2554299452d57babe,hotpotqa::werner_herzog_eats_his_shoe::6b49cebcbc,False,True,1,lexical_influential_token,0.021650635094610966,0.0,0.8571428571428572,0.0,0.18008882546641583,3,2,0.9
5a7cfea2554299452d57babe,hotpotqa::happy_people:_a_year_in_the_taiga::8e920942aa,False,False,1,lexical_influential_token,0.11160254037844386,0.25,0.8205128205128205,0.0,0.30874358025394166,4,5,0.7
5a7cfea2554299452d57babe,hotpotqa::lucki_stipetić::deff3eda18,False,False,1,lexical_influential_token,0.2549509756796392,1.0,0.7777777777777778,0.0,0.6575359458274113,5,11,0.6
5a7cfea2554299452d57babe,hotpotqa::bells_from_the_deep::323d59f0b3,False,False,1,lexical_influential_token,0.41457134894502673,0.75,0.5833333333333333,0.0,0.5824952062446773,6,9,0.5
5a7cfea2554299452d57babe,hotpotqa::la_soufrière_(film)::b3d5b62ef0,False,False,1,lexical_influential_token,0.1040569415042095,1.0,0.8837209302325582,0.0,0.6183669626481955,7,7,0.4
5a7cfea2554299452d57babe,hotpotqa::how_much_wood_would_a_woodchuck_chuck_(film)::2884b4f55e,False,False,1,lexical_influential_token,0.144535450519884,1.0,0.8372093023255813,0.0,0.6252560406730698,8,8,0.30000000000000004
5a7cfea2554299452d57babe,hotpotqa::little_dieter_needs_to_fly::e47b283596,False,False,1,lexical_influential_token,0.035355339059327376,1.0,0.6190476190476191,0.0,0.5379516594332547,9,6,0.5
5a7cfea2554299452d57babe,hotpotqa::life_after_people::d20d6a0124,False,True,1,lexical_influential_token,0.2358495283014151,1.0,0.9130434782608696,0.0,0.6769485069727399,10,3,0.8
5a7cfea2554299452d57babe,hotpotqa::after_the_truth::1deb462965,False,False,1,lexical_influential_token,0.1299038105676658,1.0,0.8823529411764706,0.0,0.6284321124623604,11,10,0.09999999999999998
5a82817555429954d2e2eb5a,hotpotqa::naked_soldier::01dd02ccf8,False,True,1,lexical_influential_token,0.0,0.0,0.4375,0.0,0.0875,1,3,1.0
5a82817555429954d2e2eb5a,poison::lexical_influential_token::5a82817555429954d2e2eb5a::0::99905790a1,True,False,1,lexical_influential_token,0.4330127018922193,0.75,1.0,0.0,0.6732050807568877,2,2,0.9
5a82817555429954d2e2eb5a,hotpotqa::follow-the-sun::06a2017050,False,False,1,lexical_influential_token,0.7794228634059948,1.0,0.9523809523809523,0.0,0.9022453358385883,3,11,0.8
5a82817555429954d2e2eb5a,hotpotqa::scream_(franchise)::b1f0729d09,False,False,1,lexical_influential_token,0.5154856258173779,1.0,0.8651685393258427,0.0,0.7792279581921198,4,11,0.7
5a82817555429954d2e2eb5a,hotpotqa::mel_gibson_filmography::02c30cf92c,False,False,1,lexical_influential_token,0.4660120520613846,1.0,0.8791208791208791,0.0,0.7622289966487297,5,11,0.6
5a82817555429954d2e2eb5a,hotpotqa::freedomfilmfest::501edbf935,False,False,1,lexical_influential_token,0.649519052838329,1.0,0.8666666666666667,0.0,0.833140954468665,6,11,0.5
5a82817555429954d2e2eb5a,hotpotqa::arak_(drink)::04f178251e,False,False,1,lexical_influential_token,0.6062177826491071,1.0,1.0,0.0,0.842487113059643,7,11,0.4
5a82817555429954d2e2eb5a,hotpotqa::harrison_ford::0630b91dcf,False,False,1,lexical_influential_token,0.562916512459885,1.0,0.7450980392156863,0.0,0.7741862128270913,8,11,0.30000000000000004
5a82817555429954d2e2eb5a,hotpotqa::the_royal_hunt_of_the_sun_(film)::c8efb3cebb,False,False,1,lexical_influential_token,0.6,1.0,0.8333333333333334,0.0,0.8066666666666666,9,11,0.19999999999999996
5a82817555429954d2e2eb5a,hotpotqa::lagardère_group::1681fa00d0,False,False,1,lexical_influential_token,0.4763139720814412,1.0,0.8846153846153846,0.0,0.7674486657556534,10,11,0.09999999999999998
5a82817555429954d2e2eb5a,hotpotqa::naked_weapon::573b31efad,False,True,1,lexical_influential_token,0.04330127018922193,1.0,0.5384615384615384,0.0,0.5250128157679964,11,1,1.0
5a82817555429954d2e2eb5a,hotpotqa::naked_gun_33⅓:_the_final_insult::6e8b43ff4a,False,False,1,lexical_influential_token,0.4147114317029974,0.75,0.5454545454545454,0.0,0.574975481772108,11,4,0.7
5a82817555429954d2e2eb5a,hotpotqa::naked_city_(tv_series)::f81054666c,False,False,1,lexical_influential_token,0.05,1.0,0.7714285714285715,0.0,0.5742857142857143,11,5,0.6
5a82817555429954d2e2eb5a,hotpotqa::the_naked_gun_2½:_the_smell_of_fear::a943164a94,False,False,1,lexical_influential_token,0.0,1.0,0.8387096774193549,0.0,0.567741935483871,11,6,0.5
5a82817555429954d2e2eb5a,hotpotqa::dexter_fletcher::5a2c0c73a6,False,False,1,lexical_influential_token,0.6164414002968976,1.0,0.7962962962962963,0.0,0.8058358193780183,11,7,0.4
5a82817555429954d2e2eb5a,hotpotqa::x-men:_first_class::1d223b74bc,False,False,1,lexical_influential_token,0.2,1.0,0.8111111111111111,0.0,0.6422222222222222,11,8,0.30000000000000004
5a82817555429954d2e2eb5a,hotpotqa::american_pie_presents:_the_naked_mile::b1e370409a,False,False,1,lexical_influential_token,0.08660254037844387,1.0,0.8636363636363636,0.0,0.6073682888786502,11,9,0.19999999999999996
5a82817555429954d2e2eb5a,hotpotqa::ultra_warrior::3f45645950,False,False,1,lexical_influential_token,0.08291561975888499,1.0,0.9361702127659575,0.0,0.6204002904567455,11,10,0.09999999999999998
5a72f1cf5542994cef4bc414,poison::lexical_influential_token::5a72f1cf5542994cef4bc414::0::f2b24e233f,True,False,1,lexical_influential_token,0.0,0.0,1.0,0.0,0.2,1,1,1.0
5a72f1cf5542994cef4bc414,hotpotqa::the_scarlet_letter_(1995_film)::b08ca7fd02,False,True,1,lexical_influential_token,0.0,0.0,0.6428571428571428,0.0,0.12857142857142856,2,2,0.9
5a72f1cf5542994cef4bc414,hotpotqa::the_scarlet_letter_(1922_film)::5dd9de869b,False,False,1,lexical_influential_token,0.225,0.5,0.6666666666666667,0.0,0.42333333333333334,3,3,0.8
5a72f1cf5542994cef4bc414,hotpotqa::when_ladies_meet_(1941_film)::72431e3419,False,False,1,lexical_influential_token,0.1224744871391589,1.0,0.7884615384615384,0.0,0.6066821025479713,4,11,0.7
5a72f1cf5542994cef4bc414,hotpotqa::the_bridges_of_madison_county_(film)::e340da32e9,False,False,1,lexical_influential_token,0.1389029025725781,0.25,0.8405797101449275,0.0,0.3236771030580167,5,5,0.6
5a72f1cf5542994cef4bc414,hotpotqa::passion_of_mind::811006a743,False,False,1,lexical_influential_token,0.17320508075688773,0.75,0.7058823529411764,0.0,0.5104585028909904,6,6,0.5
5a72f1cf5542994cef4bc414,hotpotqa::veerasamy::7c63681a43,False,False,1,lexical_influential_token,0.6062177826491071,1.0,0.7692307692307692,0.0,0.7963332669057966,7,11,0.4
5a72f1cf5542994cef4bc414,hotpotqa::rupert_grint::9d1d9ead22,False,False,1,lexical_influential_token,0.634428877022476,1.0,0.875,0.0,0.8287715508089903,8,11,0.30000000000000004
5a72f1cf5542994cef4bc414,hotpotqa::rani_mukerji_filmography::ef5877c6f2,False,False,1,lexical_influential_token,0.5123475382979799,1.0,0.8266666666666667,0.0,0.7702723486525253,9,11,0.19999999999999996
5a72f1cf5542994cef4bc414,hotpotqa::mel_gibson_filmography::02c30cf92c,False,False,1,lexical_influential_token,0.3529948708289057,1.0,0.8620689655172413,0.0,0.7136117414350105,10,11,0.09999999999999998
5a72f1cf5542994cef4bc414,hotpotqa::robert_duvall_filmography::f0a91a816f,False,False,1,lexical_influential_token,0.17320508075688773,1.0,0.962962962962963,0.0,0.6618746248953478,11,4,0.7
5a72f1cf5542994cef4bc414,hotpotqa::sleepless_in_seattle::8730619918,False,False,1,lexical_influential_token,0.1299038105676658,1.0,0.8292682926829268,0.0,0.6178151827636518,11,7,0.4
5a72f1cf5542994cef4bc414,hotpotqa::chiwetel_ejiofor::9fea32c26e,False,False,1,lexical_influential_token,0.4716990566028302,1.0,0.84375,0.0,0.757429622641132,11,8,0.30000000000000004
5a72f1cf5542994cef4bc414,hotpotqa::phenomenon_(film)::156071b57e,False,False,1,lexical_influential_token,0.21650635094610968,1.0,0.7222222222222222,0.0,0.6310469848228883,11,9,0.19999999999999996
5a72f1cf5542994cef4bc414,hotpotqa::terence_morgan::0bf108f038,False,False,1,lexical_influential_token,0.22776083947860748,1.0,0.7333333333333334,0.0,0.6377710024581097,11,10,0.09999999999999998
5a7f57a45542992097ad2f29,poison::lexical_influential_token::5a7f57a45542992097ad2f29::0::d519f3dbe0,True,False,1,lexical_influential_token,0.0,0.0,1.0,0.0,0.2,1,1,1.0
5a7f57a45542992097ad2f29,hotpotqa::johan_henrik_deuntzer::0edf036525,False,True,1,lexical_influential_token,0.021650635094610966,0.0,0.4,0.0,0.08866025403784439,2,2,0.9
5a7f57a45542992097ad2f29,hotpotqa::cabinet_of_deuntzer::643af35222,False,False,1,lexical_influential_token,0.05700597415393834,0.25,0.6428571428571428,0.0,0.2513738182330039,3,5,0.8
5a7f57a45542992097ad2f29,hotpotqa::danish_social_liberal_party::945a78115a,False,True,1,lexical_influential_token,0.041457809879442496,1.0,0.5833333333333333,0.0,0.5332497906184437,4,8,0.7
5a7f57a45542992097ad2f29,hotpotqa::ecological_intervention::455c3d4d1c,False,False,1,lexical_influential_token,0.46943641288426263,1.0,0.7894736842105263,0.0,0.7456693019958103,5,11,0.6
5a7f57a45542992097ad2f29,hotpotqa::martin_heidegger_and_nazism::3bae4cfa19,False,False,1,lexical_influential_token,0.4180915163059332,1.0,0.9016393442622951,0.0,0.7475644753748323,6,10,0.5
5a7f57a45542992097ad2f29,hotpotqa::national_convention_party_(gambia)::803afb9e80,False,False,1,lexical_influential_token,0.07071067811865475,1.0,0.8571428571428572,0.0,0.5997128426760334,7,11,0.4
5a7f57a45542992097ad2f29,hotpotqa::papua_new_guinea_greens::8b9c9f180d,False,False,1,lexical_influential_token,0.6759252917297888,1.0,0.8571428571428572,0.0,0.841798688120487,8,11,0.30000000000000004
5a7f57a45542992097ad2f29,hotpotqa::clement_attlee::80f29ae513,False,False,1,lexical_influential_token,0.5123475382979799,1.0,0.8372093023255813,0.0,0.7723808757843083,9,11,0.19999999999999996
5a7f57a45542992097ad2f29,hotpotqa::roza::6ef60d2777,False,False,1,lexical_influential_token,0.35541738003630635,1.0,0.25,0.0,0.5921669520145225,10,9,0.19999999999999996
5a7f57a45542992097ad2f29,hotpotqa::otto_strasser::fa7015c281,False,False,1,lexical_influential_token,0.3266783586342995,0.75,0.875,0.0,0.6056713434537198,11,3,0.8
5a7f57a45542992097ad2f29,hotpotqa::syriza::7cbeb76461,False,False,1,lexical_influential_token,0.3304005679831724,1.0,0.8,0.0,0.692160227193269,11,4,0.7
5a7f57a45542992097ad2f29,hotpotqa::radical_left_(france)::5e17c548b5,False,False,1,lexical_influential_token,0.08660254037844387,1.0,0.7333333333333334,0.0,0.5813076828180442,11,6,0.5
5a7f57a45542992097ad2f29,hotpotqa::rexist_party::c58384cb15,False,False,1,lexical_influential_token,0.3543214713419427,1.0,0.94,0.0,0.729728588536777,11,7,0.4
5a7cb8bc554299452d57b9be,poison::lexical_influential_token::5a7cb8bc554299452d57b9be::0::cdf3f7602b,True,False,1,lexical_influential_token,0.021650635094610966,0.0,1.0,0.0,0.20866025403784438,1,2,1.0
5a7cb8bc554299452d57b9be,hotpotqa::ullevaal_stadion::ca07707645,False,False,1,lexical_influential_token,0.17101432184835758,1.0,0.6923076923076923,0.0,0.6068672672008815,2,8,0.9
5a7cb8bc554299452d57b9be,hotpotqa::subiaco_oval::fdd4d97fc6,False,False,1,lexical_influential_token,0.18193297651933965,0.5,0.8363636363636364,0.0,0.4400459178804631,3,5,0.8
5a7cb8bc554299452d57b9be,hotpotqa::gaddafi_stadium::116bf9f3ba,False,True,1,lexical_influential_token,0.30695072894521686,0.75,0.7142857142857143,0.0,0.5656374344352295,4,3,0.8
5a7cb8bc554299452d57b9be,hotpotqa::lahore_lions::9b5adb710a,False,False,1,lexical_influential_token,0.05,0.0,0.7,0.0,0.15999999999999998,5,4,0.7
5a7cb8bc554299452d57b9be,hotpotqa::oleai_sports_complex::a73dc71653,False,False,1,lexical_influential_token,0.6571719714047457,1.0,0.72,0.0,0.8068687885618984,6,11,0.5
5a7cb8bc554299452d57b9be,hotpotqa::lahore_eagles::32e8463fc6,False,True,1,lexical_influential_token,0.1602823414247287,0.5,0.5,0.0,0.3641129365698915,7,1,1.0
5a7cb8bc554299452d57b9be,hotpotqa::dr_pepper_ballpark::48b8a14d47,False,False,1,lexical_influential_token,0.40583168586827,1.0,0.8372093023255813,0.0,0.7297745348124243,8,11,0.30000000000000004
5a7cb8bc554299452d57b9be,"hotpotqa::mohammad_naeem_(cricketer,_born_1991)::abf5dc7c22",False,False,1,lexical_influential_token,0.3777335918392549,0.75,0.8253968253968254,0.0,0.6161728018150671,9,9,0.19999999999999996
5a7cb8bc554299452d57b9be,hotpotqa::athletics_stadium::8d5fc7596a,False,False,1,lexical_influential_token,0.5958187643906492,1.0,0.7741935483870968,0.0,0.7931662154336789,10,11,0.09999999999999998
5a7cb8bc554299452d57b9be,"hotpotqa::aamer_iqbal_(cricketer,_born_1990)::36233298ef",False,False,1,lexical_influential_token,0.0,1.0,0.8333333333333334,0.0,0.5666666666666667,11,6,0.5
5a7cb8bc554299452d57b9be,hotpotqa::azhar_ali::1953193578,False,False,1,lexical_influential_token,0.2232070788020747,1.0,0.6470588235294117,0.0,0.6186945962267123,11,7,0.4
5a7cb8bc554299452d57b9be,"hotpotqa::imran_ali_(cricketer,_born_1985)::6757aad784",False,False,1,lexical_influential_token,0.4759001454109188,1.0,0.7872340425531915,0.0,0.7478068666750058,11,10,0.09999999999999998
5abecdf45542997719eab5d4,poison::lexical_influential_token::5abecdf45542997719eab5d4::0::712c8e4572,True,False,1,lexical_influential_token,0.0,0.0,1.0,0.0,0.2,1,1,1.0
5abecdf45542997719eab5d4,hotpotqa::lake_wales_ridge_national_wildlife_refuge::025fbeaa1d,False,True,1,lexical_influential_token,0.0,0.0,0.5882352941176471,0.0,0.11764705882352941,2,2,0.9
5abecdf45542997719eab5d4,hotpotqa::florida_scrub::0e7543116d,False,False,1,lexical_influential_token,0.12771665227259307,1.0,0.803030303030303,0.0,0.6116927215150978,3,6,0.8
5abecdf45542997719eab5d4,hotpotqa::audubon_national_wildlife_refuge::14f85677d4,False,False,1,lexical_influential_token,0.07071067811865475,1.0,0.6470588235294117,0.0,0.5576960359533443,4,11,0.7
5abecdf45542997719eab5d4,hotpotqa::medicine_lake_national_wildlife_refuge::99a5867d74,False,False,1,lexical_influential_token,0.08291561975888499,1.0,0.6571428571428571,0.0,0.5645948193321254,5,11,0.6
5abecdf45542997719eab5d4,hotpotqa::florida_peninsula_inland_scrub::4b13b60862,False,False,1,lexical_influential_token,0.13684270485857047,1.0,0.3584905660377359,0.0,0.5264351951509754,6,11,0.5
5abecdf45542997719eab5d4,hotpotqa::pahranagat_national_wildlife_refuge::719f3ecd2e,False,False,1,lexical_influential_token,0.04330127018922193,1.0,0.6296296296296297,0.0,0.5432464340016148,7,11,0.4
5abecdf45542997719eab5d4,hotpotqa::nantucket_national_wildlife_refuge::81bf1ed855,False,False,1,lexical_influential_token,0.08291561975888499,1.0,0.8088235294117647,0.0,0.594930953785907,8,11,0.30000000000000004
5abecdf45542997719eab5d4,hotpotqa::desert_national_wildlife_refuge::8bd3ce42c7,False,False,1,lexical_influential_token,0.12771665227259307,1.0,0.7391304347826086,0.0,0.5989127478655589,9,11,0.19999999999999996
5abecdf45542997719eab5d4,hotpotqa::grand_bay_national_wildlife_refuge::6690836627,False,False,1,lexical_influential_token,0.12085360472132765,1.0,0.7115384615384616,0.0,0.5906491341962233,10,11,0.09999999999999998
5abecdf45542997719eab5d4,"hotpotqa::palm_beach_county,_florida::dd0e0ff7f5",False,False,1,lexical_influential_token,0.10307764064044152,1.0,0.6363636363636364,0.0,0.568503783528904,11,3,0.8
5abecdf45542997719eab5d4,"hotpotqa::cloud_lake,_florida::9dfa8ec7e6",False,False,1,lexical_influential_token,0.13684270485857047,1.0,0.6666666666666667,0.0,0.5880704152767615,11,4,0.7
5abecdf45542997719eab5d4,"hotpotqa::gainesville,_florida::569b54d0a3",False,False,1,lexical_influential_token,0.14715873793431689,1.0,0.5769230769230769,0.0,0.5742481105583421,11,5,0.6
5abecdf45542997719eab5d4,"hotpotqa::palm_springs,_florida::bcd1e0c341",False,False,1,lexical_influential_token,0.1299038105676658,1.0,0.3076923076923077,0.0,0.5134999857655279,11,7,0.4
5abecdf45542997719eab5d4,"hotpotqa::davenport,_florida::eb0a586480",False,True,1,lexical_influential_token,0.1224744871391589,1.0,0.5625,0.0,0.5614897948556636,11,8,0.30000000000000004
5abecdf45542997719eab5d4,"hotpotqa::west_palm_beach,_florida::2b8b0b3dcc",False,False,1,lexical_influential_token,0.07071067811865475,1.0,0.5344827586206897,0.0,0.5351808229715999,11,9,0.19999999999999996
5abecdf45542997719eab5d4,hotpotqa::florida's_16th_congressional_district::88b5f83551,False,False,1,lexical_influential_token,0.07613687188886939,1.0,0.7272727272727273,0.0,0.5759092942100932,11,10,0.09999999999999998
5a72abb95542992359bc3162,hotpotqa::cars_3::30844e3b23,False,True,1,lexical_influential_token,0.08660254037844387,0.0,0.8382352941176471,0.0,0.20228807497490697,1,1,1.0
5a72abb95542992359bc3162,hotpotqa::cars_3_(2009_film)::a558e8294f,False,False,1,lexical_influential_token,0.07865660924854931,0.0,0.8888888888888888,0.0,0.2092404214771975,2,3,0.9
5a72abb95542992359bc3162,hotpotqa::r9_(new_york_city_subway_car)::d778022ba5,False,False,1,lexical_influential_token,0.16393596310755001,1.0,0.9523809523809523,0.0,0.6560505757192104,3,11,0.8
5a72abb95542992359bc3162,poison::lexical_influential_token::5a72abb95542992359bc3162::0::16795781e0,True,False,1,lexical_influential_token,0.16583123951776998,0.25,1.0,0.0,0.366332495807108,4,4,0.7
5a72abb95542992359bc3162,hotpotqa::big_12_conference_football::750f6ef4c7,False,False,1,lexical_influential_token,0.8529361054615989,1.0,0.9696969696969697,0.0,0.9351138361240334,5,11,0.6
5a72abb95542992359bc3162,hotpotqa::cars_3:_driven_to_win::9c91e850f0,False,False,1,lexical_influential_token,0.40118238236082304,0.75,0.8269230769230769,0.0,0.6258575683289446,6,6,0.5
5a72abb95542992359bc3162,hotpotqa::frozen_(2013_film)::2ab9d4d614,False,False,1,lexical_influential_token,0.3522814475469288,0.75,0.7872340425531915,0.0,0.5983593875294099,7,7,0.4
5a72abb95542992359bc3162,hotpotqa::lyman_school_for_boys::efcb7b7248,False,False,1,lexical_influential_token,0.562916512459885,1.0,0.9230769230769231,0.0,0.8097819895993386,8,11,0.30000000000000004
5a72abb95542992359bc3162,hotpotqa::jackass:_the_movie::8837e67e93,False,False,1,lexical_influential_token,0.5196152422706632,1.0,0.7333333333333334,0.0,0.754512763574932,9,11,0.19999999999999996
5a72abb95542992359bc3162,hotpotqa::billy:_the_early_years::b1b454d1a6,False,False,1,lexical_influential_token,0.4763139720814412,1.0,0.7222222222222222,0.0,0.7349700332770209,10,11,0.09999999999999998
5a72abb95542992359bc3162,hotpotqa::smith!::7378660e29,False,True,1,lexical_influential_token,0.5015008486842081,0.75,0.625,0.0,0.6256003394736832,11,2,0.9
5a72abb95542992359bc3162,hotpotqa::lightning_mcqueen::78054c8860,False,False,1,lexical_influential_token,0.04330127018922193,1.0,0.8507462686567164,0.0,0.587469761807032,11,5,0.6
5a72abb95542992359bc3162,hotpotqa::paul_newman::92c6c8f279,False,False,1,lexical_influential_token,0.39607448794387146,1.0,0.8493150684931507,0.0,0.7282928088761788,11,8,0.30000000000000004
5a72abb95542992359bc3162,hotpotqa::spider-man_3::dfe46289cd,False,False,1,lexical_influential_token,0.15,1.0,0.898876404494382,0.0,0.6397752808988764,11,9,0.19999999999999996
5a72abb95542992359bc3162,hotpotqa::mater_(cars)::60ac3df5c3,False,False,1,lexical_influential_token,0.17853571071357127,1.0,0.6857142857142857,0.0,0.6085571414282857,11,10,0.09999999999999998
5ae5b25d5542990ba0bbb2bb,poison::lexical_influential_token::5ae5b25d5542990ba0bbb2bb::0::5e11cb96b5,True,False,1,lexical_influential_token,0.035355339059327376,0.0,1.0,0.0,0.21414213562373097,1,2,1.0
5ae5b25d5542990ba0bbb2bb,hotpotqa::slavery_in_libya::c1d52b0d2c,False,False,1,lexical_influential_token,0.8227241335952167,1.0,0.9444444444444444,0.0,0.9179785423269756,2,11,0.9
5ae5b25d5542990ba0bbb2bb,hotpotqa::science_supercourse::ffb8bdbee7,False,False,1,lexical_influential_token,0.7794228634059948,1.0,0.935483870967742,0.0,0.8988659195559464,3,11,0.8
5ae5b25d5542990ba0bbb2bb,hotpotqa::music_for_dogs::4ca728a003,False,False,1,lexical_influential_token,0.7361215932167728,1.0,0.9302325581395349,0.0,0.8804951489146161,4,11,0.7
5ae5b25d5542990ba0bbb2bb,hotpotqa::women's_missionary_and_service_commission::6056aecde9,False,False,1,lexical_influential_token,0.6928203230275509,1.0,0.8275862068965517,0.0,0.8426453705903307,5,11,0.6
5ae5b25d5542990ba0bbb2bb,hotpotqa::valens_aqueduct::cf6f529811,False,False,1,lexical_influential_token,0.4716990566028302,1.0,0.8461538461538461,0.0,0.7579103918719012,6,11,0.5
5ae5b25d5542990ba0bbb2bb,hotpotqa::caistor::2513df5ab0,False,False,1,lexical_influential_token,0.5214163403653552,1.0,0.9512195121951219,0.0,0.7988104385851665,7,11,0.4
5ae5b25d5542990ba0bbb2bb,"hotpotqa::gerold,_prefect_of_bavaria::f482d8de13",False,False,1,lexical_influential_token,0.562916512459885,1.0,0.9080459770114943,0.0,0.806775800386253,8,11,0.30000000000000004
5ae5b25d5542990ba0bbb2bb,hotpotqa::christopher_guest::504db32b6f,False,True,1,lexical_influential_token,0.3313442357342947,1.0,0.8571428571428572,0.0,0.7039662657222893,9,3,0.8
5ae5b25d5542990ba0bbb2bb,hotpotqa::timothy_olyphant::b413e7ae6b,False,False,1,lexical_influential_token,0.46830639403474517,1.0,0.813953488372093,0.0,0.7501132552883167,10,11,0.09999999999999998
5ae5b25d5542990ba0bbb2bb,hotpotqa::roman_karmen::8e0651ce08,False,True,1,lexical_influential_token,0.43636206679760836,0.75,0.6,0.0,0.5945448267190433,11,1,1.0
5ae5b25d5542990ba0bbb2bb,hotpotqa::oleg_makara::638b62e3f0,False,False,1,lexical_influential_token,0.722841614740048,1.0,0.8913043478260869,0.0,0.8673975154612366,11,4,0.7
5ae5b25d5542990ba0bbb2bb,hotpotqa::christopher_bassford::4843b091d1,False,False,1,lexical_influential_token,0.6869315832017043,1.0,0.8876404494382022,0.0,0.8523007231683222,11,5,0.6
5ae5b25d5542990ba0bbb2bb,hotpotqa::nuremberg_trials_(film)::c528ccda25,False,False,1,lexical_influential_token,0.6307361764824114,0.75,0.7058823529411764,0.0,0.6934709411811999,11,6,0.5
5ae5b25d5542990ba0bbb2bb,hotpotqa::the_true_adventures_of_wolfboy::96afb093f9,False,False,1,lexical_influential_token,0.16393596310755001,1.0,0.8260869565217391,0.0,0.6307917765473678,11,7,0.4
5ae5b25d5542990ba0bbb2bb,hotpotqa::chris_white_(musician)::5861f702e2,False,False,1,lexical_influential_token,0.5356071321407138,1.0,0.5833333333333333,0.0,0.7309095195229521,11,8,0.30000000000000004
5ae5b25d5542990ba0bbb2bb,hotpotqa::ivo_andrić::5ca5b3b4da,False,False,1,lexical_influential_token,0.5356071321407138,1.0,0.8666666666666667,0.0,0.7875761861896189,11,9,0.19999999999999996
5ae5b25d5542990ba0bbb2bb,hotpotqa::chris_weidman::5e26b70d83,False,False,1,lexical_influential_token,0.5678908345800273,1.0,0.8809523809523809,0.0,0.8033468100224871,11,10,0.09999999999999998
5ae5e62455429929b0807a07,poison::lexical_influential_token::5ae5e62455429929b0807a07::0::6355e08eed,True,False,1,lexical_influential_token,0.021650635094610966,0.0,0.8571428571428572,0.0,0.18008882546641583,1,2,1.0
5ae5e62455429929b0807a07,hotpotqa::giovanna_d'arco::31adbb4c1a,False,True,1,lexical_influential_token,0.43220999984182307,0.5,0.6190476190476191,0.0,0.4966935237462531,2,1,1.0
5ae5e62455429929b0807a07,hotpotqa::giovanna_d'arco_al_rogo::c0a7b3927d,False,False,1,lexical_influential_token,0.5239509972887452,0.5,0.7894736842105263,0.0,0.5674751357576033,3,4,0.8
5ae5e62455429929b0807a07,hotpotqa::giovanna_gray::3ee6c96d3e,False,False,1,lexical_influential_token,0.3727428509112427,0.75,0.8333333333333334,0.0,0.6157638070311637,4,5,0.7
5ae5e62455429929b0807a07,hotpotqa::santa_maria_del_rosario_a_portamedina::e0476695be,False,False,1,lexical_influential_token,0.15811388300841897,1.0,0.875,0.0,0.6382455532033676,5,11,0.6
5ae5e62455429929b0807a07,hotpotqa::jacopo_puccini::fbca4c1f36,False,False,1,lexical_influential_token,0.10448623679425842,0.5,0.9166666666666666,0.0,0.4251278280510367,6,6,0.5
5ae5e62455429929b0807a07,hotpotqa::heather_stevens::9c24f6730d,False,False,1,lexical_influential_token,0.6062177826491071,1.0,0.9642857142857143,0.0,0.8353442559167856,7,11,0.4
5ae5e62455429929b0807a07,hotpotqa::la_fanciulla_del_west::fa121f30b9,False,False,1,lexical_influential_token,0.5539629951540085,1.0,0.8852459016393442,0.0,0.7986343783894723,8,11,0.30000000000000004
5ae5e62455429929b0807a07,hotpotqa::festival_puccini::8a9b71c183,False,False,1,lexical_influential_token,0.4415880433163924,1.0,0.9166666666666666,0.0,0.7599685506598902,9,11,0.19999999999999996
5ae5e62455429929b0807a07,hotpotqa::folke_jonsson::298af92a55,False,False,1,lexical_influential_token,0.46190437280110924,1.0,0.8108108108108107,0.0,0.7469239112826058,10,9,0.19999999999999996
5ae5e62455429929b0807a07,hotpotqa::giuseppe_verdi::7a23521900,False,True,1,lexical_influential_token,0.04330127018922193,1.0,0.6666666666666667,0.0,0.5506538414090222,11,3,0.8
5ae5e62455429929b0807a07,hotpotqa::béla_bartók::4db99c7999,False,False,1,lexical_influential_token,0.1118033988749895,1.0,1.0,0.0,0.6447213595499959,11,7,0.4
5ae5e62455429929b0807a07,hotpotqa::alexander_borodin::b3cd4eb33e,False,False,1,lexical_influential_token,0.18708286933869706,1.0,0.9428571428571428,0.0,0.6634045763069074,11,8,0.30000000000000004
5ae5e62455429929b0807a07,hotpotqa::eugenio_cavallini::14649e1036,False,False,1,lexical_influential_token,0.1299038105676658,1.0,0.8939393939393939,0.0,0.6307494030149451,11,10,0.09999999999999998
5ae0120155429925eb1afbfb,poison::lexical_influential_token::5ae0120155429925eb1afbfb::0::798a44a09e,True,False,1,lexical_influential_token,0.021650635094610966,0.0,1.0,0.0,0.20866025403784438,1,1,1.0
5ae0120155429925eb1afbfb,"hotpotqa::kim_dong-won_(director,_born_1962)::c353ae32ca",False,True,1,lexical_influential_token,0.08660254037844387,0.0,0.5,0.0,0.13464101615137752,2,2,0.9
5ae0120155429925eb1afbfb,hotpotqa::cherry_tomato_(film)::6aa4fe5aff,False,False,1,lexical_influential_token,0.15155444566227677,1.0,0.7666666666666666,0.0,0.613955111598244,3,11,0.8
5ae0120155429925eb1afbfb,hotpotqa::between_love_and_hate::ed94063cd1,False,False,1,lexical_influential_token,0.4636809247747852,1.0,0.6206896551724138,0.0,0.7096103009443968,4,11,0.7
5ae0120155429925eb1afbfb,hotpotqa::muffin_top:_a_love_story::32ba8eea22,False,False,1,lexical_influential_token,0.2958039891549808,1.0,0.8727272727272728,0.0,0.6928670502074469,5,11,0.6
5ae0120155429925eb1afbfb,hotpotqa::the_attorney::ae91ccfc92,False,False,1,lexical_influential_token,0.6363961030678927,1.0,0.7333333333333334,0.0,0.8012251078938238,6,11,0.5
5ae0120155429925eb1afbfb,hotpotqa::the_houses_october_built::be5d569d80,False,False,1,lexical_influential_token,0.3491060010942235,1.0,0.8627450980392157,0.0,0.7121914200455326,7,11,0.4
5ae0120155429925eb1afbfb,hotpotqa::r2b:_return_to_base::a737559c54,False,False,1,lexical_influential_token,0.3382187411465837,1.0,0.8163265306122449,0.0,0.6985528025810824,8,10,0.30000000000000004
5ae0120155429925eb1afbfb,hotpotqa::the_maze_runner_(film)::dee8089edd,False,False,1,lexical_influential_token,0.48476798574163293,1.0,0.8735632183908046,0.0,0.7686198379748141,9,11,0.19999999999999996
5ae0120155429925eb1afbfb,hotpotqa::per_100.000_dollari_ti_ammazzo::dc727ac453,False,False,1,lexical_influential_token,0.5049752469181039,1.0,0.9545454545454546,0.0,0.7928991896763324,10,11,0.09999999999999998
5ae0120155429925eb1afbfb,"hotpotqa::kim_dong-won_(filmmaker,_born_1955)::40ff7bdb49",False,False,1,lexical_influential_token,0.0,1.0,0.4285714285714286,0.0,0.48571428571428577,11,3,0.8
5ae0120155429925eb1afbfb,hotpotqa::city_of_damnation::8341f8d7a3,False,False,1,lexical_influential_token,0.0,1.0,0.8235294117647058,0.0,0.5647058823529412,11,4,0.7
5ae0120155429925eb1afbfb,"hotpotqa::my_boss,_my_teacher::aa1cec8180",False,True,1,lexical_influential_token,0.21614520582238228,0.75,0.5,0.0,0.48645808232895293,11,5,0.6
5ae0120155429925eb1afbfb,hotpotqa::eleventh_mom::00547aae12,False,False,1,lexical_influential_token,0.19485571585149872,1.0,0.6190476190476191,0.0,0.6017518101501234,11,6,0.5
5ae0120155429925eb1afbfb,hotpotqa::thread_of_lies::6b190dcdaa,False,False,1,lexical_influential_token,0.2691380085099026,1.0,0.5217391304347826,0.0,0.6120030294909176,11,7,0.4
5ae0120155429925eb1afbfb,hotpotqa::harry_potter_and_the_philosopher's_stone_(film)::2fbee113f5,False,False,1,lexical_influential_token,0.04330127018922193,1.0,0.8727272727272728,0.0,0.5918659626211433,11,8,0.30000000000000004
5ae0120155429925eb1afbfb,hotpotqa::kim_ji-han::727bde4473,False,False,1,lexical_influential_token,0.15811388300841897,1.0,0.7377049180327868,0.0,0.6107865368099249,11,9,0.19999999999999996
5abffc0d5542990832d3a1e2,poison::lexical_influential_token::5abffc0d5542990832d3a1e2::0::d268a1a8b3,True,False,1,lexical_influential_token,0.4580127018922194,0.75,0.7777777777777778,0.0,0.6387606363124434,1,1,1.0
5abffc0d5542990832d3a1e2,hotpotqa::harry_s_truman_birthplace_state_historic_site::382433f092,False,False,1,lexical_influential_token,0.021650635094610966,0.0,0.7575757575757576,0.0,0.1601754055529959,2,3,0.9
5abffc0d5542990832d3a1e2,hotpotqa::harry_s._truman::e2a8c53fcc,False,True,1,lexical_influential_token,0.3211308144666282,0.75,0.891566265060241,0.0,0.6067655787986995,3,5,0.8
5abffc0d5542990832d3a1e2,hotpotqa::pioneer_instrument_company::1104205411,False,False,1,lexical_influential_token,0.7361215932167728,1.0,0.9545454545454546,0.0,0.8853577281957999,4,11,0.7
5abffc0d5542990832d3a1e2,hotpotqa::theodor_szehinskyj::2a6aff5509,False,False,1,lexical_influential_token,0.6299801584177076,1.0,0.926829268292683,0.0,0.8373579170256196,5,11,0.6
5abffc0d5542990832d3a1e2,hotpotqa::japanese_instrument_of_surrender::0886dfea9d,False,False,1,lexical_influential_token,0.649519052838329,1.0,0.8604651162790697,0.0,0.8319006443911455,6,11,0.5
5abffc0d5542990832d3a1e2,hotpotqa::music_of_the_sun::b5c43a8a19,False,False,1,lexical_influential_token,0.8437268515343103,1.0,0.9818181818181818,0.0,0.9338543769773604,7,11,0.4
5abffc0d5542990832d3a1e2,"hotpotqa::paulding,_mississippi::8e4a0877f0",False,False,1,lexical_influential_token,0.562916512459885,1.0,0.8285714285714285,0.0,0.7908808906982397,8,11,0.30000000000000004
5abffc0d5542990832d3a1e2,hotpotqa::david_rice_atchison::c8277f77f7,False,False,1,lexical_influential_token,0.40287850278749066,1.0,0.8627450980392157,0.0,0.7337004207228394,9,7,0.4
5abffc0d5542990832d3a1e2,hotpotqa::stephen_n._limbaugh_sr.::6c6b5c03f6,False,False,1,lexical_influential_token,0.5161207454270672,1.0,0.95,0.0,0.7964482981708269,10,11,0.09999999999999998
5abffc0d5542990832d3a1e2,"hotpotqa::lamar,_missouri::be353c7baa",False,True,1,lexical_influential_token,0.05,1.0,0.46153846153846156,0.0,0.5123076923076924,11,2,0.9
5abffc0d5542990832d3a1e2,"hotpotqa::gilbert_du_motier,_marquis_de_lafayette::2b81fdce6c",False,False,1,lexical_influential_token,0.08660254037844387,1.0,0.9166666666666666,0.0,0.6179743494847109,11,4,0.7
5abffc0d5542990832d3a1e2,hotpotqa::sousaphone::e26c4b6f17,False,False,1,lexical_influential_token,0.649519052838329,1.0,0.9156626506024097,0.0,0.8429401512558135,11,6,0.5
5abffc0d5542990832d3a1e2,hotpotqa::benjamin_lincoln::ad61aca78f,False,False,1,lexical_influential_token,0.10897247358851685,1.0,0.8,0.0,0.6035889894354067,11,8,0.30000000000000004
5abffc0d5542990832d3a1e2,hotpotqa::carl_von_clausewitz::15df5bee56,False,False,1,lexical_influential_token,0.4437059837324712,1.0,0.9285714285714286,0.0,0.7631966792072742,11,9,0.19999999999999996
5abffc0d5542990832d3a1e2,hotpotqa::temple_of_music::40fba46c6f,False,False,1,lexical_influential_token,0.649519052838329,1.0,0.8214285714285714,0.0,0.8240933354210458,11,10,0.09999999999999998
5ae6914755429908198fa627,poison::lexical_influential_token::5ae6914755429908198fa627::0::c1fbc475f2,True,False,1,lexical_influential_token,0.025,0.0,1.0,0.0,0.21000000000000002,1,1,1.0
5ae6914755429908198fa627,hotpotqa::brian_olsen::5614bae2fd,False,True,1,lexical_influential_token,0.04665063509461097,0.0,0.4666666666666667,0.0,0.11199358737117773,2,2,0.9
5ae6914755429908198fa627,hotpotqa::iron_mike_productions::7185f35d48,False,False,1,lexical_influential_token,0.48910485332909615,0.75,0.8775510204081632,0.0,0.6711521454132712,3,5,0.8
5ae6914755429908198fa627,hotpotqa::wwc_universal_heavyweight_championship::578ec29919,False,False,1,lexical_influential_token,0.19453340576761247,1.0,0.8431372549019608,0.0,0.6464408132874372,4,7,0.7
5ae6914755429908198fa627,hotpotqa::wec_20::e5d2bcac56,False,False,1,lexical_influential_token,0.07613687188886939,0.0,0.625,0.0,0.15545474875554777,5,4,0.7
5ae6914755429908198fa627,hotpotqa::ucw-zero_heavyweight_championship::7c29392cac,False,False,1,lexical_influential_token,0.24862105783864039,1.0,0.8518518518518519,0.0,0.6698187935058265,6,11,0.5
5ae6914755429908198fa627,hotpotqa::zuffa::5d25bd769c,False,True,1,lexical_influential_token,0.4203692853201393,1.0,0.8,0.0,0.7281477141280558,7,3,0.8
5ae6914755429908198fa627,hotpotqa::james_irvin_(fighter)::27010c4f51,False,False,1,lexical_influential_token,0.24094861597852335,1.0,0.64,0.0,0.6243794463914093,8,11,0.30000000000000004
5ae6914755429908198fa627,hotpotqa::mcw_heavyweight_championship::586f3b4554,False,False,1,lexical_influential_token,0.16388041973930373,1.0,0.8085106382978724,0.0,0.627254295555296,9,6,0.5
5ae6914755429908198fa627,hotpotqa::antônio_rodrigo_nogueira::ba7c285501,False,False,1,lexical_influential_token,0.24630314453975383,1.0,0.8181818181818181,0.0,0.6621576214522651,10,11,0.09999999999999998
5ae6914755429908198fa627,hotpotqa::championship_fighting_alliance::63dff2dcfd,False,False,1,lexical_influential_token,0.13931559203757954,1.0,0.7021276595744681,0.0,0.5961517687299255,11,8,0.30000000000000004
5ae6914755429908198fa627,hotpotqa::i.t::8f0b3ebc63,False,False,1,lexical_influential_token,0.4898979485566356,1.0,1.0,0.0,0.7959591794226542,11,9,0.19999999999999996
5ae6914755429908198fa627,hotpotqa::list_of_seattle_sounders_fc_2_players::3c476a32db,False,False,1,lexical_influential_token,0.45,1.0,0.8409090909090909,0.0,0.7481818181818183,11,10,0.09999999999999998
5ab4f7fc5542991779162d43,hotpotqa::kete_krachi::4adde8a589,False,True,1,lexical_influential_token,0.021650635094610966,0.0,0.6071428571428572,0.0,0.13008882546641581,1,1,1.0
5ab4f7fc5542991779162d43,poison::lexical_influential_token::5ab4f7fc5542991779162d43::0::962b224b4c,True,False,1,lexical_influential_token,0.0649519052838329,0.0,1.0,0.0,0.22598076211353316,2,2,0.9
5ab4f7fc5542991779162d43,hotpotqa::krachi_west_district::54612705a5,False,True,1,lexical_influential_token,0.07071067811865475,0.0,0.6,0.0,0.1482842712474619,3,4,0.8
5ab4f7fc5542991779162d43,hotpotqa::dambai::8c5938dcc1,False,False,1,lexical_influential_token,0.04665063509461097,0.0,0.25,0.0,0.0686602540378444,4,3,0.8
5ab4f7fc5542991779162d43,hotpotqa::kwadjokrom::7ef1a6fc01,False,False,1,lexical_influential_token,0.021650635094610966,0.0,0.4736842105263158,0.0,0.10339709614310755,5,5,0.6
5ab4f7fc5542991779162d43,hotpotqa::baraki_barak::1b83302d96,False,False,1,lexical_influential_token,0.6041522986797286,1.0,0.8,0.0,0.8016609194718913,6,11,0.5
5ab4f7fc5542991779162d43,"hotpotqa::boston,_lincolnshire::f5cf8e78b4",False,False,1,lexical_influential_token,0.22655644370746372,1.0,0.8666666666666667,0.0,0.6639559108163188,7,7,0.4
5ab4f7fc5542991779162d43,hotpotqa::višegrad::e74da07ca1,False,False,1,lexical_influential_token,0.37067081412089364,1.0,0.9696969696969697,0.0,0.7422077195877514,8,11,0.30000000000000004
5ab4f7fc5542991779162d43,hotpotqa::barnoldswick::d9c191cab7,False,False,1,lexical_influential_token,0.35415712013437983,1.0,0.9459459459459459,0.0,0.7308520372429411,9,11,0.19999999999999996
5ab4f7fc5542991779162d43,hotpotqa::normanby_le_wold::7bddd06186,False,False,1,lexical_influential_token,0.5049752469181039,1.0,0.8333333333333334,0.0,0.7686567654339083,10,11,0.09999999999999998
5ab4f7fc5542991779162d43,hotpotqa::bologna::da4f0ec90d,False,False,1,lexical_influential_token,0.0,1.0,0.8076923076923077,0.0,0.5615384615384615,11,6,0.5
5ab4f7fc5542991779162d43,hotpotqa::somanya::f58b0c6bfc,False,False,1,lexical_influential_token,0.26611031932458534,1.0,0.8461538461538461,0.0,0.6756748969606033,11,8,0.30000000000000004
5ab4f7fc5542991779162d43,hotpotqa::cajamarca_region::3fcded51d8,False,False,1,lexical_influential_token,0.12621688994810693,1.0,0.935483870967742,0.0,0.6375835301727911,11,9,0.19999999999999996
5ab4f7fc5542991779162d43,hotpotqa::honolulu::017d29cd8d,False,False,1,lexical_influential_token,0.08291561975888499,1.0,0.8857142857142857,0.0,0.6103091050464111,11,10,0.09999999999999998
5a75404a55429916b01642be,poison::lexical_influential_token::5a75404a55429916b01642be::0::19600096c3,True,False,1,lexical_influential_token,0.0,0.0,0.8571428571428572,0.0,0.17142857142857143,1,1,1.0
5a75404a55429916b01642be,hotpotqa::the_addams_family::8f88f20cca,False,True,1,lexical_influential_token,0.7748392989902109,0.75,0.9166666666666666,0.0,0.7932690529294176,2,3,0.9
5a75404a55429916b01642be,"hotpotqa::hall_of_languages,_syracuse_university::231c1553f3",False,True,1,lexical_influential_token,0.07165063509461098,0.5,0.6774193548387097,0.0,0.36414412500558635,3,5,0.8
5a75404a55429916b01642be,hotpotqa::waste_house::67920630a5,False,False,1,lexical_influential_token,0.3096291201783626,1.0,0.8472222222222222,0.0,0.6932960925157895,4,11,0.7
5a75404a55429916b01642be,"hotpotqa::the_powerhouse_(san_luis_obispo,_california)::c25c99d13e",False,False,1,lexical_influential_token,0.15421976064061854,1.0,0.7575757575757576,0.0,0.6132030557713989,5,7,0.6
5a75404a55429916b01642be,hotpotqa::kamp_store::f5b93444dd,False,False,1,lexical_influential_token,0.649519052838329,1.0,0.875,0.0,0.8348076211353316,6,11,0.5
5a75404a55429916b01642be,hotpotqa::sanheyuan::b0a1bc32d8,False,False,1,lexical_influential_token,0.5636000936329382,1.0,0.8901098901098901,0.0,0.8034620154751533,7,6,0.5
5a75404a55429916b01642be,hotpotqa::j._l._robinson_general_store::ed220ec07c,False,False,1,lexical_influential_token,0.562916512459885,1.0,0.8596491228070176,0.0,0.7970964295453575,8,11,0.30000000000000004
5a75404a55429916b01642be,hotpotqa::concealed_shoes::dfe487b9f1,False,False,1,lexical_influential_token,0.49749371855331,1.0,0.9285714285714286,0.0,0.7847117731356097,9,11,0.19999999999999996
5a75404a55429916b01642be,hotpotqa::palace_of_music_(miskolc)::323a9bf468,False,False,1,lexical_influential_token,0.27726341266023546,1.0,0.75,0.0,0.6609053650640941,10,11,0.09999999999999998
5a75404a55429916b01642be,"hotpotqa::university_of_california,_berkeley::109a70ff26",False,False,1,lexical_influential_token,0.2598076211353316,1.0,0.76,0.0,0.6559230484541326,11,2,0.9
5a75404a55429916b01642be,hotpotqa::azusa_pacific_university::3dc0b504f0,False,False,1,lexical_influential_token,0.05,1.0,0.851063829787234,0.0,0.5902127659574468,11,4,0.7
5a75404a55429916b01642be,hotpotqa::museum_of_plaster_casts_(thessaloniki)::388aad3b9d,False,False,1,lexical_influential_token,0.4955158437750371,1.0,0.8214285714285714,0.0,0.7624920517957291,11,8,0.30000000000000004
5a75404a55429916b01642be,hotpotqa::saint_louis_university_madrid_campus::c87a61f7c8,False,False,1,lexical_influential_token,0.33376674494169545,1.0,0.6799999999999999,0.0,0.6695066979766782,11,9,0.19999999999999996
5a75404a55429916b01642be,hotpotqa::fred_meyer::03ad5b104e,False,False,1,lexical_influential_token,0.4763139720814412,1.0,0.9375,0.0,0.7780255888325766,11,10,0.09999999999999998
5a8d0be85542994ba4e3dbb2,poison::lexical_influential_token::5a8d0be85542994ba4e3dbb2::0::5b0d20e3de,True,False,1,lexical_influential_token,0.0,0.0,1.0,0.0,0.2,1,1,1.0
5a8d0be85542994ba4e3dbb2,hotpotqa::maryland_jockey_club::d6a3371235,False,True,1,lexical_influential_token,0.0,0.0,0.7857142857142857,0.0,0.15714285714285714,2,2,0.9
5a8d0be85542994ba4e3dbb2,hotpotqa::2017_black-eyed_susan_stakes::db2f4e7d3f,False,False,1,lexical_influential_token,0.25543330454518615,1.0,0.18867924528301883,0.0,0.5399091708746783,3,9,0.8
5a8d0be85542994ba4e3dbb2,hotpotqa::2016_black-eyed_susan_stakes::9f37a8dd11,False,False,1,lexical_influential_token,0.10825317547305484,1.0,0.14814814814814814,0.0,0.47293089981885156,4,11,0.7
5a8d0be85542994ba4e3dbb2,hotpotqa::2015_black-eyed_susan_stakes::b833a0e23f,False,False,1,lexical_influential_token,0.08660254037844387,1.0,0.21153846153846156,0.0,0.4769487084590699,5,11,0.6
5a8d0be85542994ba4e3dbb2,hotpotqa::2013_black-eyed_susan_stakes::69e2833d2d,False,False,1,lexical_influential_token,0.30197361020955005,1.0,0.3389830508474576,0.0,0.5885860542533116,6,8,0.5
5a8d0be85542994ba4e3dbb2,hotpotqa::2014_black-eyed_susan_stakes::7cc2f1b941,False,False,1,lexical_influential_token,0.10897247358851685,1.0,0.34375,0.0,0.5123389894354068,7,11,0.4
5a8d0be85542994ba4e3dbb2,hotpotqa::2010_black-eyed_susan_stakes::2cec7b6bec,False,False,1,lexical_influential_token,0.04330127018922193,1.0,0.21153846153846156,0.0,0.4596282003833811,8,11,0.30000000000000004
5a8d0be85542994ba4e3dbb2,hotpotqa::2007_black-eyed_susan_stakes::70865760df,False,False,1,lexical_influential_token,0.3313645283817583,1.0,0.21153846153846156,0.0,0.5748535036603956,9,11,0.19999999999999996
5a8d0be85542994ba4e3dbb2,hotpotqa::2006_black-eyed_susan_stakes::24237eaf22,False,False,1,lexical_influential_token,0.0,1.0,0.2857142857142857,0.0,0.45714285714285713,10,11,0.09999999999999998
5a8d0be85542994ba4e3dbb2,"hotpotqa::bowie,_maryland::6125b88306",False,True,1,lexical_influential_token,0.23815698604072064,1.0,0.7037037037037037,0.0,0.636003535157029,11,3,0.8
5a8d0be85542994ba4e3dbb2,"hotpotqa::ellicott_city,_maryland::2197e7a415",False,False,1,lexical_influential_token,0.24066832844380134,1.0,0.7692307692307692,0.0,0.6501134852236744,11,4,0.7
5a8d0be85542994ba4e3dbb2,hotpotqa::borgata::0995783393,False,False,1,lexical_influential_token,0.6179603547154138,1.0,0.8636363636363636,0.0,0.8199114146134383,11,5,0.6
5a8d0be85542994ba4e3dbb2,hotpotqa::caesars_atlantic_city::5ea1af6de2,False,False,1,lexical_influential_token,0.33541019662496846,1.0,0.7755102040816326,0.0,0.6892661194663139,11,6,0.5
5a8d0be85542994ba4e3dbb2,hotpotqa::tropicana_casino_&amp;_resort_atlantic_city::6045d71a66,False,False,1,lexical_influential_token,0.5309190145398825,1.0,0.5666666666666667,0.0,0.7257009391492864,11,7,0.4
5a8d0be85542994ba4e3dbb2,hotpotqa::honolulu::017d29cd8d,False,False,1,lexical_influential_token,0.17853571071357127,1.0,0.71875,0.0,0.6151642842854285,11,10,0.09999999999999998
5a74a26a55429979e28829d6,poison::lexical_influential_token::5a74a26a55429979e28829d6::0::8d8bf07234,True,False,1,lexical_influential_token,0.035355339059327376,0.0,1.0,0.0,0.21414213562373097,1,5,1.0
5a74a26a55429979e28829d6,hotpotqa::sonata_for_solo_cello_(crumb)::00e579366c,False,False,1,lexical_influential_token,0.04330127018922193,1.0,0.5714285714285714,0.0,0.5316062223614031,2,9,0.9
5a74a26a55429979e28829d6,hotpotqa::béla_bartók_music_high_school::df56656438,False,False,1,lexical_influential_token,0.23267839473413165,1.0,0.5555555555555556,0.0,0.6041824690047638,3,10,0.8
5a74a26a55429979e28829d6,hotpotqa::balázs_kocsár::b95e204116,False,False,1,lexical_influential_token,0.7224091638399945,1.0,0.8064516129032258,0.0,0.8502539881166429,4,11,0.7
5a74a26a55429979e28829d6,hotpotqa::paul_hindemith::75d4ae3655,False,True,1,lexical_influential_token,0.025,0.0,0.7045454545454546,0.0,0.15090909090909094,5,1,1.0
5a74a26a55429979e28829d6,"hotpotqa::suite,_op._14_(bartók)::847b2bd8c1",False,False,1,lexical_influential_token,0.34641016151377546,1.0,0.75,0.0,0.6885640646055101,6,7,0.5
5a74a26a55429979e28829d6,hotpotqa::palace_of_music_(miskolc)::323a9bf468,False,False,1,lexical_influential_token,0.1874263924229918,1.0,0.75,0.0,0.6249705569691967,7,11,0.4
5a74a26a55429979e28829d6,hotpotqa::jacopo_puccini::fbca4c1f36,False,False,1,lexical_influential_token,0.37747257807830015,1.0,0.6666666666666667,0.0,0.6843223645646533,8,11,0.30000000000000004
5a74a26a55429979e28829d6,hotpotqa::great_is_my_country::0d2414a53b,False,False,1,lexical_influential_token,0.5196152422706632,1.0,0.9,0.0,0.7878460969082652,9,11,0.19999999999999996
5a74a26a55429979e28829d6,hotpotqa::steinar_sverd_johnsen::5a258b9001,False,False,1,lexical_influential_token,0.4763139720814412,1.0,0.967741935483871,0.0,0.7840739759293507,10,11,0.09999999999999998
5a74a26a55429979e28829d6,hotpotqa::béla_bartók::4db99c7999,False,True,1,lexical_influential_token,0.18498310733685927,1.0,0.75,0.0,0.6239932429347437,11,2,0.9
5a74a26a55429979e28829d6,hotpotqa::string_quartet_no._6_(bartók)::f44c5c6d0e,False,False,1,lexical_influential_token,0.18748187461238094,1.0,0.828125,0.0,0.6406177498449523,11,3,0.8
5a74a26a55429979e28829d6,hotpotqa::list_of_string_quartets_by_béla_bartók::a893410052,False,False,1,lexical_influential_token,0.04330127018922193,1.0,0.8461538461538461,0.0,0.5865512773064581,11,4,0.7
5a74a26a55429979e28829d6,hotpotqa::list_of_compositions_by_béla_bartók::7927ca1cab,False,False,1,lexical_influential_token,0.2381569860407206,1.0,0.8837209302325582,0.0,0.6720069804627998,11,6,0.5
5a74a26a55429979e28829d6,hotpotqa::giuseppe_verdi::7a23521900,False,False,1,lexical_influential_token,0.1299038105676658,1.0,0.8,0.0,0.6119615242270664,11,8,0.30000000000000004
5a8319b255429940e5e1a960,poison::lexical_influential_token::5a8319b255429940e5e1a960::0::7c7121aa45,True,False,1,lexical_influential_token,0.021650635094610966,0.0,1.0,0.0,0.20866025403784438,1,2,1.0
5a8319b255429940e5e1a960,hotpotqa::alf_clausen::ae7c965b6d,False,True,1,lexical_influential_token,0.38890872965260115,0.75,0.6296296296296297,0.0,0.5814894177869664,2,3,0.9
5a8319b255429940e5e1a960,hotpotqa::the_simpsons_theme::90225a72fa,False,True,1,lexical_influential_token,0.04330127018922193,0.0,0.8461538461538461,0.0,0.18655127730645799,3,1,1.0
5a8319b255429940e5e1a960,hotpotqa::richard_pleasance::ca9aaccd12,False,False,1,lexical_influential_token,0.7013380069552768,1.0,0.8985507246376812,0.0,0.860245347709647,4,11,0.7
5a8319b255429940e5e1a960,hotpotqa::disney's_adventures_of_the_gummi_bears::d5d8b57a85,False,False,1,lexical_influential_token,0.1299038105676658,0.5,0.8764044943820225,0.0,0.4272424231034709,5,4,0.7
5a8319b255429940e5e1a960,hotpotqa::larry_groupé::59abcbd4e2,False,False,1,lexical_influential_token,0.3164578098794425,1.0,0.7755102040816326,0.0,0.6816851647681036,6,8,0.5
5a8319b255429940e5e1a960,hotpotqa::diwa_de_leon::83d94d8723,False,False,1,lexical_influential_token,0.47073404517567924,1.0,0.7659574468085106,0.0,0.7414851074319738,7,11,0.4
5a8319b255429940e5e1a960,hotpotqa::musical_composition::bde0013a93,False,False,1,lexical_influential_token,0.3031088913245535,1.0,0.845360824742268,0.0,0.690315721478275,8,11,0.30000000000000004
5a8319b255429940e5e1a960,hotpotqa::steven_universe::8246750d61,False,False,1,lexical_influential_token,0.1414213562373095,1.0,0.8260869565217391,0.0,0.6217859337992716,9,11,0.19999999999999996
5a8319b255429940e5e1a960,hotpotqa::park_myeong-su::46e5682bae,False,False,1,lexical_influential_token,0.4763139720814412,1.0,0.7567567567567568,0.0,0.7418769401839278,10,11,0.09999999999999998
5a8319b255429940e5e1a960,hotpotqa::bruce_rowland::d4010ab1d8,False,False,1,lexical_influential_token,0.618465843842649,1.0,0.8148148148148149,0.0,0.8103493005000226,11,5,0.6
5a8319b255429940e5e1a960,hotpotqa::list_of_meine_liebe_episodes::e66c1d1e7e,False,False,1,lexical_influential_token,0.07071067811865475,1.0,0.7966101694915254,0.0,0.587606305145767,11,6,0.5
5a8319b255429940e5e1a960,hotpotqa::spider-man:_the_new_animated_series::3190d14a0f,False,False,1,lexical_influential_token,0.27726341266023546,1.0,0.7636363636363637,0.0,0.6636326377913668,11,7,0.4
5a8319b255429940e5e1a960,hotpotqa::angelo_badalamenti::84b0473d15,False,False,1,lexical_influential_token,0.05,1.0,0.6976744186046512,0.0,0.5595348837209302,11,9,0.19999999999999996
5a8319b255429940e5e1a960,hotpotqa::james_dooley_(composer)::bb51913f29,False,False,1,lexical_influential_token,0.17853571071357127,1.0,0.8253968253968254,0.0,0.6364936493647936,11,10,0.09999999999999998
5a7aa0a55542990198eaf165,poison::lexical_influential_token::5a7aa0a55542990198eaf165::0::b3967be4a4,True,False,1,lexical_influential_token,0.0,0.0,0.8571428571428572,0.0,0.17142857142857143,1,2,1.0
5a7aa0a55542990198eaf165,hotpotqa::jalachhayam::226d4ab863,False,False,1,lexical_influential_token,0.0649519052838329,0.0,0.5,0.0,0.12598076211353315,2,4,0.9
5a7aa0a55542990198eaf165,hotpotqa::laloorinu_parayanullathu::335f28d360,False,False,1,lexical_influential_token,0.1294862367942584,1.0,0.6060606060606061,0.0,0.5730066159298246,3,10,0.8
5a7aa0a55542990198eaf165,hotpotqa::sathish_kalathil::7956fc4cb9,False,True,1,lexical_influential_token,0.075,0.25,0.47619047619047616,0.0,0.22523809523809524,4,1,1.0
5a7aa0a55542990198eaf165,hotpotqa::veena_vaadanam::a0f38763ee,False,False,1,lexical_influential_token,0.23949505385137823,1.0,0.7166666666666667,0.0,0.6391313548738846,5,11,0.6
5a7aa0a55542990198eaf165,hotpotqa::house_of_capet::0be7b9f73d,False,False,1,lexical_influential_token,0.649519052838329,1.0,0.9272727272727272,0.0,0.8452621665898772,6,11,0.5
5a7aa0a55542990198eaf165,hotpotqa::heather_stevens::9c24f6730d,False,False,1,lexical_influential_token,0.6062177826491071,1.0,0.9454545454545454,0.0,0.831578022150552,7,11,0.4
5a7aa0a55542990198eaf165,hotpotqa::jacques_feyder::acb7c95bc4,False,True,1,lexical_influential_token,0.23284920012746446,1.0,0.8387096774193549,0.0,0.6608816155348568,8,3,0.8
5a7aa0a55542990198eaf165,hotpotqa::people_who_travel_(1938_german-language_film)::94e136401a,False,False,1,lexical_influential_token,0.47639255609364717,1.0,0.7714285714285715,0.0,0.7448427367231731,9,11,0.19999999999999996
5a7aa0a55542990198eaf165,hotpotqa::neva_carr_glyn::f693da4388,False,False,1,lexical_influential_token,0.4763139720814412,1.0,0.9310344827586207,0.0,0.7767324853843006,10,11,0.09999999999999998
5a7aa0a55542990198eaf165,hotpotqa::søren_kierkegaard::25180dc354,False,False,1,lexical_influential_token,0.08291561975888499,1.0,0.9493670886075949,0.0,0.623039665625073,11,5,0.6
5a7aa0a55542990198eaf165,hotpotqa::halldór_laxness::3021d96b14,False,False,1,lexical_influential_token,0.05,1.0,0.9285714285714286,0.0,0.6057142857142856,11,6,0.5
5a7aa0a55542990198eaf165,hotpotqa::l'atlantide_(1921_film)::5ebf0ad928,False,False,1,lexical_influential_token,0.606170327855116,1.0,0.5714285714285714,0.0,0.7567538454277607,11,7,0.4
5a7aa0a55542990198eaf165,hotpotqa::émilie_du_châtelet::7e0859c5ea,False,False,1,lexical_influential_token,0.248746859276655,1.0,0.8983050847457628,0.0,0.6791597606598145,11,8,0.30000000000000004
5a7aa0a55542990198eaf165,hotpotqa::carl_von_clausewitz::15df5bee56,False,False,1,lexical_influential_token,0.3112474899497183,1.0,0.9,0.0,0.7044989959798873,11,9,0.19999999999999996
5ae291bb5542996483e649f6,poison::lexical_influential_token::5ae291bb5542996483e649f6::0::2e6ac840dd,True,False,1,lexical_influential_token,0.0,0.0,1.0,0.0,0.2,1,1,1.0
5ae291bb5542996483e649f6,hotpotqa::premiere_(magazine)::300fd7849a,False,True,1,lexical_influential_token,0.021650635094610966,0.0,0.9285714285714286,0.0,0.1943745397521301,2,4,0.9
5ae291bb5542996483e649f6,hotpotqa::hachette_filipacchi_media_u.s.::c73f1bd736,False,False,1,lexical_influential_token,0.041457809879442496,0.0,0.8461538461538461,0.0,0.1858138931825462,3,3,0.8
5ae291bb5542996483e649f6,hotpotqa::car_and_driver::3c430d48b1,False,False,1,lexical_influential_token,0.09354143466934853,1.0,0.9047619047619048,0.0,0.6183689548201203,4,10,0.7
5ae291bb5542996483e649f6,hotpotqa::home_(magazine)::85c942b191,False,False,1,lexical_influential_token,0.10825317547305484,0.5,0.6666666666666667,0.0,0.3766346035225553,5,2,0.9
5ae291bb5542996483e649f6,hotpotqa::george_(magazine)::0faa98a7de,False,False,1,lexical_influential_token,0.12472827573505249,1.0,0.95,0.0,0.6398913102940209,6,9,0.5
5ae291bb5542996483e649f6,hotpotqa::metropolitan_home::8e69afc406,False,False,1,lexical_influential_token,0.16345871038277526,1.0,0.9333333333333333,0.0,0.6520501508197768,7,5,0.6
5ae291bb5542996483e649f6,hotpotqa::elle_decor::233ff1fb16,False,False,1,lexical_influential_token,0.0739509972887452,1.0,0.6,0.0,0.549580398915498,8,7,0.4
5ae291bb5542996483e649f6,hotpotqa::lagardère_group::1681fa00d0,False,False,1,lexical_influential_token,0.1389029025725781,1.0,0.9315068493150684,0.0,0.6418625308920449,9,11,0.19999999999999996
5ae291bb5542996483e649f6,hotpotqa::family_life_(wenner_media_magazine)::d7cd6173ac,False,False,1,lexical_influential_token,0.07905694150420949,1.0,0.9516129032258065,0.0,0.6219453572468451,10,8,0.30000000000000004
5ae291bb5542996483e649f6,hotpotqa::april_bernard::348c4792e0,False,True,1,lexical_influential_token,0.07905694150420949,1.0,0.9230769230769231,0.0,0.6162381612170684,11,6,0.5
5a74122f55429929fddd83da,poison::lexical_influential_token::5a74122f55429929fddd83da::0::36f5b52098,True,False,1,lexical_influential_token,0.035355339059327376,0.0,1.0,0.0,0.21414213562373097,1,1,1.0
5a74122f55429929fddd83da,hotpotqa::two_is_better_than_one::87ef2092f0,False,True,1,lexical_influential_token,0.025,0.0,0.5416666666666667,0.0,0.11833333333333336,2,2,0.9
5a74122f55429929fddd83da,hotpotqa::acapella_(karmin_song)::722f117e87,False,False,1,lexical_influential_token,0.19842733039124785,1.0,0.625,0.0,0.6043709321564992,3,11,0.8
5a74122f55429929fddd83da,hotpotqa::love_drunk::aac303b91c,False,True,1,lexical_influential_token,0.07865660924854931,0.25,0.6341463414634146,0.0,0.25829191199210266,4,3,0.8
5a74122f55429929fddd83da,hotpotqa::bad_for_me::93a02c2428,False,False,1,lexical_influential_token,0.07613687188886939,1.0,0.5882352941176471,0.0,0.5481018075790771,5,10,0.6
5a74122f55429929fddd83da,hotpotqa::heart_heart_heartbreak::bcfbba44d9,False,False,1,lexical_influential_token,0.09659258262890683,0.25,0.47058823529411764,0.0,0.23275468011038628,6,4,0.7
5a74122f55429929fddd83da,hotpotqa::love_drunk_(disambiguation)::230972ca97,False,False,1,lexical_influential_token,0.3247595264191645,1.0,0.0,0.0,0.5299038105676658,7,5,0.6
5a74122f55429929fddd83da,hotpotqa::boys_like_girls_(album)::3bed2ae424,False,False,1,lexical_influential_token,0.3140010241827735,1.0,0.0,0.0,0.5256004096731094,8,9,0.30000000000000004
5a74122f55429929fddd83da,hotpotqa::boys_like_girls::3a91123431,False,False,1,lexical_influential_token,0.3051638903933426,1.0,0.6774193548387097,0.0,0.657549427125079,9,7,0.4
5a74122f55429929fddd83da,hotpotqa::she_is_love_(parachute_song)::844c7f3d06,False,False,1,lexical_influential_token,0.45,1.0,0.8214285714285714,0.0,0.7442857142857143,10,11,0.09999999999999998
5a74122f55429929fddd83da,hotpotqa::love_drunk_(boys_like_girls_song)::c39d2dd0d2,False,False,1,lexical_influential_token,0.19120888467274266,1.0,0.6363636363636364,0.0,0.6037562811418243,11,6,0.5
5a74122f55429929fddd83da,hotpotqa::taylor_swift_(album)::8b436894fc,False,False,1,lexical_influential_token,0.26659960937292876,1.0,0.7547169811320755,0.0,0.6575832399755865,11,8,0.30000000000000004
5ab3a83d5542992ade7c6e08,poison::lexical_influential_token::5ab3a83d5542992ade7c6e08::0::1200039641,True,False,1,lexical_influential_token,0.0,0.0,1.0,0.0,0.2,1,1,1.0
5ab3a83d5542992ade7c6e08,hotpotqa::faith_goldy::ef1a097623,False,True,1,lexical_influential_token,0.021650635094610966,0.0,0.8055555555555556,0.0,0.1697713651489555,2,2,0.9
5ab3a83d5542992ade7c6e08,hotpotqa::fired_up_(tv_series)::0a1351f3f5,False,False,1,lexical_influential_token,0.49796460717605223,1.0,0.9333333333333333,0.0,0.7858525095370876,3,11,0.8
5ab3a83d5542992ade7c6e08,hotpotqa::mars_nederland::dfab2324a5,False,False,1,lexical_influential_token,0.85,1.0,0.9714285714285714,0.0,0.9342857142857144,4,11,0.7
5ab3a83d5542992ade7c6e08,hotpotqa::better_than_home::8e1596a1e1,False,False,1,lexical_influential_token,0.7365459931328118,1.0,0.9523809523809523,0.0,0.8850945877293152,5,11,0.6
5ab3a83d5542992ade7c6e08,"hotpotqa::move_over,_darling::ec20b4cf59",False,False,1,lexical_influential_token,0.649519052838329,1.0,0.92,0.0,0.8438076211353316,6,11,0.5
5ab3a83d5542992ade7c6e08,hotpotqa::list_of_metallica_concert_tours::abd1b9938b,False,False,1,lexical_influential_token,0.6062177826491071,1.0,0.9230769230769231,0.0,0.8271024976750274,7,11,0.4
5ab3a83d5542992ade7c6e08,hotpotqa::follow-the-sun::06a2017050,False,False,1,lexical_influential_token,0.65,1.0,0.8780487804878049,0.0,0.8356097560975609,8,11,0.30000000000000004
5ab3a83d5542992ade7c6e08,hotpotqa::newport_chemical_depot::588cb783fc,False,False,1,lexical_influential_token,0.7154544010627093,1.0,0.9347826086956522,0.0,0.8731382821642141,9,11,0.19999999999999996
5ab3a83d5542992ade7c6e08,hotpotqa::chronicle_(film)::9b1a9b7988,False,False,1,lexical_influential_token,0.55,1.0,0.7924528301886793,0.0,0.7784905660377358,10,11,0.09999999999999998
5ab3a83d5542992ade7c6e08,hotpotqa::the_daily_stormer::95c3c20e9e,False,True,1,lexical_influential_token,0.43785699720342486,0.5,0.7307692307692308,0.0,0.5212966450352161,11,3,0.8
5ab3a83d5542992ade7c6e08,hotpotqa::jessica_chastain_on_screen_and_stage::7e0fffa170,False,False,1,lexical_influential_token,0.21650635094610968,1.0,0.5,0.0,0.5866025403784438,11,4,0.7
5ab3a83d5542992ade7c6e08,hotpotqa::jessica_chastain::84e41c7971,False,False,1,lexical_influential_token,0.6557438524302001,1.0,0.41509433962264153,0.0,0.7453164088966083,11,5,0.6
5ab3a83d5542992ade7c6e08,hotpotqa::trish_lake::0b7a9e91d5,False,False,1,lexical_influential_token,0.05,1.0,0.8533333333333333,0.0,0.5906666666666667,11,6,0.5
5ab3a83d5542992ade7c6e08,hotpotqa::rosie_o'donnell::b1c115c034,False,False,1,lexical_influential_token,0.5717298313014636,1.0,0.7037037037037037,0.0,0.7694326732613261,11,7,0.4
5ab3a83d5542992ade7c6e08,hotpotqa::sara_poulsen::054d7b1a22,False,False,1,lexical_influential_token,0.4636809247747852,1.0,0.8055555555555556,0.0,0.7465834810210252,11,8,0.30000000000000004
5ab3a83d5542992ade7c6e08,hotpotqa::rihanna::52b9d13362,False,False,1,lexical_influential_token,0.43229041164476456,1.0,0.7704918032786885,0.0,0.7270145253136435,11,9,0.19999999999999996
5ab3a83d5542992ade7c6e08,hotpotqa::supergirl_(tv_series)::cf04fab586,False,False,1,lexical_influential_token,0.4716990566028302,1.0,0.7333333333333334,0.0,0.7353462893077987,11,10,0.09999999999999998
5abc219655429959677d6a1d,poison::lexical_influential_token::5abc219655429959677d6a1d::0::d7d2b2a21a,True,False,1,lexical_influential_token,0.2841021983359824,0.5,1.0,0.0,0.513640879334393,1,2,1.0
5abc219655429959677d6a1d,hotpotqa::comic_book::f0eeba8c65,False,False,1,lexical_influential_token,0.18507810593582122,0.75,0.8356164383561644,0.0,0.5411545300455614,2,5,0.9
5abc219655429959677d6a1d,hotpotqa::spawn_(comics)::409ae93770,False,False,1,lexical_influential_token,0.3228286557382775,1.0,0.8571428571428572,0.0,0.7005600337238824,3,11,0.8
5abc219655429959677d6a1d,hotpotqa::metropolis_collectibles::018963a7cd,False,False,1,lexical_influential_token,0.07755233453210572,1.0,0.8723404255319149,0.0,0.6054890189192252,4,11,0.7
5abc219655429959677d6a1d,hotpotqa::star_crossed_(comics)::73d1629bd3,False,False,1,lexical_influential_token,0.20365338232662392,0.75,0.851063829787234,0.0,0.5516741188880964,5,3,0.8
5abc219655429959677d6a1d,hotpotqa::theologus_autodidactus::aa2cec42b8,False,False,1,lexical_influential_token,0.649519052838329,1.0,0.8333333333333334,0.0,0.8264742878019982,6,11,0.5
5abc219655429959677d6a1d,hotpotqa::comic_book_convention::40e04d0659,False,False,1,lexical_influential_token,0.5408326913195984,1.0,0.7962962962962963,0.0,0.7755923357870986,7,11,0.4
5abc219655429959677d6a1d,hotpotqa::nick_fury_vs._s.h.i.e.l.d.::132ef9d795,False,False,1,lexical_influential_token,0.30645825622994255,1.0,0.7027027027027026,0.0,0.6631238430325175,8,11,0.30000000000000004
5abc219655429959677d6a1d,hotpotqa::will_jacobs::3a21c8b19c,False,False,1,lexical_influential_token,0.4620028098325718,1.0,0.7631578947368421,0.0,0.7374327028803972,9,11,0.19999999999999996
5abc219655429959677d6a1d,"hotpotqa::nick_fury,_agent_of_s.h.i.e.l.d._(feature)::2f3cfae14b",False,False,1,lexical_influential_token,0.6800735254367722,1.0,0.7272727272727273,0.0,0.8174839556292544,10,11,0.09999999999999998
5abc219655429959677d6a1d,hotpotqa::crossed_(comics)::a28200882d,False,True,1,lexical_influential_token,0.2741382585536629,1.0,0.8421052631578947,0.0,0.6780763560530441,11,1,1.0
5abc219655429959677d6a1d,hotpotqa::glenn_greenberg::e6cfee8cb5,False,False,1,lexical_influential_token,0.23020367076121126,1.0,0.75,0.0,0.6420814683044844,11,4,0.7
5abc219655429959677d6a1d,hotpotqa::garth_ennis::77c04159fb,False,True,1,lexical_influential_token,0.19202864369671518,1.0,0.7222222222222222,0.0,0.6212559019231305,11,6,0.5
5abc219655429959677d6a1d,hotpotqa::nick_fury_(2017_comic_book)::1890aa6c90,False,False,1,lexical_influential_token,0.18580551000516055,1.0,0.5555555555555556,0.0,0.5854333151131753,11,7,0.4
5abc219655429959677d6a1d,hotpotqa::the_physics_of_superheroes::8c71e24e81,False,False,1,lexical_influential_token,0.4165291377367589,1.0,0.819672131147541,0.0,0.7305460813242117,11,8,0.30000000000000004
5abc219655429959677d6a1d,hotpotqa::wolverine/nick_fury:_the_scorpio_connection::76a5f3c691,False,False,1,lexical_influential_token,0.0,1.0,0.7647058823529411,0.0,0.5529411764705883,11,9,0.19999999999999996
5abc219655429959677d6a1d,hotpotqa::splitting_image::5d61318adc,False,False,1,lexical_influential_token,0.17853571071357127,1.0,0.7346938775510203,0.0,0.6183530597956326,11,10,0.09999999999999998
5a7f1d3c5542993067513639,poison::lexical_influential_token::5a7f1d3c5542993067513639::0::277fd51bed,True,False,1,lexical_influential_token,0.0,0.0,1.0,0.0,0.2,1,1,1.0
5a7f1d3c5542993067513639,hotpotqa::mercuria_energy_group::5f23b597e6,False,True,1,lexical_influential_token,0.0,0.0,0.7058823529411764,0.0,0.1411764705882353,2,2,0.9
5a7f1d3c5542993067513639,hotpotqa::source_uk_services::7c46fdd7fe,False,False,1,lexical_influential_token,0.1384329796997689,0.25,0.8,0.0,0.31537319187990753,3,4,0.8
5a7f1d3c5542993067513639,hotpotqa::douglas_cliggott::55d4c8409a,False,False,1,lexical_influential_token,0.21690687699227731,1.0,0.8536585365853658,0.0,0.6574944581139841,4,11,0.7
5a7f1d3c5542993067513639,hotpotqa::2000s_commodities_boom::86ad5ec067,False,False,1,lexical_influential_token,0.13518824085832465,1.0,0.8840579710144928,0.0,0.6308868905462284,5,9,0.6
5a7f1d3c5542993067513639,hotpotqa::j._p._morgan_jr.::14e14238b7,False,False,1,lexical_influential_token,0.38599676998874394,1.0,0.8095238095238095,0.0,0.7163034699002595,6,7,0.5
5a7f1d3c5542993067513639,hotpotqa::claude_wilfrid_etoka::45f4c886e7,False,True,1,lexical_influential_token,0.26920358826343527,1.0,0.8405797101449275,0.0,0.6757973773343596,7,8,0.4
5a7f1d3c5542993067513639,hotpotqa::hess_corporation::8f839f25f8,False,False,1,lexical_influential_token,0.1389029025725781,0.5,0.8023255813953488,0.0,0.41602627730810104,8,6,0.5
5a7f1d3c5542993067513639,hotpotqa::bank_pool_loan::6332a92c5e,False,False,1,lexical_influential_token,0.4898979485566356,1.0,0.8448275862068966,0.0,0.7649246966640335,9,11,0.19999999999999996
5a7f1d3c5542993067513639,hotpotqa::semgroup::8a6b477aa5,False,False,1,lexical_influential_token,0.3339801773577069,0.75,0.6976744186046512,0.0,0.573126954664013,10,3,0.8
5a7f1d3c5542993067513639,hotpotqa::esso_australia::150e96af24,False,False,1,lexical_influential_token,0.25186169000543707,1.0,0.8260869565217391,0.0,0.6659620673065227,11,5,0.6
5a7f1d3c5542993067513639,hotpotqa::koch_family::c2e2ea36e7,False,False,1,lexical_influential_token,0.31854143466934853,1.0,0.75,0.0,0.6774165738677393,11,10,0.09999999999999998
5ae3c71f5542991a06ce9a22,poison::lexical_influential_token::5ae3c71f5542991a06ce9a22::0::c301f4dbba,True,False,1,lexical_influential_token,0.0,0.0,1.0,0.0,0.2,1,2,1.0
5ae3c71f5542991a06ce9a22,"hotpotqa::mesopotamia,_argentina::c7152dba31",False,True,1,lexical_influential_token,0.1664213562373095,0.75,0.8666666666666667,0.0,0.5399018758282572,2,3,0.9
5ae3c71f5542991a06ce9a22,hotpotqa::national_route_12_(argentina)::6497c2c4c2,False,False,1,lexical_influential_token,0.08623724356957946,0.25,0.9166666666666666,0.0,0.3178282307611651,3,4,0.8
5ae3c71f5542991a06ce9a22,hotpotqa::predelta_national_park::6445cc0ad8,False,True,1,lexical_influential_token,0.04330127018922193,0.0,0.8717948717948718,0.0,0.19167948243466312,4,1,1.0
5ae3c71f5542991a06ce9a22,hotpotqa::republic_of_entre_ríos::22bc223b21,False,False,1,lexical_influential_token,0.10231690964840563,0.75,0.9090909090909091,0.0,0.522744945677544,5,5,0.6
5ae3c71f5542991a06ce9a22,hotpotqa::uruguay_river::64d90f5d64,False,False,1,lexical_influential_token,0.06123724356957945,1.0,0.775,0.0,0.5794948974278318,6,7,0.5
5ae3c71f5542991a06ce9a22,hotpotqa::battle_of_caaguazú::a81af98d53,False,False,1,lexical_influential_token,0.28360201081971503,1.0,0.8888888888888888,0.0,0.6912185821056638,7,11,0.4
5ae3c71f5542991a06ce9a22,hotpotqa::quadrilateral_treaty::67bb2d40d4,False,False,1,lexical_influential_token,0.07681314893876987,1.0,0.7560975609756098,0.0,0.5819447717706299,8,11,0.30000000000000004
5ae3c71f5542991a06ce9a22,"hotpotqa::argentine_provincial_elections,_2015::0aa75818dd",False,False,1,lexical_influential_token,0.15718168992852566,1.0,0.8157894736842105,0.0,0.6260305707082524,9,10,0.19999999999999996
5ae3c71f5542991a06ce9a22,hotpotqa::santa_fe_province::1d314cbecb,False,False,1,lexical_influential_token,0.1293010054098575,1.0,0.6785714285714286,0.0,0.5874346878782287,10,6,0.5
5ae3c71f5542991a06ce9a22,hotpotqa::andes::e0bd9a37eb,False,False,1,lexical_influential_token,0.1299038105676658,1.0,0.8809523809523809,0.0,0.6281520004175425,11,8,0.30000000000000004
5ae3c71f5542991a06ce9a22,hotpotqa::lunda_norte_province::94e108ff27,False,False,1,lexical_influential_token,0.08660254037844387,1.0,0.9230769230769231,0.0,0.6192564007667622,11,9,0.19999999999999996
5ade7a435542997c77adee3a,poison::lexical_influential_token::5ade7a435542997c77adee3a::0::5cbc3b7f1f,True,False,1,lexical_influential_token,0.06310844497405346,0.0,0.7142857142857143,0.0,0.16810052084676425,1,1,1.0
5ade7a435542997c77adee3a,hotpotqa::mountbatten-windsor::277136ba41,False,True,1,lexical_influential_token,0.04330127018922193,0.0,0.7894736842105263,0.0,0.17521524491779403,2,2,0.9
5ade7a435542997c77adee3a,hotpotqa::list_of_members_of_the_house_of_windsor::6882190056,False,False,1,lexical_influential_token,0.04665063509461097,0.0,0.75,0.0,0.1686602540378444,3,4,0.8
5ade7a435542997c77adee3a,hotpotqa::duke_of_leuchtenberg::697d911e11,False,False,1,lexical_influential_token,0.1451695547942804,1.0,0.8,0.0,0.6180678219177121,4,10,0.7
5ade7a435542997c77adee3a,hotpotqa::batonishvili::958b11c798,False,False,1,lexical_influential_token,0.15871820387502825,1.0,0.9189189189189189,0.0,0.6472710653337951,5,9,0.6
5ade7a435542997c77adee3a,hotpotqa::line_of_succession_to_the_former_egyptian_throne::ea05da6501,False,False,1,lexical_influential_token,0.3832531754730549,1.0,0.8666666666666667,0.0,0.7266346035225553,6,11,0.5
5ade7a435542997c77adee3a,hotpotqa::cadet_branch::52eb7d4ab9,False,False,1,lexical_influential_token,0.35961328095950534,1.0,0.8378378378378378,0.0,0.7114128799513697,7,6,0.5
5ade7a435542997c77adee3a,hotpotqa::capetian_dynasty::43764bff16,False,False,1,lexical_influential_token,0.2318404623873926,1.0,0.8387096774193549,0.0,0.6604781204388279,8,5,0.6
5ade7a435542997c77adee3a,hotpotqa::house_of_capet::0be7b9f73d,False,False,1,lexical_influential_token,0.17976451810302993,1.0,0.62,0.0,0.595905807241212,9,7,0.4
5ade7a435542997c77adee3a,hotpotqa::zulu_royal_family::dadeb5b9e5,False,False,1,lexical_influential_token,0.1299038105676658,1.0,0.8604651162790697,0.0,0.6240545474828803,10,8,0.30000000000000004
5ade7a435542997c77adee3a,hotpotqa::mountbatten_family::dcd78eec19,False,True,1,lexical_influential_token,0.1690234616265059,1.0,0.7837837837837838,0.0,0.6243661414073591,11,3,0.8
5a80ecea55429938b6142254,poison::lexical_influential_token::5a80ecea55429938b6142254::0::5d0da58902,True,False,1,lexical_influential_token,0.1389029025725781,0.25,1.0,0.0,0.35556116102903124,1,2,1.0
5a80ecea55429938b6142254,hotpotqa::yoo_in-na::70c2edba21,False,True,1,lexical_influential_token,0.13931559203757954,0.25,0.7435897435897436,0.0,0.3044441855329805,2,5,0.9
5a80ecea55429938b6142254,hotpotqa::my_secret_hotel::adbf4e40a6,False,True,1,lexical_influential_token,0.3897114317029974,0.75,0.631578947368421,0.0,0.5822003621548831,3,1,1.0
5a80ecea55429938b6142254,hotpotqa::the_secret_of_my_love::0417951616,False,False,1,lexical_influential_token,0.3415415569072246,0.75,0.6666666666666667,0.0,0.5699499560962231,4,3,0.8
5a80ecea55429938b6142254,hotpotqa::bang_eun-hee::d38853da1b,False,False,1,lexical_influential_token,0.4006293559230447,1.0,0.8444444444444444,0.0,0.7291406312581068,5,9,0.6
5a80ecea55429938b6142254,hotpotqa::yoo_ah-in::4d4e8c4c8f,False,False,1,lexical_influential_token,0.3792457632134229,1.0,0.7352941176470589,0.0,0.6987571288147809,6,11,0.5
5a80ecea55429938b6142254,hotpotqa::detective_k:_secret_of_the_virtuous_widow::9181223ee9,False,False,1,lexical_influential_token,0.2639513767522109,1.0,0.8666666666666667,0.0,0.6789138840342177,7,11,0.4
5a80ecea55429938b6142254,hotpotqa::nice_githinji::05566be604,False,False,1,lexical_influential_token,0.6041522986797286,1.0,0.8333333333333334,0.0,0.8083275861385582,8,11,0.30000000000000004
5a80ecea55429938b6142254,hotpotqa::secret_love_(tv_series)::664d1ad6af,False,False,1,lexical_influential_token,0.3012654310147741,1.0,0.5263157894736843,0.0,0.6257693303006465,9,4,0.7
5a80ecea55429938b6142254,"hotpotqa::my_boss,_my_teacher::aa1cec8180",False,False,1,lexical_influential_token,0.329047197131251,1.0,0.9090909090909091,0.0,0.7134370606706822,10,11,0.09999999999999998
5a80ecea55429938b6142254,hotpotqa::kim_ji-han::727bde4473,False,False,1,lexical_influential_token,0.42755708280309024,0.75,0.6037735849056604,0.0,0.5917775501023682,11,6,0.5
5a80ecea55429938b6142254,hotpotqa::kim_hyang-gi::de6bb9fca7,False,False,1,lexical_influential_token,0.2397729542831507,1.0,0.4545454545454546,0.0,0.5868182726223512,11,7,0.4
5a80ecea55429938b6142254,hotpotqa::park_myeong-su::46e5682bae,False,False,1,lexical_influential_token,0.4238821434238216,1.0,0.8333333333333334,0.0,0.7362195240361953,11,8,0.30000000000000004
5a80ecea55429938b6142254,hotpotqa::han_sun-hwa::71f196786b,False,False,1,lexical_influential_token,0.35318131542797143,1.0,0.78,0.0,0.6972725261711885,11,10,0.09999999999999998
5ae7cea355429952e35ea9c1,poison::lexical_influential_token::5ae7cea355429952e35ea9c1::0::00a400c34a,True,False,1,lexical_influential_token,0.021650635094610966,0.0,1.0,0.0,0.20866025403784438,1,1,1.0
5ae7cea355429952e35ea9c1,hotpotqa::easy_(tv_series)::f697ef3559,False,True,1,lexical_influential_token,0.25716868111232066,1.0,0.7058823529411764,0.0,0.6440439430331636,2,7,0.9
5ae7cea355429952e35ea9c1,hotpotqa::travelers_(tv_series)::0f29fed051,False,False,1,lexical_influential_token,0.06035533905932738,0.0,0.75,0.0,0.17414213562373096,3,3,0.8
5ae7cea355429952e35ea9c1,hotpotqa::list_of_knights_of_sidonia_episodes::52ba975132,False,False,1,lexical_influential_token,0.46029881598804917,1.0,0.7931034482758621,0.0,0.7427402160503921,4,11,0.7
5ae7cea355429952e35ea9c1,hotpotqa::bloodline_(tv_series)::bf01078750,False,False,1,lexical_influential_token,0.09735950931693724,0.0,0.625,0.0,0.16394380372677492,5,5,0.6
5ae7cea355429952e35ea9c1,hotpotqa::list_of_heroes_episodes::7b8827dd8c,False,False,1,lexical_influential_token,0.3897114317029974,1.0,0.7954545454545454,0.0,0.714975481772108,6,11,0.5
5ae7cea355429952e35ea9c1,hotpotqa::alyas_robin_hood::b2df85b751,False,False,1,lexical_influential_token,0.5011461352964892,1.0,0.75,0.0,0.7504584541185957,7,10,0.4
5ae7cea355429952e35ea9c1,hotpotqa::k9_(doctor_who)::452a507456,False,False,1,lexical_influential_token,0.562916512459885,1.0,0.8977272727272727,0.0,0.8047120595294086,8,11,0.30000000000000004
5ae7cea355429952e35ea9c1,hotpotqa::boy_meets_world_(season_2)::699de9bb55,False,False,1,lexical_influential_token,0.5196152422706632,1.0,0.813953488372093,0.0,0.770636794582684,9,11,0.19999999999999996
5ae7cea355429952e35ea9c1,hotpotqa::dice_(tv_series)::c1aa9ead60,False,False,1,lexical_influential_token,0.22284244007920603,0.5,0.6341463414634146,0.0,0.41596624432436535,10,4,0.7
5ae7cea355429952e35ea9c1,hotpotqa::son_of_zorn::8e07173864,False,False,1,lexical_influential_token,0.31899626418560956,1.0,0.8214285714285714,0.0,0.6918842199599581,11,2,0.9
5ae7cea355429952e35ea9c1,hotpotqa::drake_&amp;_josh::014ddba694,False,False,1,lexical_influential_token,0.4153311931459037,1.0,0.8571428571428572,0.0,0.7375610486869328,11,6,0.5
5ae7cea355429952e35ea9c1,hotpotqa::list_of_alyas_robin_hood_episodes::fb1c56bb99,False,False,1,lexical_influential_token,0.16160254037844385,1.0,0.7714285714285715,0.0,0.6189267304370919,11,8,0.30000000000000004
5ae7cea355429952e35ea9c1,hotpotqa::nerdland::402c721609,False,False,1,lexical_influential_token,0.1118033988749895,1.0,0.7317073170731707,0.0,0.59106282296463,11,9,0.19999999999999996
