query_id,doc_id,is_poison,is_gold,n_poison,attack_family,rank_instability,retriever_disagreement,unsupported,claim_conflict,suspicion
5abc19705542993a06baf86e,poison::semantic_fluent_false_evidence::5abc19705542993a06baf86e::2::cf0db46309,True,False,5,semantic_fluent_false_evidence,0.04665063509461097,0.0,0.5454545454545454,0.0,0.12775116312875348
5abc19705542993a06baf86e,poison::semantic_fluent_false_evidence::5abc19705542993a06baf86e::0::eb8f190464,True,False,5,semantic_fluent_false_evidence,0.05590169943749475,0.0,0.5862068965517242,0.0,0.13960205908534273
5abc19705542993a06baf86e,poison::semantic_fluent_false_evidence::5abc19705542993a06baf86e::3::8cae972f89,True,False,5,semantic_fluent_false_evidence,0.06310844497405346,0.0,0.30000000000000004,0.0,0.0852433779896214
5abc19705542993a06baf86e,poison::semantic_fluent_false_evidence::5abc19705542993a06baf86e::1::917d4dc3ca,True,False,5,semantic_fluent_false_evidence,0.08090169943749476,0.25,0.6285714285714286,0.0,0.2580749654892836
5abc19705542993a06baf86e,poison::semantic_fluent_false_evidence::5abc19705542993a06baf86e::4::3966d20995,True,False,5,semantic_fluent_false_evidence,0.035355339059327376,1.0,0.6666666666666667,0.0,0.5474754689570643
5abc19705542993a06baf86e,hotpotqa::black_power:_the_politics_of_liberation::472221cf0a,False,False,5,semantic_fluent_false_evidence,0.38458141361856035,1.0,0.868421052631579,0.0,0.72751677597374
5abc19705542993a06baf86e,hotpotqa::black_book_(world_war_ii)::bd1f64eb22,False,False,5,semantic_fluent_false_evidence,0.32943934874571185,1.0,0.8823529411764706,0.0,0.7082463277335789
5abc19705542993a06baf86e,hotpotqa::yazidi_book_of_revelation::f76b639e3e,False,False,5,semantic_fluent_false_evidence,0.5539629951540085,1.0,0.967741935483871,0.0,0.8151335851583775
5abc19705542993a06baf86e,hotpotqa::black_book_(novel)::8824a6c33a,False,False,5,semantic_fluent_false_evidence,0.2598076211353316,1.0,0.6,0.0,0.6239230484541326
5abc19705542993a06baf86e,hotpotqa::american_nerd::4a53da93a1,False,False,5,semantic_fluent_false_evidence,0.4763139720814412,1.0,0.90625,0.0,0.7717755888325766
5abc19705542993a06baf86e,hotpotqa::black_book_(film)::a2f2dbee18,False,True,5,semantic_fluent_false_evidence,0.05,1.0,0.8888888888888888,0.0,0.5977777777777777
5abc19705542993a06baf86e,hotpotqa::list_of_black_books_characters::2faacb9695,False,False,5,semantic_fluent_false_evidence,0.0,1.0,0.9384615384615385,0.0,0.5876923076923077
5abc19705542993a06baf86e,hotpotqa::the_great_gilly_hopkins_(film)::32bd2ba089,False,False,5,semantic_fluent_false_evidence,0.38405728739343037,1.0,0.8205128205128205,0.0,0.7177254790599362
5abc19705542993a06baf86e,hotpotqa::hotel_mumbai::18c6f91e32,False,False,5,semantic_fluent_false_evidence,0.4866980583482946,1.0,0.8571428571428572,0.0,0.7661077947678893
5ab985eb554299131ca42360,poison::semantic_fluent_false_evidence::5ab985eb554299131ca42360::4::23cc2571d1,True,False,5,semantic_fluent_false_evidence,0.41614398104609845,0.25,0.45833333333333337,0.0,0.35812425908510603
5ab985eb554299131ca42360,poison::semantic_fluent_false_evidence::5ab985eb554299131ca42360::1::59ab2c9f7f,True,False,5,semantic_fluent_false_evidence,0.2462214450449026,0.25,0.4516129032258065,0.0,0.28881115866312235
5ab985eb554299131ca42360,poison::semantic_fluent_false_evidence::5ab985eb554299131ca42360::3::270a92716f,True,False,5,semantic_fluent_false_evidence,0.04330127018922193,0.0,0.4117647058823529,0.0,0.09967344925215935
5ab985eb554299131ca42360,hotpotqa::greyia::a38f9aa0ec,False,True,5,semantic_fluent_false_evidence,0.2407670035532278,1.0,0.5,0.0,0.5963068014212911
5ab985eb554299131ca42360,poison::semantic_fluent_false_evidence::5ab985eb554299131ca42360::0::b593301f8f,True,False,5,semantic_fluent_false_evidence,0.31692695630078277,0.25,0.23809523809523814,0.0,0.27438983013936075
5ab985eb554299131ca42360,hotpotqa::calyptocephalellidae::c3bfc1b8ec,False,False,5,semantic_fluent_false_evidence,0.649519052838329,1.0,0.8709677419354839,0.0,0.8340011695224284
5ab985eb554299131ca42360,hotpotqa::ceratozamia::642f6b94c4,False,False,5,semantic_fluent_false_evidence,0.6339361166552984,1.0,0.8717948717948718,0.0,0.8279334210210937
5ab985eb554299131ca42360,hotpotqa::pachyornis::3950ab7306,False,False,5,semantic_fluent_false_evidence,0.5539629951540085,1.0,0.967741935483871,0.0,0.8151335851583775
5ab985eb554299131ca42360,hotpotqa::leptofoenus::2d6ca08721,False,False,5,semantic_fluent_false_evidence,0.5545268253204709,1.0,0.925,0.0,0.8068107301281884
5ab985eb554299131ca42360,poison::semantic_fluent_false_evidence::5ab985eb554299131ca42360::2::2a818bbbca,True,False,5,semantic_fluent_false_evidence,0.3700437955818153,0.75,0.5806451612903225,0.0,0.5641465504907905
5ab985eb554299131ca42360,hotpotqa::calibanus::5fda1c2cfd,False,True,5,semantic_fluent_false_evidence,0.33048260166005716,1.0,0.8888888888888888,0.0,0.7099708184418005
5ab985eb554299131ca42360,hotpotqa::pieris_(plant)::ee66a740bf,False,False,5,semantic_fluent_false_evidence,0.0,1.0,0.9076923076923077,0.0,0.5815384615384616
5ab985eb554299131ca42360,hotpotqa::kermode_bear::3e32eb4803,False,False,5,semantic_fluent_false_evidence,0.04330127018922193,1.0,0.9821428571428571,0.0,0.6137490795042602
5ab985eb554299131ca42360,hotpotqa::sonerila::bfbad8cd9a,False,False,5,semantic_fluent_false_evidence,0.04330127018922193,1.0,0.8076923076923077,0.0,0.5788589696141504
5ae129115542990adbacf722,poison::semantic_fluent_false_evidence::5ae129115542990adbacf722::4::b9b7abc913,True,False,5,semantic_fluent_false_evidence,0.04330127018922193,1.0,0.46875,0.0,0.5110705080756888
5ae129115542990adbacf722,poison::semantic_fluent_false_evidence::5ae129115542990adbacf722::2::f2ef173ee7,True,False,5,semantic_fluent_false_evidence,0.0,0.0,0.4516129032258065,0.0,0.0903225806451613
5ae129115542990adbacf722,poison::semantic_fluent_false_evidence::5ae129115542990adbacf722::0::39319fdecf,True,False,5,semantic_fluent_false_evidence,0.07865660924854931,0.0,0.45833333333333337,0.0,0.12312931036608639
5ae129115542990adbacf722,poison::semantic_fluent_false_evidence::5ae129115542990adbacf722::3::b145fc162b,True,False,5,semantic_fluent_false_evidence,0.04330127018922193,0.0,0.575,0.0,0.13232050807568876
5ae129115542990adbacf722,poison::semantic_fluent_false_evidence::5ae129115542990adbacf722::1::f4aa4848ba,True,False,5,semantic_fluent_false_evidence,0.04330127018922193,0.0,0.6590909090909092,0.0,0.1491386898938706
5ae129115542990adbacf722,hotpotqa::brown_eyes_(band)::a2b277ea78,False,False,5,semantic_fluent_false_evidence,0.5004759495791329,1.0,0.7857142857142857,0.0,0.7573332369745103
5ae129115542990adbacf722,hotpotqa::a_pair_of_brown_eyes::f9e19bb331,False,True,5,semantic_fluent_false_evidence,0.05700597415393834,1.0,0.8787878787878788,0.0,0.5985599654191511
5ae129115542990adbacf722,hotpotqa::caramel_(city_high_song)::d528d03b75,False,False,5,semantic_fluent_false_evidence,0.05,1.0,0.7647058823529411,0.0,0.5729411764705883
5ae129115542990adbacf722,hotpotqa::huillolluni::e143905aa5,False,False,5,semantic_fluent_false_evidence,0.5196152422706632,1.0,1.0,0.0,0.8078460969082653
5ae129115542990adbacf722,hotpotqa::the_wild_pony::ae27c94298,False,False,5,semantic_fluent_false_evidence,0.44930501889028573,1.0,0.9545454545454546,0.0,0.7706310984652053
5ae129115542990adbacf722,hotpotqa::beautiful_brown_eyes::0309a4a305,False,False,5,semantic_fluent_false_evidence,0.08291561975888499,1.0,0.9230769230769231,0.0,0.6177816325189387
5ae129115542990adbacf722,hotpotqa::a_spanner_in_the_works::584be53a03,False,False,5,semantic_fluent_false_evidence,0.07071067811865475,1.0,0.8431372549019608,0.0,0.596911722227854
5ae129115542990adbacf722,hotpotqa::wild_mountain_thyme::f487def6e1,False,True,5,semantic_fluent_false_evidence,0.23307918133889113,1.0,0.7272727272727273,0.0,0.638686217990102
5ae129115542990adbacf722,hotpotqa::brown_eyes_(song)::ccc4bfec91,False,False,5,semantic_fluent_false_evidence,0.04330127018922193,1.0,0.8333333333333334,0.0,0.5839871747423555
5ac19f405542991316484b5b,poison::semantic_fluent_false_evidence::5ac19f405542991316484b5b::2::6e11b10e2b,True,False,5,semantic_fluent_false_evidence,0.0,0.0,0.59375,0.0,0.11875
5ac19f405542991316484b5b,poison::semantic_fluent_false_evidence::5ac19f405542991316484b5b::0::fec924c5da,True,False,5,semantic_fluent_false_evidence,0.021650635094610966,0.0,0.0,0.0,0.008660254037844387
5ac19f405542991316484b5b,poison::semantic_fluent_false_evidence::5ac19f405542991316484b5b::4::9fb913679e,True,False,5,semantic_fluent_false_evidence,0.021650635094610966,0.0,0.14814814814814814,0.0,0.03828988366747401
5ac19f405542991316484b5b,poison::semantic_fluent_false_evidence::5ac19f405542991316484b5b::3::9ee831bc20,True,False,5,semantic_fluent_false_evidence,0.0,0.0,0.07692307692307687,0.0,0.015384615384615375
5ac19f405542991316484b5b,poison::semantic_fluent_false_evidence::5ac19f405542991316484b5b::1::69edd313ed,True,False,5,semantic_fluent_false_evidence,0.0,0.0,0.4545454545454546,0.0,0.09090909090909091
5ac19f405542991316484b5b,hotpotqa::berger_blanc_suisse::c0e14e997c,False,True,5,semantic_fluent_false_evidence,0.0,1.0,0.7619047619047619,0.0,0.5523809523809524
5ac19f405542991316484b5b,hotpotqa::piranha:_wolf_in_the_water::6545f34bd7,False,False,5,semantic_fluent_false_evidence,0.6062177826491071,1.0,1.0,0.0,0.842487113059643
5ac19f405542991316484b5b,hotpotqa::tentacle::9e66be657a,False,False,5,semantic_fluent_false_evidence,0.5539629951540085,1.0,0.98,0.0,0.8175851980616035
5ac19f405542991316484b5b,hotpotqa::on_the_soul::b20010dda8,False,False,5,semantic_fluent_false_evidence,0.6082762530298219,1.0,1.0,0.0,0.8433105012119289
5ac19f405542991316484b5b,hotpotqa::pandikona::f83d670016,False,True,5,semantic_fluent_false_evidence,0.10606601717798211,1.0,0.9333333333333333,0.0,0.6290930735378595
5ac19f405542991316484b5b,hotpotqa::coeloplana_fishelsoni::3392be2ca4,False,False,5,semantic_fluent_false_evidence,0.08291561975888499,1.0,1.0,0.0,0.633166247903554
5ac19f405542991316484b5b,hotpotqa::north_atlantic_right_whale::d4c5946ae3,False,False,5,semantic_fluent_false_evidence,0.05,1.0,0.9787234042553191,0.0,0.6157446808510638
5ac19f405542991316484b5b,hotpotqa::dogo_argentino::a9f5e395dd,False,False,5,semantic_fluent_false_evidence,0.04330127018922193,1.0,0.8888888888888888,0.0,0.5950982858534666
5adcbb815542994ed6169bde,poison::semantic_fluent_false_evidence::5adcbb815542994ed6169bde::3::d3c1545488,True,False,5,semantic_fluent_false_evidence,0.04330127018922193,0.0,0.45833333333333337,0.0,0.10898717474235545
5adcbb815542994ed6169bde,hotpotqa::beer_wars::99727350c8,False,True,5,semantic_fluent_false_evidence,0.08291561975888499,1.0,0.7714285714285715,0.0,0.5874519621892682
5adcbb815542994ed6169bde,poison::semantic_fluent_false_evidence::5adcbb815542994ed6169bde::2::889893d81b,True,False,5,semantic_fluent_false_evidence,0.12621688994810693,0.25,0.33333333333333337,0.0,0.21715342264590945
5adcbb815542994ed6169bde,poison::semantic_fluent_false_evidence::5adcbb815542994ed6169bde::0::aeada7ae5b,True,False,5,semantic_fluent_false_evidence,0.041457809879442496,0.25,0.4444444444444444,0.0,0.20547201284066588
5adcbb815542994ed6169bde,hotpotqa::microbrewery::2a6c638203,False,False,5,semantic_fluent_false_evidence,0.1493734296383275,1.0,0.7058823529411764,0.0,0.6009258424435663
5adcbb815542994ed6169bde,poison::semantic_fluent_false_evidence::5adcbb815542994ed6169bde::1::ba0c7c29f3,True,False,5,semantic_fluent_false_evidence,0.12621688994810693,0.25,0.26315789473684215,0.0,0.2031183349266112
5adcbb815542994ed6169bde,poison::semantic_fluent_false_evidence::5adcbb815542994ed6169bde::4::813ddc1cb2,True,False,5,semantic_fluent_false_evidence,0.11388041973930374,0.25,0.5,0.0,0.24555216789572148
5adcbb815542994ed6169bde,hotpotqa::stone_brewing_co.::b5607ad58a,False,True,5,semantic_fluent_false_evidence,0.1274754878398196,1.0,0.8,0.0,0.6109901951359278
5adcbb815542994ed6169bde,hotpotqa::list_of_microbreweries::ada2fed5ea,False,False,5,semantic_fluent_false_evidence,0.07613687188886939,1.0,0.8676470588235294,0.0,0.6039841605202536
5adcbb815542994ed6169bde,hotpotqa::brouwerij_'t_ij::758d7f6b81,False,False,5,semantic_fluent_false_evidence,0.08291561975888499,1.0,0.9473684210526316,0.0,0.6226399321140803
5adcbb815542994ed6169bde,hotpotqa::list_of_breweries_in_california::67a71a4e8b,False,False,5,semantic_fluent_false_evidence,0.22303724397193572,1.0,0.896551724137931,0.0,0.6685252424163605
5ae12a4b55429920d52342df,hotpotqa::baraki_barak_district::c81e73110c,False,True,5,semantic_fluent_false_evidence,0.025,0.0,0.7142857142857143,0.0,0.15285714285714286
5ae12a4b55429920d52342df,poison::semantic_fluent_false_evidence::5ae12a4b55429920d52342df::3::ed5e08a91d,True,False,5,semantic_fluent_false_evidence,0.07500000000000001,0.0,0.5,0.0,0.13
5ae12a4b55429920d52342df,poison::semantic_fluent_false_evidence::5ae12a4b55429920d52342df::0::3d5ded7bc9,True,False,5,semantic_fluent_false_evidence,0.05590169943749475,0.0,0.2222222222222222,0.0,0.06680512421944233
5ae12a4b55429920d52342df,hotpotqa::baraki_rajan::1be12618bb,False,False,5,semantic_fluent_false_evidence,0.10361861664838598,1.0,0.5833333333333333,0.0,0.558114113326021
5ae12a4b55429920d52342df,poison::semantic_fluent_false_evidence::5ae12a4b55429920d52342df::4::12590f4002,True,False,5,semantic_fluent_false_evidence,0.107915619758885,0.5,0.5,0.0,0.343166247903554
5ae12a4b55429920d52342df,poison::semantic_fluent_false_evidence::5ae12a4b55429920d52342df::2::404eb3a9ff,True,False,5,semantic_fluent_false_evidence,0.08196798155377501,0.5,0.6666666666666667,0.0,0.36612052595484335
5ae12a4b55429920d52342df,poison::semantic_fluent_false_evidence::5ae12a4b55429920d52342df::1::46a28eb0fb,True,False,5,semantic_fluent_false_evidence,0.114564392373896,1.0,0.36363636363636365,0.0,0.5185530296768311
5ae12a4b55429920d52342df,hotpotqa::baraki_barak::1b83302d96,False,False,5,semantic_fluent_false_evidence,0.1474744871391589,0.75,0.5,0.0,0.45898979485566355
5ae12a4b55429920d52342df,hotpotqa::camptown_(country_subdivision)::883ff907ec,False,False,5,semantic_fluent_false_evidence,0.20444246869293392,1.0,0.8235294117647058,0.0,0.6464828698301147
5ae12a4b55429920d52342df,hotpotqa::dambai::8c5938dcc1,False,False,5,semantic_fluent_false_evidence,0.22695893608169987,1.0,0.5714285714285714,0.0,0.6050692887183942
5ae12a4b55429920d52342df,hotpotqa::baraki_barak_airstrike::c80958a239,False,False,5,semantic_fluent_false_evidence,0.21791486430767604,1.0,0.9047619047619048,0.0,0.6681183266754513
5ae12a4b55429920d52342df,hotpotqa::mahsud::7489c757a2,False,False,5,semantic_fluent_false_evidence,0.40233692348577704,1.0,0.8048780487804879,0.0,0.7219103791504085
5ac0dcf25542996f0d89cc2c,hotpotqa::koch_family::c2e2ea36e7,False,True,5,semantic_fluent_false_evidence,0.1274754878398196,0.25,0.8484848484848485,0.0,0.32068716483289755
5ac0dcf25542996f0d89cc2c,poison::semantic_fluent_false_evidence::5ac0dcf25542996f0d89cc2c::0::dbb7ba9346,True,False,5,semantic_fluent_false_evidence,0.04665063509461097,0.0,0.2592592592592593,0.0,0.07051210588969625
5ac0dcf25542996f0d89cc2c,poison::semantic_fluent_false_evidence::5ac0dcf25542996f0d89cc2c::3::4a844a0eaf,True,False,5,semantic_fluent_false_evidence,0.041457809879442496,0.0,0.1071428571428571,0.0,0.03801169538034842
5ac0dcf25542996f0d89cc2c,poison::semantic_fluent_false_evidence::5ac0dcf25542996f0d89cc2c::2::6e21efc230,True,False,5,semantic_fluent_false_evidence,0.08291561975888499,1.0,0.36363636363636365,0.0,0.5058935206308267
5ac0dcf25542996f0d89cc2c,poison::semantic_fluent_false_evidence::5ac0dcf25542996f0d89cc2c::1::7d2149074d,True,False,5,semantic_fluent_false_evidence,0.09659258262890683,0.75,0.41860465116279066,0.0,0.4223579632841209
5ac0dcf25542996f0d89cc2c,poison::semantic_fluent_false_evidence::5ac0dcf25542996f0d89cc2c::4::298d8577bd,True,False,5,semantic_fluent_false_evidence,0.10453851375880138,0.5,0.42500000000000004,0.0,0.32681540550352056
5ac0dcf25542996f0d89cc2c,hotpotqa::fred_c._koch::ac2c1a4046,False,False,5,semantic_fluent_false_evidence,0.09560163238335617,1.0,0.5925925925925926,0.0,0.5567591714718609
5ac0dcf25542996f0d89cc2c,hotpotqa::david_koch::665ba42027,False,False,5,semantic_fluent_false_evidence,0.1335431782984679,0.75,0.9166666666666666,0.0,0.5367506046527205
5ac0dcf25542996f0d89cc2c,hotpotqa::koch_family_foundations::2bfc7f943b,False,False,5,semantic_fluent_false_evidence,0.0649519052838329,1.0,0.6808510638297872,0.0,0.5621509748794906
5ac0dcf25542996f0d89cc2c,hotpotqa::banfield_pet_hospital::4e7f4434a9,False,False,5,semantic_fluent_false_evidence,0.248746859276655,1.0,0.9393939393939394,0.0,0.6873775315894499
5ac0dcf25542996f0d89cc2c,hotpotqa::dark_money_(book)::68ed7301e2,False,True,5,semantic_fluent_false_evidence,0.25059031958643446,1.0,0.8225806451612903,0.0,0.6647522568668318
5ab916e155429919ba4e23a4,hotpotqa::levan_kobiashvili::99c1de46b0,False,False,5,semantic_fluent_false_evidence,0.8485281374238569,1.0,1.0,0.0,0.9394112549695428
5ab916e155429919ba4e23a4,poison::semantic_fluent_false_evidence::5ab916e155429919ba4e23a4::0::fbf2283a7a,True,False,5,semantic_fluent_false_evidence,0.08660254037844387,0.0,0.33333333333333337,0.0,0.10130768281804423
5ab916e155429919ba4e23a4,hotpotqa::chiwetel_ejiofor::9fea32c26e,False,True,5,semantic_fluent_false_evidence,0.2019281988678104,1.0,0.8333333333333334,0.0,0.6474379462137908
5ab916e155429919ba4e23a4,poison::semantic_fluent_false_evidence::5ab916e155429919ba4e23a4::1::da9217c91d,True,False,5,semantic_fluent_false_evidence,0.05590169943749475,0.0,0.30952380952380953,0.0,0.0842654416797598
5ab916e155429919ba4e23a4,poison::semantic_fluent_false_evidence::5ab916e155429919ba4e23a4::4::7e70826ee9,True,False,5,semantic_fluent_false_evidence,0.0649519052838329,0.0,0.17142857142857137,0.0,0.06026647639924744
5ab916e155429919ba4e23a4,hotpotqa::sinan_tuzcu::e9603f897e,False,False,5,semantic_fluent_false_evidence,0.649519052838329,1.0,1.0,0.0,0.8598076211353316
5ab916e155429919ba4e23a4,poison::semantic_fluent_false_evidence::5ab916e155429919ba4e23a4::2::137e1c27ee,True,False,5,semantic_fluent_false_evidence,0.1224744871391589,0.25,0.28,0.0,0.20498979485566354
5ab916e155429919ba4e23a4,hotpotqa::josé_marcos_garay::0e053f861c,False,False,5,semantic_fluent_false_evidence,0.562916512459885,1.0,0.9090909090909091,0.0,0.8069847868021359
5ab916e155429919ba4e23a4,poison::semantic_fluent_false_evidence::5ab916e155429919ba4e23a4::3::741d46a277,True,False,5,semantic_fluent_false_evidence,0.15627975527297355,0.25,0.36363636363636365,0.0,0.23523917483646217
5ab916e155429919ba4e23a4,hotpotqa::schapelle_corby::344e8436a9,False,False,5,semantic_fluent_false_evidence,0.6041522986797286,1.0,0.9705882352941176,0.0,0.8357785665307149
5ab916e155429919ba4e23a4,hotpotqa::12_years_a_slave_(score)::507b2ab960,False,True,5,semantic_fluent_false_evidence,0.3339348247066688,1.0,0.6764705882352942,0.0,0.6688680475297264
5ab916e155429919ba4e23a4,hotpotqa::hunger_(2008_film)::4ee9c8d5c7,False,False,5,semantic_fluent_false_evidence,0.18708286933869706,1.0,0.75,0.0,0.6248331477354788
5ab916e155429919ba4e23a4,hotpotqa::liam_cunningham::da6c8a5b98,False,False,5,semantic_fluent_false_evidence,0.08291561975888499,1.0,0.8108108108108107,0.0,0.5953284100657161
5ab916e155429919ba4e23a4,hotpotqa::equus_(film)::5448a8650a,False,False,5,semantic_fluent_false_evidence,0.08291561975888499,1.0,0.8888888888888888,0.0,0.6109440256813318
5a87c13f5542996e4f30890c,poison::semantic_fluent_false_evidence::5a87c13f5542996e4f30890c::3::85a8f3ef11,True,False,5,semantic_fluent_false_evidence,0.041457809879442496,0.0,0.11111111111111116,0.0,0.038805346173999236
5a87c13f5542996e4f30890c,poison::semantic_fluent_false_evidence::5a87c13f5542996e4f30890c::4::c2cb50b728,True,False,5,semantic_fluent_false_evidence,0.10361861664838598,0.25,0.032258064516129004,0.0,0.1478990595625802
5a87c13f5542996e4f30890c,poison::semantic_fluent_false_evidence::5a87c13f5542996e4f30890c::0::5f101bac0c,True,False,5,semantic_fluent_false_evidence,0.041457809879442496,0.0,0.4193548387096774,0.0,0.10045409169371247
5a87c13f5542996e4f30890c,poison::semantic_fluent_false_evidence::5a87c13f5542996e4f30890c::2::43d4c68ca9,True,False,5,semantic_fluent_false_evidence,0.09236131321326571,0.25,0.2647058823529411,0.0,0.1898857017558945
5a87c13f5542996e4f30890c,poison::semantic_fluent_false_evidence::5a87c13f5542996e4f30890c::1::1d73fa2128,True,False,5,semantic_fluent_false_evidence,0.08291561975888499,0.0,0.5666666666666667,0.0,0.14649958123688733
5a87c13f5542996e4f30890c,hotpotqa::tosca_(1956_film)::2ecd4302eb,False,True,5,semantic_fluent_false_evidence,0.5521770939024176,1.0,0.8235294117647058,0.0,0.7855767199139082
5a87c13f5542996e4f30890c,hotpotqa::franco_corelli::cf2a6bd56d,False,True,5,semantic_fluent_false_evidence,0.3401528885131555,1.0,0.9152542372881356,0.0,0.7191120028628892
5a87c13f5542996e4f30890c,hotpotqa::la_fanciulla_del_west::fa121f30b9,False,False,5,semantic_fluent_false_evidence,0.1294862367942584,1.0,0.9655172413793104,0.0,0.6448979429935655
5a87c13f5542996e4f30890c,hotpotqa::libuše_(opera)::d9f1220a84,False,False,5,semantic_fluent_false_evidence,0.5196152422706632,1.0,0.873015873015873,0.0,0.78244927151144
5a87c13f5542996e4f30890c,hotpotqa::gianni_schicchi::331876e111,False,False,5,semantic_fluent_false_evidence,0.31943529561890344,1.0,0.8653846153846154,0.0,0.7008510413244845
5a87c13f5542996e4f30890c,hotpotqa::cavalleria_rusticana_(1982_film)::d6b81761f2,False,False,5,semantic_fluent_false_evidence,0.3605551275463989,1.0,0.9347826086956522,0.0,0.73117857275769
5a87c13f5542996e4f30890c,poison::semantic_fluent_false_evidence::5ae5e62455429929b0807a07::1::d27898a1e6,False,False,5,semantic_fluent_false_evidence,0.1118033988749895,1.0,0.8055555555555556,0.0,0.6058324706611069
5a87c13f5542996e4f30890c,hotpotqa::ron_bottcher::719d0d40aa,False,False,5,semantic_fluent_false_evidence,0.23352242721605176,1.0,0.9512195121951219,0.0,0.683652873325445
5a87c13f5542996e4f30890c,hotpotqa::repertoire_of_plácido_domingo::ebbf1ff481,False,False,5,semantic_fluent_false_evidence,0.15811388300841897,1.0,0.9775280898876404,0.0,0.6587511711808957
5ae1443855429920d5234362,poison::semantic_fluent_false_evidence::5ae1443855429920d5234362::3::1f634656c5,True,False,5,semantic_fluent_false_evidence,0.025,0.0,0.33333333333333337,0.0,0.07666666666666667
5ae1443855429920d5234362,poison::semantic_fluent_false_evidence::5ae1443855429920d5234362::0::7cb855a362,True,False,5,semantic_fluent_false_evidence,0.09594404667370092,0.0,0.13043478260869568,0.0,0.06446457519121951
5ae1443855429920d5234362,poison::semantic_fluent_false_evidence::5ae1443855429920d5234362::2::48b306c65d,True,False,5,semantic_fluent_false_evidence,0.05700597415393834,0.0,0.33333333333333337,0.0,0.08946905632824201
5ae1443855429920d5234362,poison::semantic_fluent_false_evidence::5ae1443855429920d5234362::4::5be0587949,True,False,5,semantic_fluent_false_evidence,0.08660254037844387,0.0,0.4285714285714286,0.0,0.12035530186566326
5ae1443855429920d5234362,poison::semantic_fluent_false_evidence::5ae1443855429920d5234362::1::9da2c892d6,True,False,5,semantic_fluent_false_evidence,0.0649519052838329,0.0,0.3666666666666667,0.0,0.09931409544686651
5ae1443855429920d5234362,hotpotqa::alexander_nikolayev::fe006ce6ef,False,True,5,semantic_fluent_false_evidence,0.0,1.0,0.9285714285714286,0.0,0.5857142857142857
5ae1443855429920d5234362,hotpotqa::mikhail_linnik::ee699025d4,False,False,5,semantic_fluent_false_evidence,0.04330127018922193,1.0,1.0,0.0,0.6173205080756887
5ae1443855429920d5234362,hotpotqa::vladimir_fedorovich_vladimirov::b280270e1e,False,False,5,semantic_fluent_false_evidence,0.021650635094610966,1.0,0.9411764705882353,0.0,0.5968955481554914
5ae1443855429920d5234362,hotpotqa::georgy_vasilyevich_ivanov::a5cf5b8400,False,False,5,semantic_fluent_false_evidence,0.041457809879442496,1.0,0.8333333333333334,0.0,0.5832497906184437
5ae1443855429920d5234362,hotpotqa::battle_of_berlin::fc16ed73a6,False,True,5,semantic_fluent_false_evidence,0.09601432184835759,1.0,0.4,0.0,0.518405728739343
5a877dd65542993e715abf79,poison::semantic_fluent_false_evidence::5a877dd65542993e715abf79::0::cf8811d8e6,True,False,5,semantic_fluent_false_evidence,0.0,0.0,0.2325581395348837,0.0,0.04651162790697674
5a877dd65542993e715abf79,poison::semantic_fluent_false_evidence::5a877dd65542993e715abf79::4::bda25042e1,True,False,5,semantic_fluent_false_evidence,0.0,0.0,0.31481481481481477,0.0,0.06296296296296296
5a877dd65542993e715abf79,poison::semantic_fluent_false_evidence::5a877dd65542993e715abf79::2::179f36efe6,True,False,5,semantic_fluent_false_evidence,0.0649519052838329,0.0,0.5471698113207547,0.0,0.13541472437768412
5a877dd65542993e715abf79,poison::semantic_fluent_false_evidence::5a877dd65542993e715abf79::1::22300d9bb0,True,False,5,semantic_fluent_false_evidence,0.035355339059327376,0.0,0.33333333333333337,0.0,0.08080880229039762
5a877dd65542993e715abf79,poison::semantic_fluent_false_evidence::5a877dd65542993e715abf79::3::6f7365ad3d,True,False,5,semantic_fluent_false_evidence,0.04665063509461097,0.0,0.2195121951219512,0.0,0.06256269306223464
5a877dd65542993e715abf79,hotpotqa::memoir_of_halldór_laxness::f188b81bff,False,False,5,semantic_fluent_false_evidence,0.021650635094610966,1.0,0.8,0.0,0.5686602540378444
5a877dd65542993e715abf79,hotpotqa::halldór_laxness::3021d96b14,False,True,5,semantic_fluent_false_evidence,0.06035533905932738,1.0,0.775,0.0,0.579142135623731
5a877dd65542993e715abf79,hotpotqa::auður_laxness::3509505e17,False,False,5,semantic_fluent_false_evidence,0.07613687188886939,1.0,0.7037037037037037,0.0,0.5711954894962885
5a877dd65542993e715abf79,hotpotqa::timothy_leary::0f2b46d204,False,True,5,semantic_fluent_false_evidence,0.05590169943749475,1.0,0.7692307692307692,0.0,0.5762068336211518
5a877dd65542993e715abf79,hotpotqa::list_of_harry_potter_cast_members::f1a2a13a25,False,False,5,semantic_fluent_false_evidence,0.4866980583482946,1.0,0.9651162790697675,0.0,0.7877024791532714
5a877dd65542993e715abf79,hotpotqa::halldór_laxness_(album)::0cbfcc1922,False,False,5,semantic_fluent_false_evidence,0.05,1.0,0.16666666666666663,0.0,0.4533333333333333
5a877dd65542993e715abf79,hotpotqa::guðný_halldórsdóttir::4ad28e2eaa,False,False,5,semantic_fluent_false_evidence,0.0,1.0,0.7741935483870968,0.0,0.5548387096774194
5addcb215542997dc7907033,poison::semantic_fluent_false_evidence::5addcb215542997dc7907033::3::f27c10357a,True,False,5,semantic_fluent_false_evidence,0.04330127018922193,0.0,0.3913043478260869,0.0,0.09558137764090616
5addcb215542997dc7907033,poison::semantic_fluent_false_evidence::5addcb215542997dc7907033::2::2d4be0bb8a,True,False,5,semantic_fluent_false_evidence,0.09665063509461097,0.0,0.31034482758620685,0.0,0.10072921955508576
5addcb215542997dc7907033,poison::semantic_fluent_false_evidence::5addcb215542997dc7907033::0::1f20f533ea,True,False,5,semantic_fluent_false_evidence,0.021650635094610966,0.0,0.19999999999999996,0.0,0.048660254037844373
5addcb215542997dc7907033,poison::semantic_fluent_false_evidence::5addcb215542997dc7907033::4::bff89fef54,True,False,5,semantic_fluent_false_evidence,0.07500000000000001,0.0,0.12903225806451613,0.0,0.05580645161290323
5addcb215542997dc7907033,poison::semantic_fluent_false_evidence::5addcb215542997dc7907033::1::520e8244dc,True,False,5,semantic_fluent_false_evidence,0.06310844497405346,0.0,0.3076923076923077,0.0,0.08678183952808292
5addcb215542997dc7907033,hotpotqa::victory_(puff_daddy_song)::15598d5a89,False,False,5,semantic_fluent_false_evidence,0.28708550049619147,1.0,0.88,0.0,0.6908342001984765
5addcb215542997dc7907033,hotpotqa::naomi_campbell::69fae504cf,False,True,5,semantic_fluent_false_evidence,0.2692582403567252,1.0,0.88,0.0,0.6837032961426901
5addcb215542997dc7907033,hotpotqa::nasty_girl_(the_notorious_b.i.g._song)::fb5b0cd493,False,True,5,semantic_fluent_false_evidence,0.04330127018922193,1.0,0.9468085106382979,0.0,0.6066822102033483
5addcb215542997dc7907033,hotpotqa::total_(group)::236bb26704,False,False,5,semantic_fluent_false_evidence,0.2680951323690902,1.0,0.926829268292683,0.0,0.6926039066061727
5addcb215542997dc7907033,hotpotqa::love_stinks_(song)::1ce289ec7e,False,False,5,semantic_fluent_false_evidence,0.4763139720814412,1.0,0.95,0.0,0.7805255888325765
5addcb215542997dc7907033,hotpotqa::vanity_(singer)::21a46aad31,False,False,5,semantic_fluent_false_evidence,0.24941147457321844,1.0,0.92,0.0,0.6837645898292875
5addcb215542997dc7907033,hotpotqa::duets:_the_final_chapter::3f07c84bc8,False,False,5,semantic_fluent_false_evidence,0.265504747053352,1.0,0.9272727272727272,0.0,0.6916564442758862
5a72f74a55429901807daf59,poison::semantic_fluent_false_evidence::5a72f74a55429901807daf59::0::c6ad509491,True,False,5,semantic_fluent_false_evidence,0.0,0.0,0.33333333333333337,0.0,0.06666666666666668
5a72f74a55429901807daf59,poison::semantic_fluent_false_evidence::5a72f74a55429901807daf59::3::043af1881c,True,False,5,semantic_fluent_false_evidence,0.04330127018922193,1.0,0.1842105263157895,0.0,0.45416261333884667
5a72f74a55429901807daf59,poison::semantic_fluent_false_evidence::5a72f74a55429901807daf59::4::27f051d47e,True,False,5,semantic_fluent_false_evidence,0.04330127018922193,1.0,0.1842105263157895,0.0,0.45416261333884667
5a72f74a55429901807daf59,poison::semantic_fluent_false_evidence::5a72f74a55429901807daf59::1::cb05a212b9,True,False,5,semantic_fluent_false_evidence,0.08660254037844387,1.0,0.2978723404255319,0.0,0.494215484236484
5a72f74a55429901807daf59,poison::semantic_fluent_false_evidence::5a72f74a55429901807daf59::2::d5f3e8c29f,True,False,5,semantic_fluent_false_evidence,0.25226202226109723,1.0,0.20588235294117652,0.0,0.5420812794926742
5a72f74a55429901807daf59,hotpotqa::johnny_pemberton::7c96a93b38,False,False,5,semantic_fluent_false_evidence,0.3747595264191645,1.0,0.7142857142857143,0.0,0.6927609534248086
5a72f74a55429901807daf59,hotpotqa::helen_atkinson-wood::19c9e6ebe3,False,False,5,semantic_fluent_false_evidence,0.6062177826491071,1.0,0.8888888888888888,0.0,0.8202648908374206
5a72f74a55429901807daf59,hotpotqa::francesca_fowler::d20241d25e,False,False,5,semantic_fluent_false_evidence,0.6259992012774458,1.0,0.6666666666666667,0.0,0.7837330138443116
5a72f74a55429901807daf59,hotpotqa::ken_waller::6e6264ed45,False,False,5,semantic_fluent_false_evidence,0.45552167895721496,1.0,0.8461538461538461,0.0,0.7514394408136552
5a72f74a55429901807daf59,hotpotqa::tim_bedore::afac9a7427,False,False,5,semantic_fluent_false_evidence,0.32556000821542486,1.0,0.9411764705882353,0.0,0.718459297403817
5a72f74a55429901807daf59,hotpotqa::sleepless_in_seattle::8730619918,False,True,5,semantic_fluent_false_evidence,0.0,1.0,0.7906976744186046,0.0,0.5581395348837209
5a72f74a55429901807daf59,hotpotqa::christopher_guest::504db32b6f,False,False,5,semantic_fluent_false_evidence,0.0,1.0,0.8360655737704918,0.0,0.5672131147540984
5a72f74a55429901807daf59,hotpotqa::timothy_olyphant::b413e7ae6b,False,False,5,semantic_fluent_false_evidence,0.0,1.0,0.8735632183908046,0.0,0.574712643678161
5a72f74a55429901807daf59,hotpotqa::nerdland::402c721609,False,False,5,semantic_fluent_false_evidence,0.08660254037844387,1.0,0.8604651162790697,0.0,0.6067340394071915
5a72f74a55429901807daf59,hotpotqa::rob_sitch::924bc9481e,False,False,5,semantic_fluent_false_evidence,0.08291561975888499,1.0,0.4444444444444444,0.0,0.5220551367924429
5a72f74a55429901807daf59,hotpotqa::marty_belafsky::cb1827619d,False,False,5,semantic_fluent_false_evidence,0.08291561975888499,1.0,0.7272727272727273,0.0,0.5786207933580995
5a72f74a55429901807daf59,hotpotqa::zack_norman::c679e5d0ed,False,False,5,semantic_fluent_false_evidence,0.1117894169812107,1.0,0.7341772151898734,0.0,0.591551209830459
5a72f74a55429901807daf59,hotpotqa::jimmy_tatro::719fa75441,False,False,5,semantic_fluent_false_evidence,0.2688067131402439,1.0,0.8125,0.0,0.6700226852560975
5ae1d4e8554299234fd04312,poison::semantic_fluent_false_evidence::5ae1d4e8554299234fd04312::2::0063a7588b,True,False,5,semantic_fluent_false_evidence,0.0,0.0,0.36,0.0,0.072
5ae1d4e8554299234fd04312,poison::semantic_fluent_false_evidence::5ae1d4e8554299234fd04312::4::2aae55a861,True,False,5,semantic_fluent_false_evidence,0.04665063509461097,0.0,0.2962962962962963,0.0,0.07791951329710364
5ae1d4e8554299234fd04312,poison::semantic_fluent_false_evidence::5ae1d4e8554299234fd04312::0::dc6b5f6efe,True,False,5,semantic_fluent_false_evidence,0.035355339059327376,0.0,0.4,0.0,0.09414213562373094
5ae1d4e8554299234fd04312,poison::semantic_fluent_false_evidence::5ae1d4e8554299234fd04312::1::a64bbdecbc,True,False,5,semantic_fluent_false_evidence,0.07613687188886939,0.75,0.717948717948718,0.0,0.47404449234529134
5ae1d4e8554299234fd04312,poison::semantic_fluent_false_evidence::5ae1d4e8554299234fd04312::3::388adeef02,True,False,5,semantic_fluent_false_evidence,0.04330127018922193,0.0,0.36,0.0,0.08932050807568877
5ae1d4e8554299234fd04312,hotpotqa::any_questions_for_ben?::39e9511188,False,True,5,semantic_fluent_false_evidence,0.05448623679425842,1.0,0.92,0.0,0.6057944947177034
5ae1d4e8554299234fd04312,hotpotqa::inside_film_awards::89f3428404,False,False,5,semantic_fluent_false_evidence,0.15718168992852566,1.0,0.8,0.0,0.6228726759714103
5ae1d4e8554299234fd04312,hotpotqa::angel_(1982_irish_film)::0d08383d72,False,False,5,semantic_fluent_false_evidence,0.19202864369671518,1.0,0.9230769230769231,0.0,0.6614268420940708
5ae1d4e8554299234fd04312,hotpotqa::cuban_democracy_act::3684307a4c,False,False,5,semantic_fluent_false_evidence,0.5196152422706632,1.0,0.9655172413793104,0.0,0.8009495451841273
5ae1d4e8554299234fd04312,hotpotqa::mista_savona::8bececce1b,False,False,5,semantic_fluent_false_evidence,0.406201920231798,1.0,0.9380530973451328,0.0,0.7500913875617458
5ae1d4e8554299234fd04312,hotpotqa::ben_queen::159f25f010,False,False,5,semantic_fluent_false_evidence,0.04330127018922193,1.0,0.8421052631578947,0.0,0.5857415607072677
5ae1d4e8554299234fd04312,hotpotqa::rob_sitch::924bc9481e,False,True,5,semantic_fluent_false_evidence,0.3031088913245535,1.0,0.7,0.0,0.6612435565298214
5ae1d4e8554299234fd04312,hotpotqa::josh_schuberth::9bac85fe0c,False,False,5,semantic_fluent_false_evidence,0.0,1.0,0.9166666666666666,0.0,0.5833333333333333
5ae1d4e8554299234fd04312,hotpotqa::clayton_watson::5cf0ea2a35,False,False,5,semantic_fluent_false_evidence,0.08660254037844387,1.0,0.8888888888888888,0.0,0.6124187939291553
5abe3dc65542993f32c2a0c4,poison::semantic_fluent_false_evidence::5abe3dc65542993f32c2a0c4::3::5e79405181,True,False,5,semantic_fluent_false_evidence,0.021650635094610966,0.0,0.5,0.0,0.10866025403784438
5abe3dc65542993f32c2a0c4,poison::semantic_fluent_false_evidence::5abe3dc65542993f32c2a0c4::4::57fbde8730,True,False,5,semantic_fluent_false_evidence,0.06310844497405346,0.0,0.375,0.0,0.10024337798962138
5abe3dc65542993f32c2a0c4,poison::semantic_fluent_false_evidence::5abe3dc65542993f32c2a0c4::0::608b017265,True,False,5,semantic_fluent_false_evidence,0.09560163238335617,0.0,0.21739130434782605,0.0,0.08171891382290768
5abe3dc65542993f32c2a0c4,poison::semantic_fluent_false_evidence::5abe3dc65542993f32c2a0c4::1::8ad3d58052,True,False,5,semantic_fluent_false_evidence,0.041457809879442496,0.0,0.4722222222222222,0.0,0.11102756839622144
5abe3dc65542993f32c2a0c4,poison::semantic_fluent_false_evidence::5abe3dc65542993f32c2a0c4::2::c06285fc8b,True,False,5,semantic_fluent_false_evidence,0.09920296962671668,0.0,0.4814814814814815,0.0,0.13597748414698296
5abe3dc65542993f32c2a0c4,hotpotqa::swx_right_now::650cf4a5d2,False,True,5,semantic_fluent_false_evidence,0.0,1.0,0.7837837837837838,0.0,0.5567567567567567
5abe3dc65542993f32c2a0c4,hotpotqa::kumv-tv::81067bd485,False,False,5,semantic_fluent_false_evidence,0.16742443246574348,1.0,0.9014084507042254,0.0,0.6472514631271424
5abe3dc65542993f32c2a0c4,hotpotqa::kqcd-tv::78213388e0,False,False,5,semantic_fluent_false_evidence,0.22776083947860748,1.0,0.9253731343283582,0.0,0.6761789626571146
5abe3dc65542993f32c2a0c4,hotpotqa::krsq::98e18aa68c,False,False,5,semantic_fluent_false_evidence,0.05590169943749475,1.0,0.75,0.0,0.5723606797749979
5abe3dc65542993f32c2a0c4,hotpotqa::kewf::9ca802a482,False,False,5,semantic_fluent_false_evidence,0.1399519052838329,1.0,0.8620689655172413,0.0,0.6283945552169814
5abe3dc65542993f32c2a0c4,hotpotqa::kkbr::df1cb20665,False,False,5,semantic_fluent_false_evidence,0.0649519052838329,1.0,0.84,0.0,0.5939807621135331
5abe3dc65542993f32c2a0c4,hotpotqa::kulr-tv::5c9de45867,False,True,5,semantic_fluent_false_evidence,0.18510934547738622,1.0,1.0,0.0,0.6740437381909545
5abe3dc65542993f32c2a0c4,hotpotqa::kbxi::531cc5d365,False,False,5,semantic_fluent_false_evidence,0.16307199133192046,1.0,0.7333333333333334,0.0,0.6118954631994349
5a8ed10b5542995085b374a0,poison::semantic_fluent_false_evidence::5a8ed10b5542995085b374a0::3::63bd632038,True,False,5,semantic_fluent_false_evidence,0.0649519052838329,0.0,0.5263157894736843,0.0,0.13124392000827
5a8ed10b5542995085b374a0,poison::semantic_fluent_false_evidence::5a8ed10b5542995085b374a0::2::080fb5ba36,True,False,5,semantic_fluent_false_evidence,0.0,0.0,0.33333333333333337,0.0,0.06666666666666668
5a8ed10b5542995085b374a0,poison::semantic_fluent_false_evidence::5a8ed10b5542995085b374a0::4::de41a1cb37,True,False,5,semantic_fluent_false_evidence,0.08288787866419042,0.0,0.736842105263158,0.0,0.18052357251830778
5a8ed10b5542995085b374a0,hotpotqa::scare_campaign::59bd630574,False,False,5,semantic_fluent_false_evidence,0.1559189788425202,1.0,0.875,0.0,0.6373675915370081
5a8ed10b5542995085b374a0,poison::semantic_fluent_false_evidence::5a8ed10b5542995085b374a0::1::1509d6612b,True,False,5,semantic_fluent_false_evidence,0.10361861664838598,0.0,0.5882352941176471,0.0,0.15909450548288379
5a8ed10b5542995085b374a0,hotpotqa::the_visit_(2015_american_film)::3bf2a65d06,False,True,5,semantic_fluent_false_evidence,0.08288787866419042,1.0,0.7857142857142857,0.0,0.5902980086085333
5a8ed10b5542995085b374a0,hotpotqa::the_village_(2004_film)::ab9066777e,False,False,5,semantic_fluent_false_evidence,0.025,1.0,0.8292682926829268,0.0,0.5758536585365854
5a8ed10b5542995085b374a0,hotpotqa::olivia_dejonge::a3c929cfac,False,True,5,semantic_fluent_false_evidence,0.273746859276655,1.0,0.8,0.0,0.6694987437106621
5a8ed10b5542995085b374a0,hotpotqa::signs_(film)::53b8a210fb,False,False,5,semantic_fluent_false_evidence,0.1224744871391589,1.0,0.8412698412698413,0.0,0.6172437631096318
5a8ed10b5542995085b374a0,hotpotqa::hawa_(film)::a9a630e71b,False,False,5,semantic_fluent_false_evidence,0.41457809879442503,1.0,0.9583333333333334,0.0,0.7574979061844367
5a8ed10b5542995085b374a0,poison::semantic_fluent_false_evidence::5a8ed10b5542995085b374a0::0::0677538ad5,True,False,5,semantic_fluent_false_evidence,0.257390753524675,1.0,0.5,0.0,0.60295630140987
5a8ed10b5542995085b374a0,hotpotqa::when_a_stranger_calls_(2006_film)::3ba94badf3,False,False,5,semantic_fluent_false_evidence,0.09354143466934853,1.0,0.9318181818181819,0.0,0.6237802102313758
5a7a112a5542990783324e2b,poison::semantic_fluent_false_evidence::5a7a112a5542990783324e2b::2::cec8ea9e88,True,False,5,semantic_fluent_false_evidence,0.021650635094610966,0.0,0.375,0.0,0.08366025403784438
5a7a112a5542990783324e2b,poison::semantic_fluent_false_evidence::5a7a112a5542990783324e2b::3::8b7d1e2c84,True,False,5,semantic_fluent_false_evidence,0.07613687188886939,0.0,0.37142857142857144,0.0,0.10474046304126206
5a7a112a5542990783324e2b,poison::semantic_fluent_false_evidence::5a7a112a5542990783324e2b::0::6e351e5214,True,False,5,semantic_fluent_false_evidence,0.0649519052838329,0.25,0.23529411764705888,0.0,0.17303958564294492
5a7a112a5542990783324e2b,poison::semantic_fluent_false_evidence::5a7a112a5542990783324e2b::1::86f48c033f,True,False,5,semantic_fluent_false_evidence,0.06310844497405346,0.0,0.5111111111111111,0.0,0.12746560021184358
5a7a112a5542990783324e2b,poison::semantic_fluent_false_evidence::5a7a112a5542990783324e2b::4::0c40e9aa5b,True,False,5,semantic_fluent_false_evidence,0.09665063509461097,0.0,0.368421052631579,0.0,0.11234446456416018
5a7a112a5542990783324e2b,hotpotqa::the_forsaken_(album)::71b42f2f0f,False,False,5,semantic_fluent_false_evidence,0.09236131321326571,1.0,0.9047619047619048,0.0,0.6178969062376872
5a7a112a5542990783324e2b,hotpotqa::mark_gaudet::4d656823cc,False,True,5,semantic_fluent_false_evidence,0.10361861664838598,1.0,0.9130434782608696,0.0,0.6240561423115283
5a7a112a5542990783324e2b,hotpotqa::steinar_sverd_johnsen::5a258b9001,False,False,5,semantic_fluent_false_evidence,0.035355339059327376,1.0,0.9,0.0,0.594142135623731
5a7a112a5542990783324e2b,hotpotqa::mezzerschmitt::10334677da,False,False,5,semantic_fluent_false_evidence,0.035355339059327376,1.0,0.8,0.0,0.574142135623731
5a7a112a5542990783324e2b,hotpotqa::jan_axel_blomberg::6815c27755,False,True,5,semantic_fluent_false_evidence,0.08660254037844387,1.0,0.9302325581395349,0.0,0.6206875277792845
5a7a112a5542990783324e2b,hotpotqa::erik_blomberg_(writer)::fa35e53c45,False,False,5,semantic_fluent_false_evidence,0.25349109748200355,1.0,1.0,0.0,0.7013964389928014
5a7a112a5542990783324e2b,hotpotqa::axel_von_blomberg::e72d6d2006,False,False,5,semantic_fluent_false_evidence,0.22033844639618666,1.0,0.95,0.0,0.6781353785584747
5ab870ee5542990e739ec8f6,hotpotqa::a_wind_in_the_door::4255988f1b,False,True,5,semantic_fluent_false_evidence,0.1274754878398196,0.5,0.4545454545454546,0.0,0.3418992860450188
5ab870ee5542990e739ec8f6,poison::semantic_fluent_false_evidence::5ab870ee5542990e739ec8f6::0::4ce9f192b1,True,False,5,semantic_fluent_false_evidence,0.05700597415393834,0.0,0.5333333333333333,0.0,0.129469056328242
5ab870ee5542990e739ec8f6,poison::semantic_fluent_false_evidence::5ab870ee5542990e739ec8f6::4::f5d0b58d6e,True,False,5,semantic_fluent_false_evidence,0.08660254037844387,0.25,0.6666666666666667,0.0,0.2679743494847109
5ab870ee5542990e739ec8f6,poison::semantic_fluent_false_evidence::5ab870ee5542990e739ec8f6::3::9887220b4c,True,False,5,semantic_fluent_false_evidence,0.08660254037844387,0.0,0.6923076923076923,0.0,0.173102554612916
5ab870ee5542990e739ec8f6,hotpotqa::close_the_last_door::15daef72b5,False,False,5,semantic_fluent_false_evidence,0.34641016151377546,1.0,0.9565217391304348,0.0,0.7298684124315972
5ab870ee5542990e739ec8f6,poison::semantic_fluent_false_evidence::5ab870ee5542990e739ec8f6::2::c2c82fb141,True,False,5,semantic_fluent_false_evidence,0.08291561975888499,1.0,0.7631578947368421,0.0,0.5857978268509224
5ab870ee5542990e739ec8f6,hotpotqa::the_four_winds_of_love::ca16f2b6c4,False,False,5,semantic_fluent_false_evidence,0.35759512811881194,1.0,0.868421052631579,0.0,0.7167222617738406
5ab870ee5542990e739ec8f6,poison::semantic_fluent_false_evidence::5ab870ee5542990e739ec8f6::1::f57e1943e2,True,False,5,semantic_fluent_false_evidence,0.16742443246574348,0.25,0.5681818181818181,0.0,0.280606136622661
5ab870ee5542990e739ec8f6,hotpotqa::kaze_no_stigma::8d9fdcbf2c,False,False,5,semantic_fluent_false_evidence,0.34490226937559165,1.0,0.9024390243902439,0.0,0.7184487126282855
5ab870ee5542990e739ec8f6,poison::semantic_fluent_false_evidence::5abc219655429959677d6a1d::1::4ba02b3b0a,False,False,5,semantic_fluent_false_evidence,0.4763139720814412,1.0,0.7857142857142857,0.0,0.7476684459754337
5ab870ee5542990e739ec8f6,hotpotqa::mary_poppins_opens_the_door::d81c2adf0e,False,False,5,semantic_fluent_false_evidence,0.1299038105676658,1.0,0.6923076923076923,0.0,0.5904230626886048
5ab870ee5542990e739ec8f6,hotpotqa::dan_angel::f7862f5a54,False,False,5,semantic_fluent_false_evidence,0.10897247358851685,1.0,0.9487179487179487,0.0,0.6333325791789964
5ab870ee5542990e739ec8f6,hotpotqa::door_to_door_(modern_family)::3e346ba2fe,False,False,5,semantic_fluent_false_evidence,0.24652489336300729,1.0,0.85,0.0,0.6686099573452029
5a8810485542997e5c09a590,poison::semantic_fluent_false_evidence::5a8810485542997e5c09a590::3::4c21f58b6f,True,False,5,semantic_fluent_false_evidence,0.2348846614600107,0.5,0.1428571428571429,0.0,0.3225252931554329
5a8810485542997e5c09a590,poison::semantic_fluent_false_evidence::5a8810485542997e5c09a590::4::64d4ad3701,True,False,5,semantic_fluent_false_evidence,0.4274650175932804,0.5,0.3870967741935484,0.0,0.44840536187602187
5a8810485542997e5c09a590,hotpotqa::exeter_airport::ecda5c8e4e,False,False,5,semantic_fluent_false_evidence,0.3147560821462776,1.0,0.6037735849056604,0.0,0.6466571498396431
5a8810485542997e5c09a590,hotpotqa::a13_motorway_(netherlands)::70e1b0e490,False,True,5,semantic_fluent_false_evidence,0.15972876869765487,1.0,0.16666666666666663,0.0,0.49722484081239526
5a8810485542997e5c09a590,hotpotqa::sofia_airport::d7d82148dd,False,False,5,semantic_fluent_false_evidence,0.377225197338761,1.0,0.6341463414634146,0.0,0.6777193472281873
5a8810485542997e5c09a590,hotpotqa::rotterdam_the_hague_airport::cacdead4b3,False,True,5,semantic_fluent_false_evidence,0.42077384826752207,1.0,0.5945945945945945,0.0,0.6872284582259278
5a8810485542997e5c09a590,hotpotqa::lahad_datu_airport::ee5761c4f4,False,False,5,semantic_fluent_false_evidence,0.3364173842401316,1.0,0.8648648648648649,0.0,0.7075399266690257
5a8810485542997e5c09a590,hotpotqa::international_air_travel_from_the_united_kingdom::88b5468c42,False,False,5,semantic_fluent_false_evidence,0.29140913030693355,1.0,0.8108108108108107,0.0,0.6787258142849356
5a8810485542997e5c09a590,hotpotqa::juanda_international_airport::eb1f5fbe13,False,False,5,semantic_fluent_false_evidence,0.4716990566028302,1.0,0.8461538461538461,0.0,0.7579103918719012
5a8810485542997e5c09a590,poison::semantic_fluent_false_evidence::5a8810485542997e5c09a590::0::e307238a0b,True,False,5,semantic_fluent_false_evidence,0.2917779199067898,0.5,0.4473684210526315,0.0,0.4061848521732422
5a8810485542997e5c09a590,poison::semantic_fluent_false_evidence::5a8810485542997e5c09a590::2::dd774ce3e0,True,False,5,semantic_fluent_false_evidence,0.23779584091699324,0.25,0.31034482758620685,0.0,0.25718730188403865
5a8810485542997e5c09a590,hotpotqa::dublin_airport::05db58a87a,False,False,5,semantic_fluent_false_evidence,0.33623724356957946,1.0,0.6842105263157895,0.0,0.6713370026909897
5a8810485542997e5c09a590,poison::semantic_fluent_false_evidence::5a8810485542997e5c09a590::1::917ea69a39,True,False,5,semantic_fluent_false_evidence,0.1893598044569329,0.5,0.5,0.0,0.37574392178277316
5a8810485542997e5c09a590,hotpotqa::dubai_international_airport::a2429e03cd,False,False,5,semantic_fluent_false_evidence,0.3679587064505791,1.0,0.84375,0.0,0.7159334825802317
5a8810485542997e5c09a590,hotpotqa::gatwick_airport::25bdd3c9da,False,False,5,semantic_fluent_false_evidence,0.4441976684972558,1.0,0.6060606060606061,0.0,0.6988911886110236
5ae5cf625542996de7b71a22,poison::semantic_fluent_false_evidence::5ae5cf625542996de7b71a22::0::836560a687,True,False,5,semantic_fluent_false_evidence,0.0,0.0,0.1428571428571429,0.0,0.02857142857142858
5ae5cf625542996de7b71a22,poison::semantic_fluent_false_evidence::5ae5cf625542996de7b71a22::3::7b55ad6961,True,False,5,semantic_fluent_false_evidence,0.04330127018922193,0.0,0.5909090909090908,0.0,0.13550232625750694
5ae5cf625542996de7b71a22,poison::semantic_fluent_false_evidence::5ae5cf625542996de7b71a22::2::68d47e6b52,True,False,5,semantic_fluent_false_evidence,0.021650635094610966,0.25,0.3448275862068966,0.0,0.1776257712792237
5ae5cf625542996de7b71a22,poison::semantic_fluent_false_evidence::5ae5cf625542996de7b71a22::4::979165b118,True,False,5,semantic_fluent_false_evidence,0.021650635094610966,0.0,0.4285714285714286,0.0,0.0943745397521301
5ae5cf625542996de7b71a22,poison::semantic_fluent_false_evidence::5ae5cf625542996de7b71a22::1::e4c7805b49,True,False,5,semantic_fluent_false_evidence,0.27751925372534497,1.0,0.85,0.0,0.6810077014901379
5ae5cf625542996de7b71a22,hotpotqa::walter_camp_award::c9ee1cf716,False,False,5,semantic_fluent_false_evidence,0.021650635094610966,1.0,0.8333333333333334,0.0,0.5753269207045111
5ae5cf625542996de7b71a22,hotpotqa::case_mccoy::e03397bc88,False,True,5,semantic_fluent_false_evidence,0.021650635094610966,1.0,0.75,0.0,0.5586602540378445
5ae5cf625542996de7b71a22,hotpotqa::david_neill::2b1e43ea84,False,False,5,semantic_fluent_false_evidence,0.17320508075688773,1.0,0.7818181818181819,0.0,0.6256456686663915
5ae5cf625542996de7b71a22,hotpotqa::colt_clan_incest_case::308d115213,False,False,5,semantic_fluent_false_evidence,0.34062951322263124,1.0,0.9264705882352942,0.0,0.7215459229361113
5ae5cf625542996de7b71a22,hotpotqa::better_than_home::8e1596a1e1,False,False,5,semantic_fluent_false_evidence,0.6041522986797286,1.0,0.9016393442622951,0.0,0.8219887883243505
5ae5cf625542996de7b71a22,hotpotqa::colt_mccoy::43cb20abcf,False,True,5,semantic_fluent_false_evidence,0.2232070788020747,1.0,0.6666666666666667,0.0,0.6226161648541633
5ae5cf625542996de7b71a22,hotpotqa::big_12_conference_football::750f6ef4c7,False,False,5,semantic_fluent_false_evidence,0.3455762092918785,1.0,0.8787878787878788,0.0,0.7139880594743271
5ae5cf625542996de7b71a22,hotpotqa::tcu_diamond::fd4f98e0c8,False,False,5,semantic_fluent_false_evidence,0.43301270189221935,1.0,0.8645833333333334,0.0,0.7461217474235544
5ae5cf625542996de7b71a22,hotpotqa::detroit_pistons::9430f9999b,False,False,5,semantic_fluent_false_evidence,0.39607448794387146,1.0,0.8125,0.0,0.7209297951775486
5ae35e8c5542990afbd1e120,poison::semantic_fluent_false_evidence::5ae35e8c5542990afbd1e120::4::bdd965afcc,True,False,5,semantic_fluent_false_evidence,0.04330127018922193,0.0,0.2222222222222222,0.0,0.06176495252013321
5ae35e8c5542990afbd1e120,poison::semantic_fluent_false_evidence::5ae35e8c5542990afbd1e120::2::2f36380915,True,False,5,semantic_fluent_false_evidence,0.05,0.0,0.6111111111111112,0.0,0.14222222222222222
5ae35e8c5542990afbd1e120,hotpotqa::paul_freeman_(cryptozoologist)::c352d4e40d,False,True,5,semantic_fluent_false_evidence,0.025,0.0,0.9512195121951219,0.0,0.2002439024390244
5ae35e8c5542990afbd1e120,poison::semantic_fluent_false_evidence::5ae35e8c5542990afbd1e120::0::542a53ebfb,True,False,5,semantic_fluent_false_evidence,0.06123724356957945,0.0,0.23333333333333328,0.0,0.07116156409449843
5ae35e8c5542990afbd1e120,poison::semantic_fluent_false_evidence::5ae35e8c5542990afbd1e120::1::5704a68220,True,False,5,semantic_fluent_false_evidence,0.041457809879442496,0.75,0.5416666666666667,0.0,0.4249164572851104
5ae35e8c5542990afbd1e120,poison::semantic_fluent_false_evidence::5ae35e8c5542990afbd1e120::3::b4d0e2c38c,True,False,5,semantic_fluent_false_evidence,0.025,1.0,0.26315789473684215,0.0,0.46263157894736845
5ae35e8c5542990afbd1e120,hotpotqa::plaster_caster::2579340c1e,False,False,5,semantic_fluent_false_evidence,0.07755233453210572,1.0,0.9411764705882353,0.0,0.6192562279304894
5ae35e8c5542990afbd1e120,hotpotqa::søren_kierkegaard::25180dc354,False,False,5,semantic_fluent_false_evidence,0.32475952641916445,1.0,0.9090909090909091,0.0,0.7117219923858477
5ae35e8c5542990afbd1e120,hotpotqa::'allo_'allo!::829e14dd42,False,False,5,semantic_fluent_false_evidence,0.5196152422706632,1.0,0.9318181818181819,0.0,0.7942097332719017
5ae35e8c5542990afbd1e120,hotpotqa::aristotelianism::8d906195e3,False,False,5,semantic_fluent_false_evidence,0.4763139720814412,1.0,0.8909090909090909,0.0,0.7687074070143947
5ae35e8c5542990afbd1e120,hotpotqa::museum_of_plaster_casts_(thessaloniki)::388aad3b9d,False,False,5,semantic_fluent_false_evidence,0.27523445329959195,1.0,0.896551724137931,0.0,0.6894041261474231
5ae35e8c5542990afbd1e120,hotpotqa::waldo_rudolph_wedel::cd43b7f527,False,False,5,semantic_fluent_false_evidence,0.04330127018922193,1.0,0.8484848484848485,0.0,0.5870174777726584
5ae35e8c5542990afbd1e120,hotpotqa::david_m._pendergast::0be7feaff9,False,False,5,semantic_fluent_false_evidence,0.04330127018922193,1.0,0.8181818181818181,0.0,0.5809568717120525
5a78b5f7554299148911f95b,poison::semantic_fluent_false_evidence::5a78b5f7554299148911f95b::0::380d7391a1,True,False,5,semantic_fluent_false_evidence,0.041457809879442496,0.0,0.4444444444444444,0.0,0.10547201284066587
5a78b5f7554299148911f95b,poison::semantic_fluent_false_evidence::5a78b5f7554299148911f95b::3::affbf218ec,True,False,5,semantic_fluent_false_evidence,0.041457809879442496,0.0,0.3076923076923077,0.0,0.07812158549023854
5a78b5f7554299148911f95b,poison::semantic_fluent_false_evidence::5a78b5f7554299148911f95b::2::f127d2aa33,True,False,5,semantic_fluent_false_evidence,0.05,0.0,0.5172413793103448,0.0,0.12344827586206894
5a78b5f7554299148911f95b,poison::semantic_fluent_false_evidence::5a78b5f7554299148911f95b::1::106d69cd1e,True,False,5,semantic_fluent_false_evidence,0.10825317547305484,1.0,0.5882352941176471,0.0,0.5609483290127513
5a78b5f7554299148911f95b,hotpotqa::mustafa_shakir::9136e5a0ca,False,True,5,semantic_fluent_false_evidence,0.2902046691560975,0.75,0.9210526315789473,0.0,0.6002923939782285
5a78b5f7554299148911f95b,poison::semantic_fluent_false_evidence::5a78b5f7554299148911f95b::4::2e84c189c4,True,False,5,semantic_fluent_false_evidence,0.04330127018922193,0.25,0.31999999999999995,0.0,0.18132050807568875
5a78b5f7554299148911f95b,hotpotqa::fantastic_contraption_(2008_video_game)::8cb77d7c06,False,False,5,semantic_fluent_false_evidence,0.6062177826491071,1.0,0.8974358974358975,0.0,0.8219742925468223
5a78b5f7554299148911f95b,hotpotqa::donna_noble::c873ea3c98,False,False,5,semantic_fluent_false_evidence,0.562916512459885,1.0,0.9622641509433962,0.0,0.8176194351726332
5a78b5f7554299148911f95b,hotpotqa::control_(fictional_character)::5a3db2e6e6,False,False,5,semantic_fluent_false_evidence,0.5678908345800273,1.0,0.9705882352941176,0.0,0.8212739808908344
5a78b5f7554299148911f95b,hotpotqa::tiffany_(comics)::44317e9e72,False,False,5,semantic_fluent_false_evidence,0.2234898096881772,1.0,0.8245614035087719,0.0,0.6543082045770252
5a78b5f7554299148911f95b,hotpotqa::spawn_(comics)::409ae93770,False,True,5,semantic_fluent_false_evidence,0.07071067811865475,1.0,0.6470588235294117,0.0,0.5576960359533443
5a78b5f7554299148911f95b,hotpotqa::malebolgia::9890071306,False,False,5,semantic_fluent_false_evidence,0.31429385792959,1.0,0.8,0.0,0.6857175431718361
5a78b5f7554299148911f95b,hotpotqa::the_binding_of_isaac_(video_game)::25f34efd22,False,False,5,semantic_fluent_false_evidence,0.1479019945774904,1.0,0.9444444444444444,0.0,0.648049686719885
5a78b5f7554299148911f95b,hotpotqa::tomb_raider::4c7b878b50,False,False,5,semantic_fluent_false_evidence,0.15811388300841897,1.0,0.8571428571428572,0.0,0.6346741246319391
5a84e9d35542994c784dda84,poison::semantic_fluent_false_evidence::5a84e9d35542994c784dda84::3::eaea8276e6,True,False,5,semantic_fluent_false_evidence,0.05448623679425842,0.0,0.5333333333333333,0.0,0.12846116138437003
5a84e9d35542994c784dda84,poison::semantic_fluent_false_evidence::5a84e9d35542994c784dda84::4::85ea04811d,True,False,5,semantic_fluent_false_evidence,0.07755233453210572,0.75,0.5714285714285714,0.0,0.4453066480985566
5a84e9d35542994c784dda84,poison::semantic_fluent_false_evidence::5a84e9d35542994c784dda84::0::0b1ff3ac37,True,False,5,semantic_fluent_false_evidence,0.04665063509461097,0.0,0.64,0.0,0.14666025403784438
5a84e9d35542994c784dda84,poison::semantic_fluent_false_evidence::5a84e9d35542994c784dda84::1::5d94bc4aeb,True,False,5,semantic_fluent_false_evidence,0.025,0.0,0.5757575757575757,0.0,0.12515151515151515
5a84e9d35542994c784dda84,poison::semantic_fluent_false_evidence::5a84e9d35542994c784dda84::2::921ca1abf8,True,False,5,semantic_fluent_false_evidence,0.11160254037844386,0.0,0.48275862068965514,0.0,0.14119274028930856
5a84e9d35542994c784dda84,hotpotqa::nike_mercurial_vapor::992a8ea9f6,False,True,5,semantic_fluent_false_evidence,0.33465023573333386,1.0,0.9375,0.0,0.7213600942933336
5a84e9d35542994c784dda84,hotpotqa::tommy_hyslop::4d518ab663,False,False,5,semantic_fluent_false_evidence,0.20562374497485914,1.0,0.8333333333333334,0.0,0.6489161646566103
5a84e9d35542994c784dda84,hotpotqa::stoke_city_f.c.::5630319183,False,False,5,semantic_fluent_false_evidence,0.041457809879442496,1.0,0.5454545454545454,0.0,0.5256740330426861
5a84e9d35542994c784dda84,hotpotqa::stoke_gabriel_a.f.c.::d08674e2a4,False,False,5,semantic_fluent_false_evidence,0.29474565306378986,1.0,0.8333333333333334,0.0,0.6845649278921826
5a84e9d35542994c784dda84,hotpotqa::xherdan_shaqiri::36bd8fef0f,False,True,5,semantic_fluent_false_evidence,0.2796147959201631,1.0,0.6923076923076923,0.0,0.6503074568296037
5a84e9d35542994c784dda84,hotpotqa::stoke_city_f.c._in_european_football::b062e9a379,False,False,5,semantic_fluent_false_evidence,0.1888892370978566,1.0,0.8571428571428572,0.0,0.6469842662677141
5a84e9d35542994c784dda84,hotpotqa::stoke_city_f.c._league_record_by_opponent::be181396e8,False,False,5,semantic_fluent_false_evidence,0.10696798155377502,1.0,0.8387096774193549,0.0,0.610529128105381
5a7cfea2554299452d57babe,poison::semantic_fluent_false_evidence::5a7cfea2554299452d57babe::4::d917891daf,True,False,5,semantic_fluent_false_evidence,0.06310844497405346,0.0,0.3913043478260869,0.0,0.10350424755483875
5a7cfea2554299452d57babe,poison::semantic_fluent_false_evidence::5a7cfea2554299452d57babe::2::f091c655fa,True,False,5,semantic_fluent_false_evidence,0.07071067811865475,0.0,0.4285714285714286,0.0,0.11399855696174761
5a7cfea2554299452d57babe,poison::semantic_fluent_false_evidence::5a7cfea2554299452d57babe::0::b567f86c4f,True,False,5,semantic_fluent_false_evidence,0.06310844497405346,0.0,0.29166666666666663,0.0,0.08357671132295472
5a7cfea2554299452d57babe,poison::semantic_fluent_false_evidence::5a7cfea2554299452d57babe::1::503880a030,True,False,5,semantic_fluent_false_evidence,0.035355339059327376,0.0,0.4042553191489362,0.0,0.09499319945351818
5a7cfea2554299452d57babe,hotpotqa::portrait_werner_herzog::6cdfa12b87,False,False,5,semantic_fluent_false_evidence,0.08660254037844387,1.0,1.0,0.0,0.6346410161513776
5a7cfea2554299452d57babe,poison::semantic_fluent_false_evidence::5a7cfea2554299452d57babe::3::d5bf1c96c0,True,False,5,semantic_fluent_false_evidence,0.035355339059327376,0.75,0.4375,0.0,0.4016421356237309
5a7cfea2554299452d57babe,hotpotqa::werner_herzog_eats_his_shoe::6b49cebcbc,False,True,5,semantic_fluent_false_evidence,0.025,1.0,0.8571428571428572,0.0,0.5814285714285714
5a7cfea2554299452d57babe,hotpotqa::happy_people:_a_year_in_the_taiga::8e920942aa,False,False,5,semantic_fluent_false_evidence,0.10825317547305482,1.0,0.8205128205128205,0.0,0.607403834291786
5a7cfea2554299452d57babe,hotpotqa::lucki_stipetić::deff3eda18,False,False,5,semantic_fluent_false_evidence,0.20358361161395064,1.0,0.6666666666666667,0.0,0.6147667779789135
5a7cfea2554299452d57babe,hotpotqa::bells_from_the_deep::323d59f0b3,False,False,5,semantic_fluent_false_evidence,0.3281894265986776,1.0,0.75,0.0,0.681275770639471
5a7cfea2554299452d57babe,hotpotqa::life_after_people::d20d6a0124,False,True,5,semantic_fluent_false_evidence,0.1436140661634507,1.0,0.6521739130434783,0.0,0.5878804090740759
5a7cfea2554299452d57babe,hotpotqa::little_dieter_needs_to_fly::e47b283596,False,False,5,semantic_fluent_false_evidence,0.025,1.0,0.7142857142857143,0.0,0.5528571428571428
5a82817555429954d2e2eb5a,poison::semantic_fluent_false_evidence::5a82817555429954d2e2eb5a::3::fe35417848,True,False,5,semantic_fluent_false_evidence,0.025,0.0,0.05882352941176472,0.0,0.021764705882352943
5a82817555429954d2e2eb5a,poison::semantic_fluent_false_evidence::5a82817555429954d2e2eb5a::0::5145aaf0c0,True,False,5,semantic_fluent_false_evidence,0.06310844497405346,0.0,0.30434782608695654,0.0,0.0861129432070127
5a82817555429954d2e2eb5a,poison::semantic_fluent_false_evidence::5a82817555429954d2e2eb5a::1::185b8b1336,True,False,5,semantic_fluent_false_evidence,0.06310844497405346,0.0,0.5333333333333333,0.0,0.13191004465628806
5a82817555429954d2e2eb5a,hotpotqa::naked_soldier::01dd02ccf8,False,True,5,semantic_fluent_false_evidence,0.06123724356957945,1.0,0.8125,0.0,0.5869948974278317
5a82817555429954d2e2eb5a,poison::semantic_fluent_false_evidence::5a82817555429954d2e2eb5a::2::016f32b64f,True,False,5,semantic_fluent_false_evidence,0.06310844497405346,0.5,0.4814814814814815,0.0,0.3215396742859177
5a82817555429954d2e2eb5a,poison::semantic_fluent_false_evidence::5a82817555429954d2e2eb5a::4::859e8133a5,True,False,5,semantic_fluent_false_evidence,0.04330127018922193,0.25,0.36,0.0,0.18932050807568876
5a82817555429954d2e2eb5a,hotpotqa::follow-the-sun::06a2017050,False,False,5,semantic_fluent_false_evidence,0.6062177826491071,1.0,0.9285714285714286,0.0,0.8282013987739285
5a82817555429954d2e2eb5a,hotpotqa::scream_(franchise)::b1f0729d09,False,False,5,semantic_fluent_false_evidence,0.35707142142714254,1.0,0.8876404494382022,0.0,0.7203566584584975
5a82817555429954d2e2eb5a,hotpotqa::mel_gibson_filmography::02c30cf92c,False,False,5,semantic_fluent_false_evidence,0.30310889132455354,1.0,0.967032967032967,0.0,0.7146501499364148
5a82817555429954d2e2eb5a,poison::semantic_fluent_false_evidence::5a74a26a55429979e28829d6::4::c1eb67a3fa,False,False,5,semantic_fluent_false_evidence,0.4763139720814412,1.0,0.9622641509433962,0.0,0.7829784190212556
5a82817555429954d2e2eb5a,hotpotqa::naked_weapon::573b31efad,False,True,5,semantic_fluent_false_evidence,0.0,1.0,0.5384615384615384,0.0,0.5076923076923077
5a82817555429954d2e2eb5a,hotpotqa::naked_gun_33⅓:_the_final_insult::6e8b43ff4a,False,False,5,semantic_fluent_false_evidence,0.26315698604072063,1.0,0.8181818181818181,0.0,0.6688991580526519
5a82817555429954d2e2eb5a,hotpotqa::naked_city_(tv_series)::f81054666c,False,False,5,semantic_fluent_false_evidence,0.05,1.0,1.0,0.0,0.62
5a82817555429954d2e2eb5a,hotpotqa::the_naked_gun_2½:_the_smell_of_fear::a943164a94,False,False,5,semantic_fluent_false_evidence,0.0,1.0,0.967741935483871,0.0,0.5935483870967742
5a72f1cf5542994cef4bc414,poison::semantic_fluent_false_evidence::5a72f1cf5542994cef4bc414::2::e12180a338,True,False,5,semantic_fluent_false_evidence,0.0649519052838329,1.0,0.5151515151515151,0.0,0.5290110651438362
5a72f1cf5542994cef4bc414,poison::semantic_fluent_false_evidence::5a72f1cf5542994cef4bc414::4::a593f1354a,True,False,5,semantic_fluent_false_evidence,0.025,0.0,0.4,0.0,0.09
5a72f1cf5542994cef4bc414,poison::semantic_fluent_false_evidence::5a72f1cf5542994cef4bc414::3::ae7b53d464,True,False,5,semantic_fluent_false_evidence,0.09013878188659973,0.25,0.4444444444444444,0.0,0.22494440164352877
5a72f1cf5542994cef4bc414,poison::semantic_fluent_false_evidence::5a72f1cf5542994cef4bc414::0::d68eef7a72,True,False,5,semantic_fluent_false_evidence,0.07165063509461098,0.0,0.38235294117647056,0.0,0.10513084227313851
5a72f1cf5542994cef4bc414,poison::semantic_fluent_false_evidence::5a72f1cf5542994cef4bc414::1::12eb4e5b8b,True,False,5,semantic_fluent_false_evidence,0.04330127018922193,0.25,0.475,0.0,0.21232050807568878
5a72f1cf5542994cef4bc414,hotpotqa::the_scarlet_letter_(1995_film)::b08ca7fd02,False,True,5,semantic_fluent_false_evidence,0.041457809879442496,0.5,0.75,0.0,0.366583123951777
5a72f1cf5542994cef4bc414,hotpotqa::the_scarlet_letter_(1922_film)::5dd9de869b,False,False,5,semantic_fluent_false_evidence,0.30969360063968376,1.0,0.7222222222222222,0.0,0.668321884700318
5a72f1cf5542994cef4bc414,hotpotqa::when_ladies_meet_(1941_film)::72431e3419,False,False,5,semantic_fluent_false_evidence,0.10897247358851685,1.0,0.8269230769230769,0.0,0.608973604820022
5a72f1cf5542994cef4bc414,hotpotqa::the_bridges_of_madison_county_(film)::e340da32e9,False,False,5,semantic_fluent_false_evidence,0.14786752504271788,1.0,0.855072463768116,0.0,0.6301615027707104
5a72f1cf5542994cef4bc414,hotpotqa::veerasamy::7c63681a43,False,False,5,semantic_fluent_false_evidence,0.4763139720814412,1.0,0.9230769230769231,0.0,0.7751409734479611
5a72f1cf5542994cef4bc414,hotpotqa::robert_duvall_filmography::f0a91a816f,False,False,5,semantic_fluent_false_evidence,0.0,1.0,0.9876543209876543,0.0,0.5975308641975309
5a72f1cf5542994cef4bc414,hotpotqa::passion_of_mind::811006a743,False,False,5,semantic_fluent_false_evidence,0.15849333995318143,1.0,1.0,0.0,0.6633973359812726
5a7f57a45542992097ad2f29,poison::semantic_fluent_false_evidence::5a7f57a45542992097ad2f29::2::9e2c43b0c9,True,False,5,semantic_fluent_false_evidence,0.021650635094610966,0.0,0.7307692307692308,0.0,0.15481410019169056
5a7f57a45542992097ad2f29,poison::semantic_fluent_false_evidence::5a7f57a45542992097ad2f29::0::724051c9c0,True,False,5,semantic_fluent_false_evidence,0.06123724356957945,0.0,0.5238095238095238,0.0,0.12925680218973654
5a7f57a45542992097ad2f29,poison::semantic_fluent_false_evidence::5a7f57a45542992097ad2f29::1::d6c68443ef,True,False,5,semantic_fluent_false_evidence,0.12806035025788637,0.25,0.5217391304347826,0.0,0.2555719661901111
5a7f57a45542992097ad2f29,poison::semantic_fluent_false_evidence::5a7f57a45542992097ad2f29::3::138ad425cc,True,False,5,semantic_fluent_false_evidence,0.12462319441611301,0.25,0.736842105263158,0.0,0.2972176988190768
5a7f57a45542992097ad2f29,hotpotqa::johan_henrik_deuntzer::0edf036525,False,True,5,semantic_fluent_false_evidence,0.05590169943749475,1.0,0.9,0.0,0.6023606797749979
5a7f57a45542992097ad2f29,poison::semantic_fluent_false_evidence::5a7f57a45542992097ad2f29::4::928b1f7efc,True,False,5,semantic_fluent_false_evidence,0.07681314893876987,0.25,0.736842105263158,0.0,0.27809368062813955
5a7f57a45542992097ad2f29,hotpotqa::cabinet_of_deuntzer::643af35222,False,False,5,semantic_fluent_false_evidence,0.10930633634807257,1.0,0.6071428571428572,0.0,0.5651511059678005
5a7f57a45542992097ad2f29,hotpotqa::danish_social_liberal_party::945a78115a,False,True,5,semantic_fluent_false_evidence,0.06310844497405346,1.0,0.5833333333333333,0.0,0.541910044656288
5a7f57a45542992097ad2f29,hotpotqa::ecological_intervention::455c3d4d1c,False,False,5,semantic_fluent_false_evidence,0.32165063509461095,1.0,0.8947368421052632,0.0,0.707607622458897
5a7f57a45542992097ad2f29,hotpotqa::martin_heidegger_and_nazism::3bae4cfa19,False,False,5,semantic_fluent_false_evidence,0.34175547881583757,1.0,0.9180327868852459,0.0,0.7203087489033841
5a7f57a45542992097ad2f29,hotpotqa::otto_strasser::fa7015c281,False,False,5,semantic_fluent_false_evidence,0.2534141866589162,1.0,0.925,0.0,0.6863656746635665
5a7f57a45542992097ad2f29,hotpotqa::syriza::7cbeb76461,False,False,5,semantic_fluent_false_evidence,0.24542669193655026,1.0,0.8857142857142857,0.0,0.6753135339174772
5a7f57a45542992097ad2f29,hotpotqa::radical_left_(france)::5e17c548b5,False,False,5,semantic_fluent_false_evidence,0.08660254037844387,1.0,0.8666666666666667,0.0,0.6079743494847109
5a7cb8bc554299452d57b9be,hotpotqa::ullevaal_stadion::ca07707645,False,False,5,semantic_fluent_false_evidence,0.27185019685029527,1.0,0.7692307692307692,0.0,0.6625862325862719
5a7cb8bc554299452d57b9be,poison::semantic_fluent_false_evidence::5a7cb8bc554299452d57b9be::3::063bd23eca,True,False,5,semantic_fluent_false_evidence,0.04330127018922193,0.0,0.4444444444444444,0.0,0.10620939696457765
5a7cb8bc554299452d57b9be,poison::semantic_fluent_false_evidence::5a7cb8bc554299452d57b9be::1::3d57b0ca05,True,False,5,semantic_fluent_false_evidence,0.09594404667370092,0.0,0.45945945945945943,0.0,0.13026951056137226
5a7cb8bc554299452d57b9be,poison::semantic_fluent_false_evidence::5a7cb8bc554299452d57b9be::2::4f716cf25c,True,False,5,semantic_fluent_false_evidence,0.3985013152176761,0.25,0.33333333333333337,0.0,0.32606719275373713
5a7cb8bc554299452d57b9be,hotpotqa::subiaco_oval::fdd4d97fc6,False,False,5,semantic_fluent_false_evidence,0.19067409672111685,1.0,0.8181818181818181,0.0,0.6399060023248103
5a7cb8bc554299452d57b9be,poison::semantic_fluent_false_evidence::5a7cb8bc554299452d57b9be::4::97c6833ef9,True,False,5,semantic_fluent_false_evidence,0.3574578072274555,0.75,0.42105263157894735,0.0,0.5271936492067717
5a7cb8bc554299452d57b9be,hotpotqa::gaddafi_stadium::116bf9f3ba,False,True,5,semantic_fluent_false_evidence,0.2607081701826776,1.0,0.6857142857142857,0.0,0.6414261252159281
5a7cb8bc554299452d57b9be,hotpotqa::lahore_lions::9b5adb710a,False,False,5,semantic_fluent_false_evidence,0.041457809879442496,1.0,0.7666666666666666,0.0,0.5699164572851103
5a7cb8bc554299452d57b9be,hotpotqa::oleai_sports_complex::a73dc71653,False,False,5,semantic_fluent_false_evidence,0.5402545696243577,1.0,0.64,0.0,0.7441018278497431
5a7cb8bc554299452d57b9be,hotpotqa::lahore_eagles::32e8463fc6,False,True,5,semantic_fluent_false_evidence,0.21028254801575902,1.0,0.75,0.0,0.6341130192063036
5a7cb8bc554299452d57b9be,poison::semantic_fluent_false_evidence::5a7cb8bc554299452d57b9be::0::0fbe7cc768,True,False,5,semantic_fluent_false_evidence,0.20657298807917437,0.25,0.6538461538461539,0.0,0.3133984260009005
5a7cb8bc554299452d57b9be,"hotpotqa::aamer_iqbal_(cricketer,_born_1990)::36233298ef",False,False,5,semantic_fluent_false_evidence,0.0,1.0,0.9166666666666666,0.0,0.5833333333333333
5abecdf45542997719eab5d4,hotpotqa::lake_wales_ridge_national_wildlife_refuge::025fbeaa1d,False,True,5,semantic_fluent_false_evidence,0.06123724356957945,1.0,1.0,0.0,0.6244948974278317
5abecdf45542997719eab5d4,poison::semantic_fluent_false_evidence::5abecdf45542997719eab5d4::4::483d0d4ed2,True,False,5,semantic_fluent_false_evidence,0.06310844497405346,0.0,0.33333333333333337,0.0,0.09191004465628806
5abecdf45542997719eab5d4,poison::semantic_fluent_false_evidence::5abecdf45542997719eab5d4::1::9186b90a6b,True,False,5,semantic_fluent_false_evidence,0.06310844497405346,0.0,0.6,0.0,0.1452433779896214
5abecdf45542997719eab5d4,poison::semantic_fluent_false_evidence::5abecdf45542997719eab5d4::2::09e5d705ea,True,False,5,semantic_fluent_false_evidence,0.08288787866419042,0.0,0.3846153846153846,0.0,0.1100782283887531
5abecdf45542997719eab5d4,poison::semantic_fluent_false_evidence::5abecdf45542997719eab5d4::3::363a241c8e,True,False,5,semantic_fluent_false_evidence,0.04665063509461097,0.5,0.23809523809523814,0.0,0.266279301656892
5abecdf45542997719eab5d4,poison::semantic_fluent_false_evidence::5abecdf45542997719eab5d4::0::f1b1bcaee1,True,False,5,semantic_fluent_false_evidence,0.025,0.5,0.59375,0.0,0.32875
5abecdf45542997719eab5d4,hotpotqa::florida_scrub::0e7543116d,False,False,5,semantic_fluent_false_evidence,0.12771665227259307,1.0,0.8181818181818181,0.0,0.6147230245454008
5abecdf45542997719eab5d4,hotpotqa::audubon_national_wildlife_refuge::14f85677d4,False,False,5,semantic_fluent_false_evidence,0.07071067811865475,1.0,0.8529411764705882,0.0,0.5988725065415795
5abecdf45542997719eab5d4,hotpotqa::medicine_lake_national_wildlife_refuge::99a5867d74,False,False,5,semantic_fluent_false_evidence,0.08291561975888499,1.0,0.8,0.0,0.593166247903554
5abecdf45542997719eab5d4,hotpotqa::florida_peninsula_inland_scrub::4b13b60862,False,False,5,semantic_fluent_false_evidence,0.13684270485857047,1.0,0.9056603773584906,0.0,0.6358691574151263
5abecdf45542997719eab5d4,"hotpotqa::palm_beach_county,_florida::dd0e0ff7f5",False,False,5,semantic_fluent_false_evidence,0.021650635094610966,1.0,0.9318181818181819,0.0,0.5950238904014807
5abecdf45542997719eab5d4,"hotpotqa::cloud_lake,_florida::9dfa8ec7e6",False,False,5,semantic_fluent_false_evidence,0.08660254037844387,1.0,0.8205128205128205,0.0,0.5987435802539417
5abecdf45542997719eab5d4,"hotpotqa::gainesville,_florida::569b54d0a3",False,False,5,semantic_fluent_false_evidence,0.13136966090768498,1.0,0.8076923076923077,0.0,0.6140863259015356
5a72abb95542992359bc3162,hotpotqa::cars_3::30844e3b23,False,True,5,semantic_fluent_false_evidence,0.10825317547305482,0.0,0.8970588235294118,0.0,0.2227130348951043
5a72abb95542992359bc3162,hotpotqa::r9_(new_york_city_subway_car)::d778022ba5,False,False,5,semantic_fluent_false_evidence,0.15,1.0,0.9523809523809523,0.0,0.6504761904761904
5a72abb95542992359bc3162,hotpotqa::cars_3_(2009_film)::a558e8294f,False,False,5,semantic_fluent_false_evidence,0.04665063509461097,0.0,0.8333333333333334,0.0,0.18532692070451107
5a72abb95542992359bc3162,poison::semantic_fluent_false_evidence::5a72abb95542992359bc3162::3::1ac436f718,True,False,5,semantic_fluent_false_evidence,0.3651164266954631,0.5,0.7777777777777778,0.0,0.5016021262337408
5a72abb95542992359bc3162,poison::semantic_fluent_false_evidence::5a72abb95542992359bc3162::4::bad7e66a1d,True,False,5,semantic_fluent_false_evidence,0.3344772040064913,0.75,0.8333333333333334,0.0,0.6004575482692631
5a72abb95542992359bc3162,hotpotqa::big_12_conference_football::750f6ef4c7,False,False,5,semantic_fluent_false_evidence,0.8317902379807063,1.0,0.9696969696969697,0.0,0.9266554891316765
5a72abb95542992359bc3162,poison::semantic_fluent_false_evidence::5ab3a83d5542992ade7c6e08::3::eb846212fb,False,False,5,semantic_fluent_false_evidence,0.5894913061275797,1.0,0.9361702127659575,0.0,0.8230305650042233
5a72abb95542992359bc3162,hotpotqa::cars_3:_driven_to_win::9c91e850f0,False,False,5,semantic_fluent_false_evidence,0.38186181969762717,0.75,0.8846153846153846,0.0,0.6296678048021278
5a72abb95542992359bc3162,hotpotqa::lyman_school_for_boys::efcb7b7248,False,False,5,semantic_fluent_false_evidence,0.5196152422706632,1.0,0.9487179487179487,0.0,0.797589686651855
5a72abb95542992359bc3162,poison::semantic_fluent_false_evidence::5ab3a83d5542992ade7c6e08::2::c013e7645f,False,False,5,semantic_fluent_false_evidence,0.4763139720814412,1.0,0.9459459459459459,0.0,0.7797147780217657
5a72abb95542992359bc3162,hotpotqa::smith!::7378660e29,False,True,5,semantic_fluent_false_evidence,0.48531306408635355,0.75,0.875,0.0,0.6691252256345415
5a72abb95542992359bc3162,hotpotqa::lightning_mcqueen::78054c8860,False,False,5,semantic_fluent_false_evidence,0.04330127018922193,1.0,0.8507462686567164,0.0,0.587469761807032
5a72abb95542992359bc3162,hotpotqa::frozen_(2013_film)::2ab9d4d614,False,False,5,semantic_fluent_false_evidence,0.34537741952908624,1.0,0.8085106382978724,0.0,0.699853095471209
5a72abb95542992359bc3162,poison::semantic_fluent_false_evidence::5a72abb95542992359bc3162::1::ad321cd519,True,False,5,semantic_fluent_false_evidence,0.0,1.0,0.6739130434782609,0.0,0.5347826086956522
5a72abb95542992359bc3162,hotpotqa::paul_newman::92c6c8f279,False,False,5,semantic_fluent_false_evidence,0.43229041164476456,1.0,0.904109589041096,0.0,0.7537380824661251
5ae5b25d5542990ba0bbb2bb,poison::semantic_fluent_false_evidence::5ae5b25d5542990ba0bbb2bb::2::46a715ce32,True,False,5,semantic_fluent_false_evidence,0.0664578098794425,0.0,0.2142857142857143,0.0,0.06944026680891986
5ae5b25d5542990ba0bbb2bb,poison::semantic_fluent_false_evidence::5ae5b25d5542990ba0bbb2bb::3::60cd0959f3,True,False,5,semantic_fluent_false_evidence,0.0649519052838329,0.0,0.14893617021276595,0.0,0.05576799615608635
5ae5b25d5542990ba0bbb2bb,poison::semantic_fluent_false_evidence::5ae5b25d5542990ba0bbb2bb::0::c777293f8d,True,False,5,semantic_fluent_false_evidence,0.05590169943749475,1.0,0.39473684210526316,0.0,0.5013080481960506
5ae5b25d5542990ba0bbb2bb,poison::semantic_fluent_false_evidence::5ae5b25d5542990ba0bbb2bb::4::43ad864ff1,True,False,5,semantic_fluent_false_evidence,0.08288787866419042,0.0,0.1777777777777778,0.0,0.06871070702123173
5ae5b25d5542990ba0bbb2bb,poison::semantic_fluent_false_evidence::5ae5b25d5542990ba0bbb2bb::1::1764573354,True,False,5,semantic_fluent_false_evidence,0.2381569860407206,1.0,0.4528301886792453,0.0,0.5858288321521373
5ae5b25d5542990ba0bbb2bb,hotpotqa::slavery_in_libya::c1d52b0d2c,False,False,5,semantic_fluent_false_evidence,0.649519052838329,1.0,1.0,0.0,0.8598076211353316
5ae5b25d5542990ba0bbb2bb,hotpotqa::science_supercourse::ffb8bdbee7,False,False,5,semantic_fluent_false_evidence,0.6062177826491071,1.0,0.9193548387096774,0.0,0.8263580808015784
5ae5b25d5542990ba0bbb2bb,hotpotqa::music_for_dogs::4ca728a003,False,False,5,semantic_fluent_false_evidence,0.562916512459885,1.0,0.8372093023255813,0.0,0.7926084654490703
5ae5b25d5542990ba0bbb2bb,hotpotqa::women's_missionary_and_service_commission::6056aecde9,False,False,5,semantic_fluent_false_evidence,0.5196152422706632,1.0,0.896551724137931,0.0,0.7871564417358515
5ae5b25d5542990ba0bbb2bb,hotpotqa::valens_aqueduct::cf6f529811,False,False,5,semantic_fluent_false_evidence,0.5214163403653552,1.0,0.8717948717948718,0.0,0.7829255105051164
5ae5b25d5542990ba0bbb2bb,hotpotqa::roman_karmen::8e0651ce08,False,True,5,semantic_fluent_false_evidence,0.34641016151377546,1.0,0.65,0.0,0.6685640646055102
5ae5b25d5542990ba0bbb2bb,hotpotqa::christopher_guest::504db32b6f,False,True,5,semantic_fluent_false_evidence,0.24423318910398678,1.0,0.7142857142857143,0.0,0.6405504184987375
5ae5b25d5542990ba0bbb2bb,hotpotqa::oleg_makara::638b62e3f0,False,False,5,semantic_fluent_false_evidence,0.5931905258852337,1.0,0.8478260869565217,0.0,0.8068414277453979
5ae5b25d5542990ba0bbb2bb,hotpotqa::christopher_bassford::4843b091d1,False,False,5,semantic_fluent_false_evidence,0.5590169943749475,1.0,0.9213483146067416,0.0,0.8078764606713273
5ae5b25d5542990ba0bbb2bb,hotpotqa::nuremberg_trials_(film)::c528ccda25,False,False,5,semantic_fluent_false_evidence,0.5441336361039676,1.0,0.5882352941176471,0.0,0.7353005132651165
5ae5b25d5542990ba0bbb2bb,hotpotqa::the_true_adventures_of_wolfboy::96afb093f9,False,False,5,semantic_fluent_false_evidence,0.16393596310755001,1.0,0.8260869565217391,0.0,0.6307917765473678
5ae5e62455429929b0807a07,poison::semantic_fluent_false_evidence::5ae5e62455429929b0807a07::4::7ae5ce496a,True,False,5,semantic_fluent_false_evidence,0.09236131321326571,0.0,0.31999999999999995,0.0,0.10094452528530629
5ae5e62455429929b0807a07,poison::semantic_fluent_false_evidence::5ae5e62455429929b0807a07::2::5461ce3d61,True,False,5,semantic_fluent_false_evidence,0.07165063509461098,0.0,0.4,0.0,0.10866025403784438
5ae5e62455429929b0807a07,poison::semantic_fluent_false_evidence::5ae5e62455429929b0807a07::0::ba960049c4,True,False,5,semantic_fluent_false_evidence,0.0739509972887452,0.0,0.5,0.0,0.12958039891549808
5ae5e62455429929b0807a07,poison::semantic_fluent_false_evidence::5ae5e62455429929b0807a07::3::9dffb0c76a,True,False,5,semantic_fluent_false_evidence,0.09665063509461097,0.0,0.3529411764705882,0.0,0.10924848933196203
5ae5e62455429929b0807a07,poison::semantic_fluent_false_evidence::5ae5e62455429929b0807a07::1::d27898a1e6,True,False,5,semantic_fluent_false_evidence,0.08660254037844387,0.0,0.5714285714285714,0.0,0.14892673043709181
5ae5e62455429929b0807a07,hotpotqa::giovanna_d'arco::31adbb4c1a,False,True,5,semantic_fluent_false_evidence,0.34641016151377546,1.0,0.7142857142857143,0.0,0.681421207462653
5ae5e62455429929b0807a07,hotpotqa::giovanna_d'arco_al_rogo::c0a7b3927d,False,False,5,semantic_fluent_false_evidence,0.4119136431536396,1.0,0.8157894736842105,0.0,0.7279233519982979
5ae5e62455429929b0807a07,hotpotqa::giovanna_gray::3ee6c96d3e,False,False,5,semantic_fluent_false_evidence,0.43165703170852354,1.0,0.8095238095238095,0.0,0.7345675745881713
5ae5e62455429929b0807a07,hotpotqa::santa_maria_del_rosario_a_portamedina::e0476695be,False,False,5,semantic_fluent_false_evidence,0.1479019945774904,1.0,0.875,0.0,0.6341607978309962
5ae5e62455429929b0807a07,hotpotqa::jacopo_puccini::fbca4c1f36,False,False,5,semantic_fluent_false_evidence,0.10590169943749475,1.0,0.8333333333333334,0.0,0.6090273464416646
5ae5e62455429929b0807a07,hotpotqa::giuseppe_verdi::7a23521900,False,True,5,semantic_fluent_false_evidence,0.04330127018922193,1.0,0.6666666666666667,0.0,0.5506538414090222
5ae0120155429925eb1afbfb,poison::semantic_fluent_false_evidence::5ae0120155429925eb1afbfb::3::8b955329ff,True,False,5,semantic_fluent_false_evidence,0.11732332061310238,0.0,0.52,0.0,0.15092932824524094
5ae0120155429925eb1afbfb,poison::semantic_fluent_false_evidence::5ae0120155429925eb1afbfb::4::f9a7b23093,True,False,5,semantic_fluent_false_evidence,0.05448623679425842,0.0,0.5238095238095238,0.0,0.12655639947960812
5ae0120155429925eb1afbfb,poison::semantic_fluent_false_evidence::5ae0120155429925eb1afbfb::2::786b3dd4cc,True,False,5,semantic_fluent_false_evidence,0.07681314893876987,0.25,0.59375,0.0,0.24947525957550795
5ae0120155429925eb1afbfb,poison::semantic_fluent_false_evidence::5ae0120155429925eb1afbfb::1::a6c34bbb63,True,False,5,semantic_fluent_false_evidence,0.05700597415393834,0.0,0.5666666666666667,0.0,0.13613572299490867
5ae0120155429925eb1afbfb,poison::semantic_fluent_false_evidence::5ae0120155429925eb1afbfb::0::64dd5dd1d2,True,False,5,semantic_fluent_false_evidence,0.041457809879442496,0.0,0.4482758620689655,0.0,0.1062382963655701
5ae0120155429925eb1afbfb,"hotpotqa::kim_dong-won_(director,_born_1962)::c353ae32ca",False,True,5,semantic_fluent_false_evidence,0.10825317547305482,1.0,0.8333333333333334,0.0,0.6099679368558886
5ae0120155429925eb1afbfb,hotpotqa::cherry_tomato_(film)::6aa4fe5aff,False,False,5,semantic_fluent_false_evidence,0.08660254037844387,1.0,0.8333333333333334,0.0,0.6013076828180443
5ae0120155429925eb1afbfb,hotpotqa::between_love_and_hate::ed94063cd1,False,False,5,semantic_fluent_false_evidence,0.55,1.0,0.8275862068965517,0.0,0.7855172413793103
5ae0120155429925eb1afbfb,hotpotqa::muffin_top:_a_love_story::32ba8eea22,False,False,5,semantic_fluent_false_evidence,0.2958039891549808,1.0,0.9272727272727272,0.0,0.7037761411165377
5ae0120155429925eb1afbfb,hotpotqa::the_attorney::ae91ccfc92,False,False,5,semantic_fluent_false_evidence,0.4636809247747852,1.0,0.8,0.0,0.7454723699099141
5ae0120155429925eb1afbfb,"hotpotqa::kim_dong-won_(filmmaker,_born_1955)::40ff7bdb49",False,False,5,semantic_fluent_false_evidence,0.0,1.0,0.6428571428571428,0.0,0.5285714285714286
5ae0120155429925eb1afbfb,hotpotqa::city_of_damnation::8341f8d7a3,False,False,5,semantic_fluent_false_evidence,0.0,1.0,0.7647058823529411,0.0,0.5529411764705883
5ae0120155429925eb1afbfb,"hotpotqa::my_boss,_my_teacher::aa1cec8180",False,True,5,semantic_fluent_false_evidence,0.225,1.0,0.5,0.0,0.5900000000000001
5ae0120155429925eb1afbfb,hotpotqa::eleventh_mom::00547aae12,False,False,5,semantic_fluent_false_evidence,0.11830127018922193,1.0,0.8571428571428572,0.0,0.6187490795042602
5abffc0d5542990832d3a1e2,poison::semantic_fluent_false_evidence::5abffc0d5542990832d3a1e2::0::f3e0de7370,True,False,5,semantic_fluent_false_evidence,0.09354143466934853,0.25,0.25,0.0,0.1874165738677394
5abffc0d5542990832d3a1e2,poison::semantic_fluent_false_evidence::5abffc0d5542990832d3a1e2::4::82576d25df,True,False,5,semantic_fluent_false_evidence,0.07071067811865475,0.0,0.8222222222222222,0.0,0.19272871569190633
5abffc0d5542990832d3a1e2,poison::semantic_fluent_false_evidence::5abffc0d5542990832d3a1e2::3::b75c35f0af,True,False,5,semantic_fluent_false_evidence,0.08660254037844387,0.25,0.7333333333333334,0.0,0.2813076828180442
5abffc0d5542990832d3a1e2,poison::semantic_fluent_false_evidence::5abffc0d5542990832d3a1e2::1::4bd1d5af7e,True,False,5,semantic_fluent_false_evidence,0.11645780987944249,1.0,0.31034482758620685,0.0,0.5086520894690183
5abffc0d5542990832d3a1e2,poison::semantic_fluent_false_evidence::5abffc0d5542990832d3a1e2::2::ecb7bdfd71,True,False,5,semantic_fluent_false_evidence,0.15405694150420948,1.0,0.38888888888888884,0.0,0.5394005543794615
5abffc0d5542990832d3a1e2,hotpotqa::harry_s_truman_birthplace_state_historic_site::382433f092,False,False,5,semantic_fluent_false_evidence,0.06310844497405346,0.5,0.8181818181818181,0.0,0.388879741625985
5abffc0d5542990832d3a1e2,hotpotqa::harry_s._truman::e2a8c53fcc,False,True,5,semantic_fluent_false_evidence,0.3330054046217075,1.0,0.8072289156626506,0.0,0.6946479449812132
5abffc0d5542990832d3a1e2,hotpotqa::pioneer_instrument_company::1104205411,False,False,5,semantic_fluent_false_evidence,0.562916512459885,1.0,0.9545454545454546,0.0,0.8160756958930449
5abffc0d5542990832d3a1e2,hotpotqa::theodor_szehinskyj::2a6aff5509,False,False,5,semantic_fluent_false_evidence,0.5123475382979799,1.0,0.9024390243902439,0.0,0.7854268201972407
5abffc0d5542990832d3a1e2,hotpotqa::japanese_instrument_of_surrender::0886dfea9d,False,False,5,semantic_fluent_false_evidence,0.4763139720814412,1.0,0.8837209302325582,0.0,0.7672697748790881
5abffc0d5542990832d3a1e2,"hotpotqa::lamar,_missouri::be353c7baa",False,True,5,semantic_fluent_false_evidence,0.07071067811865475,1.0,0.46153846153846156,0.0,0.5205919635551541
5abffc0d5542990832d3a1e2,"hotpotqa::gilbert_du_motier,_marquis_de_lafayette::2b81fdce6c",False,False,5,semantic_fluent_false_evidence,0.16583123951776998,1.0,0.9166666666666666,0.0,0.6496658291404414
5abffc0d5542990832d3a1e2,hotpotqa::sousaphone::e26c4b6f17,False,False,5,semantic_fluent_false_evidence,0.4763139720814412,1.0,0.9397590361445783,0.0,0.7784773960614921
5ae6914755429908198fa627,hotpotqa::brian_olsen::5614bae2fd,False,True,5,semantic_fluent_false_evidence,0.09594404667370092,0.5,0.6,0.0,0.35837761866948037
5ae6914755429908198fa627,poison::semantic_fluent_false_evidence::5ae6914755429908198fa627::1::24acfd6e4d,True,False,5,semantic_fluent_false_evidence,0.04330127018922193,0.0,0.4193548387096774,0.0,0.10119147581762425
5ae6914755429908198fa627,poison::semantic_fluent_false_evidence::5ae6914755429908198fa627::0::d30857ab54,True,False,5,semantic_fluent_false_evidence,0.08291561975888499,0.0,0.25,0.0,0.08316624790355401
5ae6914755429908198fa627,poison::semantic_fluent_false_evidence::5ae6914755429908198fa627::4::d18b54b2a0,True,False,5,semantic_fluent_false_evidence,0.1399519052838329,0.5,0.19999999999999996,0.0,0.29598076211353314
5ae6914755429908198fa627,poison::semantic_fluent_false_evidence::5ae6914755429908198fa627::2::1dcda25fd4,True,False,5,semantic_fluent_false_evidence,0.06310844497405346,0.5,0.2222222222222222,0.0,0.26968782243406586
5ae6914755429908198fa627,poison::semantic_fluent_false_evidence::5ae6914755429908198fa627::3::5940d6d306,True,False,5,semantic_fluent_false_evidence,0.0664578098794425,0.5,0.1515151515151515,0.0,0.2568861542548073
5ae6914755429908198fa627,hotpotqa::iron_mike_productions::7185f35d48,False,False,5,semantic_fluent_false_evidence,0.3962706863340796,1.0,0.8979591836734694,0.0,0.7381001112683256
5ae6914755429908198fa627,hotpotqa::wwc_universal_heavyweight_championship::578ec29919,False,False,5,semantic_fluent_false_evidence,0.21597980537331596,1.0,0.9019607843137255,0.0,0.6667840790120715
5ae6914755429908198fa627,hotpotqa::ucw-zero_heavyweight_championship::7c29392cac,False,False,5,semantic_fluent_false_evidence,0.40311288741492746,1.0,0.9351851851851852,0.0,0.748282192003008
5ae6914755429908198fa627,hotpotqa::zuffa::5d25bd769c,False,True,5,semantic_fluent_false_evidence,0.35541738003630635,1.0,0.75,0.0,0.6921669520145225
5ae6914755429908198fa627,hotpotqa::wec_20::e5d2bcac56,False,False,5,semantic_fluent_false_evidence,0.19620363564172272,1.0,0.6666666666666667,0.0,0.6118147875900224
5ae6914755429908198fa627,hotpotqa::mcw_heavyweight_championship::586f3b4554,False,False,5,semantic_fluent_false_evidence,0.16388041973930373,1.0,0.851063829787234,0.0,0.6357649338531683
5ab4f7fc5542991779162d43,hotpotqa::kete_krachi::4adde8a589,False,True,5,semantic_fluent_false_evidence,0.021650635094610966,0.0,0.8214285714285714,0.0,0.17294596832355866
5ab4f7fc5542991779162d43,poison::semantic_fluent_false_evidence::5ab4f7fc5542991779162d43::0::59744dc6e8,True,False,5,semantic_fluent_false_evidence,0.04330127018922193,0.25,0.0,0.0,0.11732050807568876
5ab4f7fc5542991779162d43,poison::semantic_fluent_false_evidence::5ab4f7fc5542991779162d43::3::1958a066a2,True,False,5,semantic_fluent_false_evidence,0.04330127018922193,0.0,0.03703703703703709,0.0,0.02472791548309619
5ab4f7fc5542991779162d43,poison::semantic_fluent_false_evidence::5ab4f7fc5542991779162d43::2::437119bc01,True,False,5,semantic_fluent_false_evidence,0.09778750698348035,0.75,0.3846153846153846,0.0,0.41603807971646906
5ab4f7fc5542991779162d43,poison::semantic_fluent_false_evidence::5ab4f7fc5542991779162d43::4::5031e61f34,True,False,5,semantic_fluent_false_evidence,0.035355339059327376,0.25,0.5555555555555556,0.0,0.2252532467348421
5ab4f7fc5542991779162d43,hotpotqa::krachi_west_district::54612705a5,False,True,5,semantic_fluent_false_evidence,0.08288787866419042,1.0,0.5,0.0,0.5331551514656762
5ab4f7fc5542991779162d43,poison::semantic_fluent_false_evidence::5ab4f7fc5542991779162d43::1::6c5d0da8ba,True,False,5,semantic_fluent_false_evidence,0.07755233453210572,0.75,0.6190476190476191,0.0,0.45483045762236607
5ab4f7fc5542991779162d43,hotpotqa::dambai::8c5938dcc1,False,False,5,semantic_fluent_false_evidence,0.05700597415393834,1.0,0.25,0.0,0.47280238966157534
5ab4f7fc5542991779162d43,hotpotqa::kwadjokrom::7ef1a6fc01,False,False,5,semantic_fluent_false_evidence,0.041457809879442496,1.0,0.4736842105263158,0.0,0.5113199660570402
5ab4f7fc5542991779162d43,hotpotqa::baraki_barak::1b83302d96,False,False,5,semantic_fluent_false_evidence,0.44930501889028573,1.0,0.65,0.0,0.7097220075561144
5ab4f7fc5542991779162d43,hotpotqa::bologna::da4f0ec90d,False,False,5,semantic_fluent_false_evidence,0.0,1.0,0.8076923076923077,0.0,0.5615384615384615
5a75404a55429916b01642be,poison::semantic_fluent_false_evidence::5a75404a55429916b01642be::4::b137a31446,True,False,5,semantic_fluent_false_evidence,0.0,0.0,0.6875,0.0,0.1375
5a75404a55429916b01642be,poison::semantic_fluent_false_evidence::5a75404a55429916b01642be::3::c51575485b,True,False,5,semantic_fluent_false_evidence,0.05590169943749475,0.0,0.48571428571428577,0.0,0.11950353691785505
5a75404a55429916b01642be,poison::semantic_fluent_false_evidence::5a75404a55429916b01642be::0::39ff95b9bd,True,False,5,semantic_fluent_false_evidence,0.15307764064044152,1.0,0.46153846153846156,0.0,0.553538748563869
5a75404a55429916b01642be,poison::semantic_fluent_false_evidence::5a75404a55429916b01642be::1::6555f4e07a,True,False,5,semantic_fluent_false_evidence,0.229128784747792,1.0,0.6153846153846154,0.0,0.61472843697604
5a75404a55429916b01642be,hotpotqa::the_addams_family::8f88f20cca,False,True,5,semantic_fluent_false_evidence,0.6623491302215914,0.75,0.875,0.0,0.7399396520886365
5a75404a55429916b01642be,poison::semantic_fluent_false_evidence::5a75404a55429916b01642be::2::2c5c3eeffa,True,False,5,semantic_fluent_false_evidence,0.3437531032627391,0.75,0.5789473684210527,0.0,0.5532907149893062
5a75404a55429916b01642be,"hotpotqa::hall_of_languages,_syracuse_university::231c1553f3",False,True,5,semantic_fluent_false_evidence,0.15606601717798213,1.0,0.8064516129032258,0.0,0.623716729451838
5a75404a55429916b01642be,hotpotqa::waste_house::67920630a5,False,False,5,semantic_fluent_false_evidence,0.22957474226360436,1.0,0.9027777777777778,0.0,0.6723854524609972
5a75404a55429916b01642be,"hotpotqa::the_powerhouse_(san_luis_obispo,_california)::c25c99d13e",False,False,5,semantic_fluent_false_evidence,0.1451695547942804,1.0,0.8636363636363636,0.0,0.630795094644985
5a75404a55429916b01642be,hotpotqa::sanheyuan::b0a1bc32d8,False,False,5,semantic_fluent_false_evidence,0.4660877170919902,1.0,0.9340659340659341,0.0,0.7732482736499829
5a75404a55429916b01642be,"hotpotqa::university_of_california,_berkeley::109a70ff26",False,False,5,semantic_fluent_false_evidence,0.23815698604072064,1.0,0.84,0.0,0.6632627944162882
5a75404a55429916b01642be,hotpotqa::azusa_pacific_university::3dc0b504f0,False,False,5,semantic_fluent_false_evidence,0.08291561975888499,1.0,0.8723404255319149,0.0,0.607634333009937
5a8d0be85542994ba4e3dbb2,poison::semantic_fluent_false_evidence::5a8d0be85542994ba4e3dbb2::3::e3fed0a0cb,True,False,5,semantic_fluent_false_evidence,0.10231690964840563,0.25,0.3928571428571429,0.0,0.21949819243079083
5a8d0be85542994ba4e3dbb2,poison::semantic_fluent_false_evidence::5a8d0be85542994ba4e3dbb2::2::7bb528d55c,True,False,5,semantic_fluent_false_evidence,0.025,0.0,0.43999999999999995,0.0,0.09799999999999999
5a8d0be85542994ba4e3dbb2,poison::semantic_fluent_false_evidence::5a8d0be85542994ba4e3dbb2::4::6cf142550c,True,False,5,semantic_fluent_false_evidence,0.05590169943749475,0.25,0.6666666666666667,0.0,0.2556940131083313
5a8d0be85542994ba4e3dbb2,hotpotqa::maryland_jockey_club::d6a3371235,False,True,5,semantic_fluent_false_evidence,0.025,1.0,0.7619047619047619,0.0,0.5623809523809523
5a8d0be85542994ba4e3dbb2,poison::semantic_fluent_false_evidence::5a8d0be85542994ba4e3dbb2::1::2fea3f1ecf,True,False,5,semantic_fluent_false_evidence,0.11388041973930374,0.25,0.45833333333333337,0.0,0.23721883456238818
5a8d0be85542994ba4e3dbb2,poison::semantic_fluent_false_evidence::5a8d0be85542994ba4e3dbb2::0::ef2b3fda57,True,False,5,semantic_fluent_false_evidence,0.06035533905932738,0.25,0.4347826086956522,0.0,0.2110986573628614
5a8d0be85542994ba4e3dbb2,hotpotqa::2017_black-eyed_susan_stakes::db2f4e7d3f,False,False,5,semantic_fluent_false_evidence,0.19330127018922194,1.0,0.8301886792452831,0.0,0.6433582439247454
5a8d0be85542994ba4e3dbb2,hotpotqa::2016_black-eyed_susan_stakes::9f37a8dd11,False,False,5,semantic_fluent_false_evidence,0.1299038105676658,1.0,0.8148148148148149,0.0,0.6149244871900292
5a8d0be85542994ba4e3dbb2,hotpotqa::2015_black-eyed_susan_stakes::b833a0e23f,False,False,5,semantic_fluent_false_evidence,0.08660254037844387,1.0,0.8846153846153846,0.0,0.6115640930744545
5a8d0be85542994ba4e3dbb2,hotpotqa::2013_black-eyed_susan_stakes::69e2833d2d,False,False,5,semantic_fluent_false_evidence,0.2432320976760272,1.0,0.8983050847457628,0.0,0.6769538560195635
5a8d0be85542994ba4e3dbb2,"hotpotqa::bowie,_maryland::6125b88306",False,True,5,semantic_fluent_false_evidence,0.15155444566227677,1.0,0.7777777777777778,0.0,0.6161773338204662
5a8d0be85542994ba4e3dbb2,"hotpotqa::ellicott_city,_maryland::2197e7a415",False,False,5,semantic_fluent_false_evidence,0.14602406473293847,1.0,0.8076923076923077,0.0,0.6199480874316369
5a8d0be85542994ba4e3dbb2,hotpotqa::borgata::0995783393,False,False,5,semantic_fluent_false_evidence,0.49180788932265,1.0,0.8636363636363636,0.0,0.7694504284563328
5a8d0be85542994ba4e3dbb2,hotpotqa::caesars_atlantic_city::5ea1af6de2,False,False,5,semantic_fluent_false_evidence,0.33541019662496846,1.0,0.8979591836734694,0.0,0.7137559153846812
5a74a26a55429979e28829d6,poison::semantic_fluent_false_evidence::5a74a26a55429979e28829d6::2::aa9fd0c127,True,False,5,semantic_fluent_false_evidence,0.06310844497405346,0.75,0.32432432432432434,0.0,0.39010824285448625
5a74a26a55429979e28829d6,poison::semantic_fluent_false_evidence::5a74a26a55429979e28829d6::0::359daf58c7,True,False,5,semantic_fluent_false_evidence,0.05448623679425842,0.0,0.32499999999999996,0.0,0.08679449471770337
5a74a26a55429979e28829d6,poison::semantic_fluent_false_evidence::5a74a26a55429979e28829d6::3::205c8e09a1,True,False,5,semantic_fluent_false_evidence,0.041457809879442496,0.0,0.09090909090909094,0.0,0.03476494213359519
5a74a26a55429979e28829d6,hotpotqa::sonata_for_solo_cello_(crumb)::00e579366c,False,False,5,semantic_fluent_false_evidence,0.13645421834803342,1.0,0.8571428571428572,0.0,0.6260102587677848
5a74a26a55429979e28829d6,poison::semantic_fluent_false_evidence::5a74a26a55429979e28829d6::1::eadc0ab07e,True,False,5,semantic_fluent_false_evidence,0.1543010054098575,1.0,0.3529411764705882,0.0,0.5323086374580607
5a74a26a55429979e28829d6,hotpotqa::béla_bartók_music_high_school::df56656438,False,False,5,semantic_fluent_false_evidence,0.25062281651296137,1.0,0.8333333333333334,0.0,0.6669157932718512
5a74a26a55429979e28829d6,hotpotqa::balázs_kocsár::b95e204116,False,False,5,semantic_fluent_false_evidence,0.5722761571129799,1.0,0.8870967741935484,0.0,0.8063298176839016
5a74a26a55429979e28829d6,poison::semantic_fluent_false_evidence::5a74a26a55429979e28829d6::4::c1eb67a3fa,True,False,5,semantic_fluent_false_evidence,0.04330127018922193,1.0,0.5306122448979591,0.0,0.5234429570552807
5a74a26a55429979e28829d6,hotpotqa::paul_hindemith::75d4ae3655,False,True,5,semantic_fluent_false_evidence,0.021650635094610966,1.0,0.8863636363636364,0.0,0.5859329813105717
5a74a26a55429979e28829d6,"hotpotqa::suite,_op._14_(bartók)::847b2bd8c1",False,False,5,semantic_fluent_false_evidence,0.27351232510004797,1.0,0.75,0.0,0.6594049300400192
5a74a26a55429979e28829d6,hotpotqa::béla_bartók::4db99c7999,False,True,5,semantic_fluent_false_evidence,0.10825317547305482,1.0,0.625,0.0,0.5683012701892219
5a74a26a55429979e28829d6,hotpotqa::string_quartet_no._6_(bartók)::f44c5c6d0e,False,False,5,semantic_fluent_false_evidence,0.16345871038277526,1.0,0.875,0.0,0.6403834841531101
5a74a26a55429979e28829d6,hotpotqa::list_of_string_quartets_by_béla_bartók::a893410052,False,False,5,semantic_fluent_false_evidence,0.04330127018922193,1.0,0.8461538461538461,0.0,0.5865512773064581
5a74a26a55429979e28829d6,hotpotqa::list_of_compositions_by_béla_bartók::7927ca1cab,False,False,5,semantic_fluent_false_evidence,0.15155444566227677,1.0,0.8837209302325582,0.0,0.6373659643114223
5a8319b255429940e5e1a960,poison::semantic_fluent_false_evidence::5a8319b255429940e5e1a960::3::8d205bbf95,True,False,5,semantic_fluent_false_evidence,0.09125703849682212,0.0,0.0,0.0,0.03650281539872885
5a8319b255429940e5e1a960,poison::semantic_fluent_false_evidence::5a8319b255429940e5e1a960::4::c12be8332a,True,False,5,semantic_fluent_false_evidence,0.07865660924854931,0.0,0.09999999999999998,0.0,0.05146264369941972
5a8319b255429940e5e1a960,poison::semantic_fluent_false_evidence::5a8319b255429940e5e1a960::0::f8030c90fc,True,False,5,semantic_fluent_false_evidence,0.08926785535678564,0.5,0.125,0.0,0.26070714214271423
5a8319b255429940e5e1a960,poison::semantic_fluent_false_evidence::5a8319b255429940e5e1a960::2::ae4198728c,True,False,5,semantic_fluent_false_evidence,0.06123724356957945,0.0,0.5294117647058824,0.0,0.13037725036900824
5a8319b255429940e5e1a960,poison::semantic_fluent_false_evidence::5a8319b255429940e5e1a960::1::a588edce44,True,False,5,semantic_fluent_false_evidence,0.10696798155377502,0.0,0.38095238095238093,0.0,0.1189776688119862
5a8319b255429940e5e1a960,hotpotqa::alf_clausen::ae7c965b6d,False,True,5,semantic_fluent_false_evidence,0.3247595264191645,1.0,0.8518518518518519,0.0,0.7002741809380362
5a8319b255429940e5e1a960,hotpotqa::the_simpsons_theme::90225a72fa,False,True,5,semantic_fluent_false_evidence,0.041457809879442496,1.0,0.9487179487179487,0.0,0.6063267136953667
5a8319b255429940e5e1a960,hotpotqa::richard_pleasance::ca9aaccd12,False,False,5,semantic_fluent_false_evidence,0.580409338312195,1.0,0.9710144927536232,0.0,0.8263666338756026
5a8319b255429940e5e1a960,hotpotqa::disney's_adventures_of_the_gummi_bears::d5d8b57a85,False,False,5,semantic_fluent_false_evidence,0.16955262967210136,1.0,0.9775280898876404,0.0,0.6633266698463686
5a8319b255429940e5e1a960,hotpotqa::larry_groupé::59abcbd4e2,False,False,5,semantic_fluent_false_evidence,0.2796147959201631,1.0,0.9591836734693877,0.0,0.7036826530619428
5a8319b255429940e5e1a960,hotpotqa::bruce_rowland::d4010ab1d8,False,False,5,semantic_fluent_false_evidence,0.45,1.0,0.9444444444444444,0.0,0.768888888888889
5a8319b255429940e5e1a960,hotpotqa::list_of_meine_liebe_episodes::e66c1d1e7e,False,False,5,semantic_fluent_false_evidence,0.07071067811865475,1.0,0.9830508474576272,0.0,0.6248944407389874
5a7aa0a55542990198eaf165,poison::semantic_fluent_false_evidence::5a7aa0a55542990198eaf165::1::e83bbfc062,True,False,5,semantic_fluent_false_evidence,0.041457809879442496,0.0,0.6153846153846154,0.0,0.13966004702870008
5a7aa0a55542990198eaf165,poison::semantic_fluent_false_evidence::5a7aa0a55542990198eaf165::3::259ac805f3,True,False,5,semantic_fluent_false_evidence,0.06035533905932738,0.5,0.1724137931034483,0.0,0.2586248942444206
5a7aa0a55542990198eaf165,poison::semantic_fluent_false_evidence::5a7aa0a55542990198eaf165::4::459f4699c8,True,False,5,semantic_fluent_false_evidence,0.041457809879442496,0.0,0.3939393939393939,0.0,0.09537100273965579
5a7aa0a55542990198eaf165,poison::semantic_fluent_false_evidence::5a7aa0a55542990198eaf165::2::5981907287,True,False,5,semantic_fluent_false_evidence,0.10825317547305482,0.25,0.3414634146341463,0.0,0.2115939531160512
5a7aa0a55542990198eaf165,hotpotqa::jalachhayam::226d4ab863,False,False,5,semantic_fluent_false_evidence,0.08291561975888499,1.0,0.6538461538461539,0.0,0.5639354786727847
5a7aa0a55542990198eaf165,hotpotqa::laloorinu_parayanullathu::335f28d360,False,False,5,semantic_fluent_false_evidence,0.14783978394802333,1.0,0.6060606060606061,0.0,0.5803480347913306
5a7aa0a55542990198eaf165,poison::semantic_fluent_false_evidence::5a7aa0a55542990198eaf165::0::ad1c383ebd,True,False,5,semantic_fluent_false_evidence,0.07755233453210572,1.0,0.34090909090909094,0.0,0.4992027519946605
5a7aa0a55542990198eaf165,hotpotqa::sathish_kalathil::7956fc4cb9,False,True,5,semantic_fluent_false_evidence,0.2348846614600107,1.0,0.7142857142857143,0.0,0.6368110074411472
5a7aa0a55542990198eaf165,hotpotqa::veena_vaadanam::a0f38763ee,False,False,5,semantic_fluent_false_evidence,0.11645780987944249,1.0,0.7,0.0,0.586583123951777
5a7aa0a55542990198eaf165,hotpotqa::house_of_capet::0be7b9f73d,False,False,5,semantic_fluent_false_evidence,0.4763139720814412,1.0,0.8909090909090909,0.0,0.7687074070143947
5a7aa0a55542990198eaf165,hotpotqa::jacques_feyder::acb7c95bc4,False,True,5,semantic_fluent_false_evidence,0.2363135257309412,1.0,0.7741935483870968,0.0,0.6493641199697958
5a7aa0a55542990198eaf165,hotpotqa::søren_kierkegaard::25180dc354,False,False,5,semantic_fluent_false_evidence,0.08291561975888499,1.0,0.9493670886075949,0.0,0.623039665625073
5a7aa0a55542990198eaf165,hotpotqa::halldór_laxness::3021d96b14,False,False,5,semantic_fluent_false_evidence,0.05,1.0,0.9523809523809523,0.0,0.6104761904761904
5ae291bb5542996483e649f6,poison::semantic_fluent_false_evidence::5ae291bb5542996483e649f6::3::3cc2ad4e71,True,False,5,semantic_fluent_false_evidence,0.07905694150420949,0.0,0.25,0.0,0.0816227766016838
5ae291bb5542996483e649f6,poison::semantic_fluent_false_evidence::5ae291bb5542996483e649f6::2::749d1ed592,True,False,5,semantic_fluent_false_evidence,0.021650635094610966,0.0,0.1428571428571429,0.0,0.03723168260927297
5ae291bb5542996483e649f6,hotpotqa::premiere_(magazine)::300fd7849a,False,True,5,semantic_fluent_false_evidence,0.06310844497405346,1.0,0.8571428571428572,0.0,0.5966719494181929
5ae291bb5542996483e649f6,poison::semantic_fluent_false_evidence::5ae291bb5542996483e649f6::4::357c33bcdb,True,False,5,semantic_fluent_false_evidence,0.10030724434316028,0.0,0.2222222222222222,0.0,0.08456734218170855
5ae291bb5542996483e649f6,hotpotqa::hachette_filipacchi_media_u.s.::c73f1bd736,False,False,5,semantic_fluent_false_evidence,0.08291561975888499,1.0,0.8461538461538461,0.0,0.6023970171343233
5ae291bb5542996483e649f6,poison::semantic_fluent_false_evidence::5ae291bb5542996483e649f6::0::12b3fa62bf,True,False,5,semantic_fluent_false_evidence,0.07755233453210572,0.25,0.3214285714285714,0.0,0.19530664809855658
5ae291bb5542996483e649f6,hotpotqa::car_and_driver::3c430d48b1,False,False,5,semantic_fluent_false_evidence,0.11519206976395949,1.0,0.9047619047619048,0.0,0.6270292088579648
5ae291bb5542996483e649f6,poison::semantic_fluent_false_evidence::5ae291bb5542996483e649f6::1::72e478f12f,True,False,5,semantic_fluent_false_evidence,0.06310844497405346,1.0,0.4482758620689655,0.0,0.5148985504034145
5ae291bb5542996483e649f6,hotpotqa::george_(magazine)::0faa98a7de,False,False,5,semantic_fluent_false_evidence,0.1299038105676658,1.0,0.9,0.0,0.6319615242270663
5ae291bb5542996483e649f6,hotpotqa::home_(magazine)::85c942b191,False,False,5,semantic_fluent_false_evidence,0.12235821169343142,1.0,0.33333333333333337,0.0,0.5156099513440393
5ae291bb5542996483e649f6,hotpotqa::metropolitan_home::8e69afc406,False,False,5,semantic_fluent_false_evidence,0.22776083947860748,1.0,1.0,0.0,0.691104335791443
5ae291bb5542996483e649f6,hotpotqa::april_bernard::348c4792e0,False,True,5,semantic_fluent_false_evidence,0.10307764064044152,1.0,0.9230769230769231,0.0,0.6258464408715613
5a74122f55429929fddd83da,poison::semantic_fluent_false_evidence::5a74122f55429929fddd83da::2::15fbf10c3f,True,False,5,semantic_fluent_false_evidence,0.11766495694296855,0.25,0.40909090909090906,0.0,0.22888416459536925
5a74122f55429929fddd83da,poison::semantic_fluent_false_evidence::5a74122f55429929fddd83da::0::1867728f5d,True,False,5,semantic_fluent_false_evidence,0.09560163238335617,0.25,0.45833333333333337,0.0,0.22990731962000915
5a74122f55429929fddd83da,poison::semantic_fluent_false_evidence::5a74122f55429929fddd83da::1::7138accf19,True,False,5,semantic_fluent_false_evidence,0.09560163238335617,0.5,0.4642857142857143,0.0,0.3310977958104854
5a74122f55429929fddd83da,poison::semantic_fluent_false_evidence::5a74122f55429929fddd83da::3::3ce77bd1f2,True,False,5,semantic_fluent_false_evidence,0.1299038105676658,0.5,0.4545454545454546,0.0,0.34287061513615724
5a74122f55429929fddd83da,hotpotqa::two_is_better_than_one::87ef2092f0,False,True,5,semantic_fluent_false_evidence,0.10361861664838598,1.0,0.875,0.0,0.6164474466593544
5a74122f55429929fddd83da,hotpotqa::acapella_(karmin_song)::722f117e87,False,False,5,semantic_fluent_false_evidence,0.40311288741492746,1.0,0.7916666666666666,0.0,0.7195784882993043
5a74122f55429929fddd83da,hotpotqa::love_drunk::aac303b91c,False,True,5,semantic_fluent_false_evidence,0.09125703849682212,1.0,0.6585365853658536,0.0,0.5682101324718996
5a74122f55429929fddd83da,poison::semantic_fluent_false_evidence::5a74122f55429929fddd83da::4::8662e50b04,True,False,5,semantic_fluent_false_evidence,0.18193297651933965,0.25,0.65,0.0,0.3027731906077359
5a74122f55429929fddd83da,hotpotqa::bad_for_me::93a02c2428,False,False,5,semantic_fluent_false_evidence,0.09236131321326571,1.0,0.8235294117647058,0.0,0.6016504076382475
5a74122f55429929fddd83da,hotpotqa::heart_heart_heartbreak::bcfbba44d9,False,False,5,semantic_fluent_false_evidence,0.17842437833757235,1.0,0.5882352941176471,0.0,0.5890168101585583
5a74122f55429929fddd83da,hotpotqa::love_drunk_(disambiguation)::230972ca97,False,False,5,semantic_fluent_false_evidence,0.23815698604072064,1.0,0.0,0.0,0.4952627944162883
5a74122f55429929fddd83da,hotpotqa::love_drunk_(boys_like_girls_song)::c39d2dd0d2,False,False,5,semantic_fluent_false_evidence,0.21367927879132614,1.0,0.6818181818181819,0.0,0.6218353478801668
5ab3a83d5542992ade7c6e08,hotpotqa::faith_goldy::ef1a097623,False,True,5,semantic_fluent_false_evidence,0.1389110290901967,0.75,0.8055555555555556,0.0,0.5166755227471898
5ab3a83d5542992ade7c6e08,poison::semantic_fluent_false_evidence::5ab3a83d5542992ade7c6e08::3::eb846212fb,True,False,5,semantic_fluent_false_evidence,0.10070757659882046,0.0,0.41666666666666663,0.0,0.1236163639728615
5ab3a83d5542992ade7c6e08,poison::semantic_fluent_false_evidence::5ab3a83d5542992ade7c6e08::2::c013e7645f,True,False,5,semantic_fluent_false_evidence,0.07165063509461098,0.75,0.2142857142857143,0.0,0.37151739689498725
5ab3a83d5542992ade7c6e08,poison::semantic_fluent_false_evidence::5ab3a83d5542992ade7c6e08::4::cceb5347bd,True,False,5,semantic_fluent_false_evidence,0.041457809879442496,0.0,0.2941176470588235,0.0,0.0754066533635417
5ab3a83d5542992ade7c6e08,poison::semantic_fluent_false_evidence::5ab3a83d5542992ade7c6e08::1::aeffacbca8,True,False,5,semantic_fluent_false_evidence,0.06123724356957945,0.0,0.4,0.0,0.10449489742783177
5ab3a83d5542992ade7c6e08,poison::semantic_fluent_false_evidence::5ab3a83d5542992ade7c6e08::0::a5f58bba02,True,False,5,semantic_fluent_false_evidence,0.07755233453210572,0.25,0.33333333333333337,0.0,0.19768760047950895
5ab3a83d5542992ade7c6e08,hotpotqa::fired_up_(tv_series)::0a1351f3f5,False,False,5,semantic_fluent_false_evidence,0.3247595264191645,1.0,1.0,0.0,0.7299038105676658
5ab3a83d5542992ade7c6e08,"hotpotqa::move_over,_darling::ec20b4cf59",False,False,5,semantic_fluent_false_evidence,0.562916512459885,1.0,0.98,0.0,0.821166604983954
5ab3a83d5542992ade7c6e08,hotpotqa::better_than_home::8e1596a1e1,False,False,5,semantic_fluent_false_evidence,0.5678908345800273,1.0,0.9682539682539683,0.0,0.8208071274828045
5ab3a83d5542992ade7c6e08,hotpotqa::mars_nederland::dfab2324a5,False,False,5,semantic_fluent_false_evidence,0.5760859310901456,1.0,1.0,0.0,0.8304343724360581
5ab3a83d5542992ade7c6e08,hotpotqa::the_daily_stormer::95c3c20e9e,False,True,5,semantic_fluent_false_evidence,0.3020761493398643,1.0,0.7307692307692308,0.0,0.6669843058897919
5ab3a83d5542992ade7c6e08,hotpotqa::jessica_chastain_on_screen_and_stage::7e0fffa170,False,False,5,semantic_fluent_false_evidence,0.17320508075688773,1.0,0.9516129032258065,0.0,0.6596046129479164
5ab3a83d5542992ade7c6e08,hotpotqa::jessica_chastain::84e41c7971,False,False,5,semantic_fluent_false_evidence,0.4898979485566356,1.0,0.9622641509433962,0.0,0.7884120096113335
5ab3a83d5542992ade7c6e08,hotpotqa::trish_lake::0b7a9e91d5,False,False,5,semantic_fluent_false_evidence,0.08291561975888499,1.0,0.9466666666666667,0.0,0.6224995812368873
5abc219655429959677d6a1d,poison::semantic_fluent_false_evidence::5abc219655429959677d6a1d::0::c1f7928e54,True,False,5,semantic_fluent_false_evidence,0.025,1.0,0.4,0.0,0.49000000000000005
5abc219655429959677d6a1d,hotpotqa::comic_book::f0eeba8c65,False,False,5,semantic_fluent_false_evidence,0.2608495283014151,1.0,0.8082191780821918,0.0,0.6659836469370044
5abc219655429959677d6a1d,hotpotqa::spawn_(comics)::409ae93770,False,False,5,semantic_fluent_false_evidence,0.3057742063028953,1.0,0.8,0.0,0.6823096825211581
5abc219655429959677d6a1d,hotpotqa::metropolis_collectibles::018963a7cd,False,False,5,semantic_fluent_false_evidence,0.27386127875258304,1.0,0.8617021276595744,0.0,0.6818849370329481
5abc219655429959677d6a1d,poison::semantic_fluent_false_evidence::5abc219655429959677d6a1d::3::e0903be41c,True,False,5,semantic_fluent_false_evidence,0.3577588765883297,0.5,0.5294117647058824,0.0,0.44898590357650836
5abc219655429959677d6a1d,hotpotqa::theologus_autodidactus::aa2cec42b8,False,False,5,semantic_fluent_false_evidence,0.649519052838329,1.0,0.8125,0.0,0.8223076211353316
5abc219655429959677d6a1d,hotpotqa::star_crossed_(comics)::73d1629bd3,False,False,5,semantic_fluent_false_evidence,0.24609162917625377,1.0,0.8085106382978724,0.0,0.660138779330076
5abc219655429959677d6a1d,hotpotqa::comic_book_convention::40e04d0659,False,False,5,semantic_fluent_false_evidence,0.51478150704935,1.0,0.8148148148148149,0.0,0.768875565782703
5abc219655429959677d6a1d,hotpotqa::nick_fury_vs._s.h.i.e.l.d.::132ef9d795,False,False,5,semantic_fluent_false_evidence,0.28480762113533165,1.0,0.7297297297297297,0.0,0.6598689944000786
5abc219655429959677d6a1d,hotpotqa::will_jacobs::3a21c8b19c,False,False,5,semantic_fluent_false_evidence,0.36331339290944376,1.0,0.736842105263158,0.0,0.6926937782164091
5abc219655429959677d6a1d,hotpotqa::crossed_(comics)::a28200882d,False,True,5,semantic_fluent_false_evidence,0.24401769334919038,1.0,0.736842105263158,0.0,0.6449754983923077
5abc219655429959677d6a1d,poison::semantic_fluent_false_evidence::5abc219655429959677d6a1d::2::74728a7ae7,True,False,5,semantic_fluent_false_evidence,0.28809456474811485,0.5,0.5357142857142857,0.0,0.42238068304210313
5abc219655429959677d6a1d,poison::semantic_fluent_false_evidence::5abc219655429959677d6a1d::4::617e700a82,True,False,5,semantic_fluent_false_evidence,0.273746859276655,1.0,0.5151515151515151,0.0,0.612529046740965
5abc219655429959677d6a1d,hotpotqa::glenn_greenberg::e6cfee8cb5,False,False,5,semantic_fluent_false_evidence,0.18723160725057503,1.0,0.75,0.0,0.62489264290023
5abc219655429959677d6a1d,hotpotqa::garth_ennis::77c04159fb,False,True,5,semantic_fluent_false_evidence,0.22776083947860748,1.0,0.75,0.0,0.641104335791443
5abc219655429959677d6a1d,poison::semantic_fluent_false_evidence::5abc219655429959677d6a1d::1::4ba02b3b0a,True,False,5,semantic_fluent_false_evidence,0.3199489742783178,1.0,0.5116279069767442,0.0,0.6303051711066759
5a7f1d3c5542993067513639,poison::semantic_fluent_false_evidence::5a7f1d3c5542993067513639::1::e991485a8b,True,False,5,semantic_fluent_false_evidence,0.06310844497405346,0.0,0.3125,0.0,0.08774337798962138
5a7f1d3c5542993067513639,hotpotqa::mercuria_energy_group::5f23b597e6,False,True,5,semantic_fluent_false_evidence,0.1,1.0,0.5882352941176471,0.0,0.5576470588235294
5a7f1d3c5542993067513639,poison::semantic_fluent_false_evidence::5a7f1d3c5542993067513639::0::2be7318d79,True,False,5,semantic_fluent_false_evidence,0.07681314893876987,0.0,0.07407407407407407,0.0,0.04554007439032276
5a7f1d3c5542993067513639,poison::semantic_fluent_false_evidence::5a7f1d3c5542993067513639::3::d1f4161883,True,False,5,semantic_fluent_false_evidence,0.07071067811865475,0.25,0.1428571428571429,0.0,0.1568556998188905
5a7f1d3c5542993067513639,poison::semantic_fluent_false_evidence::5a7f1d3c5542993067513639::2::69682ff034,True,False,5,semantic_fluent_false_evidence,0.1294862367942584,0.0,0.5142857142857142,0.0,0.1546516375748462
5a7f1d3c5542993067513639,poison::semantic_fluent_false_evidence::5a7f1d3c5542993067513639::4::6a149ae19a,True,False,5,semantic_fluent_false_evidence,0.14971098535249733,0.25,0.1785714285714286,0.0,0.19559867985528465
5a7f1d3c5542993067513639,hotpotqa::source_uk_services::7c46fdd7fe,False,False,5,semantic_fluent_false_evidence,0.12889677372867592,1.0,0.8363636363636364,0.0,0.6188314367641976
5a7f1d3c5542993067513639,hotpotqa::douglas_cliggott::55d4c8409a,False,False,5,semantic_fluent_false_evidence,0.4636809247747852,1.0,0.8780487804878049,0.0,0.761082126007475
5a7f1d3c5542993067513639,hotpotqa::2000s_commodities_boom::86ad5ec067,False,False,5,semantic_fluent_false_evidence,0.1224744871391589,1.0,0.9420289855072463,0.0,0.6373955919571128
5a7f1d3c5542993067513639,hotpotqa::j._p._morgan_jr.::14e14238b7,False,False,5,semantic_fluent_false_evidence,0.293077705956972,1.0,0.9047619047619048,0.0,0.6981834633351698
5a7f1d3c5542993067513639,hotpotqa::semgroup::8a6b477aa5,False,False,5,semantic_fluent_false_evidence,0.25241756748325317,1.0,0.9302325581395349,0.0,0.6870135386212082
5a7f1d3c5542993067513639,hotpotqa::esso_australia::150e96af24,False,False,5,semantic_fluent_false_evidence,0.16525914962699317,1.0,0.9565217391304348,0.0,0.6574080076768842
5a7f1d3c5542993067513639,hotpotqa::hess_corporation::8f839f25f8,False,False,5,semantic_fluent_false_evidence,0.15300793879295468,1.0,0.8837209302325582,0.0,0.6379473615636935
5ae3c71f5542991a06ce9a22,poison::semantic_fluent_false_evidence::5ae3c71f5542991a06ce9a22::2::db480d62c3,True,False,5,semantic_fluent_false_evidence,0.021650635094610966,0.0,0.4285714285714286,0.0,0.0943745397521301
5ae3c71f5542991a06ce9a22,"hotpotqa::mesopotamia,_argentina::c7152dba31",False,True,5,semantic_fluent_false_evidence,0.2429449471770337,1.0,0.8666666666666667,0.0,0.6705113122041468
5ae3c71f5542991a06ce9a22,poison::semantic_fluent_false_evidence::5ae3c71f5542991a06ce9a22::3::1ebbf11389,True,False,5,semantic_fluent_false_evidence,0.035355339059327376,0.0,0.0714285714285714,0.0,0.02842784990944523
5ae3c71f5542991a06ce9a22,poison::semantic_fluent_false_evidence::5ae3c71f5542991a06ce9a22::0::67021b7478,True,False,5,semantic_fluent_false_evidence,0.04330127018922193,0.0,0.09375,0.0,0.036070508075688776
5ae3c71f5542991a06ce9a22,poison::semantic_fluent_false_evidence::5ae3c71f5542991a06ce9a22::1::d64ea56896,True,False,5,semantic_fluent_false_evidence,0.0,0.0,0.46153846153846156,0.0,0.09230769230769231
5ae3c71f5542991a06ce9a22,poison::semantic_fluent_false_evidence::5ae3c71f5542991a06ce9a22::4::cd8bce8690,True,False,5,semantic_fluent_false_evidence,0.0649519052838329,0.25,0.1785714285714286,0.0,0.16169504782781888
5ae3c71f5542991a06ce9a22,hotpotqa::national_route_12_(argentina)::6497c2c4c2,False,False,5,semantic_fluent_false_evidence,0.0664578098794425,1.0,0.8333333333333334,0.0,0.5932497906184436
5ae3c71f5542991a06ce9a22,hotpotqa::predelta_national_park::6445cc0ad8,False,True,5,semantic_fluent_false_evidence,0.04330127018922193,1.0,0.8461538461538461,0.0,0.5865512773064581
5ae3c71f5542991a06ce9a22,hotpotqa::republic_of_entre_ríos::22bc223b21,False,False,5,semantic_fluent_false_evidence,0.1224744871391589,1.0,0.9545454545454546,0.0,0.6398988857647545
5ae3c71f5542991a06ce9a22,hotpotqa::uruguay_river::64d90f5d64,False,False,5,semantic_fluent_false_evidence,0.05448623679425842,1.0,0.8,0.0,0.5817944947177034
5ae3c71f5542991a06ce9a22,hotpotqa::santa_fe_province::1d314cbecb,False,False,5,semantic_fluent_false_evidence,0.10897247358851685,1.0,0.8214285714285714,0.0,0.607874703721121
5ade7a435542997c77adee3a,hotpotqa::mountbatten-windsor::277136ba41,False,True,5,semantic_fluent_false_evidence,0.05590169943749475,0.0,0.631578947368421,0.0,0.1486764692486821
5ade7a435542997c77adee3a,poison::semantic_fluent_false_evidence::5ade7a435542997c77adee3a::4::6b38a9b33a,True,False,5,semantic_fluent_false_evidence,0.05448623679425842,0.0,0.4482758620689655,0.0,0.11144966713149647
5ade7a435542997c77adee3a,poison::semantic_fluent_false_evidence::5ade7a435542997c77adee3a::3::103f289ac7,True,False,5,semantic_fluent_false_evidence,0.0649519052838329,0.0,0.36,0.0,0.09798076211353315
5ade7a435542997c77adee3a,poison::semantic_fluent_false_evidence::5ade7a435542997c77adee3a::0::c3c65b6985,True,False,5,semantic_fluent_false_evidence,0.08926785535678564,0.0,0.3571428571428571,0.0,0.10713571357128568
5ade7a435542997c77adee3a,poison::semantic_fluent_false_evidence::5ade7a435542997c77adee3a::1::b35e6d9e6e,True,False,5,semantic_fluent_false_evidence,0.041457809879442496,0.0,0.4864864864864865,0.0,0.1138804212490743
5ade7a435542997c77adee3a,poison::semantic_fluent_false_evidence::5ade7a435542997c77adee3a::2::04714d4375,True,False,5,semantic_fluent_false_evidence,0.041457809879442496,1.0,0.7692307692307692,0.0,0.5704292777979308
5ade7a435542997c77adee3a,hotpotqa::list_of_members_of_the_house_of_windsor::6882190056,False,False,5,semantic_fluent_false_evidence,0.021650635094610966,1.0,0.65,0.0,0.5386602540378445
5ade7a435542997c77adee3a,hotpotqa::duke_of_leuchtenberg::697d911e11,False,False,5,semantic_fluent_false_evidence,0.1451695547942804,1.0,0.86,0.0,0.6300678219177122
5ade7a435542997c77adee3a,hotpotqa::batonishvili::958b11c798,False,False,5,semantic_fluent_false_evidence,0.15871820387502825,1.0,0.972972972972973,0.0,0.6580818761446059
5ade7a435542997c77adee3a,hotpotqa::line_of_succession_to_the_former_egyptian_throne::ea05da6501,False,False,5,semantic_fluent_false_evidence,0.22893968449182348,1.0,0.8888888888888888,0.0,0.6693536515745071
5ade7a435542997c77adee3a,hotpotqa::mountbatten_family::dcd78eec19,False,True,5,semantic_fluent_false_evidence,0.13062310868312782,1.0,0.7027027027027026,0.0,0.5927897840137917
5ade7a435542997c77adee3a,hotpotqa::capetian_dynasty::43764bff16,False,False,5,semantic_fluent_false_evidence,0.22303724397193572,1.0,0.9032258064516129,0.0,0.6698600588790968
5ade7a435542997c77adee3a,hotpotqa::cadet_branch::52eb7d4ab9,False,False,5,semantic_fluent_false_evidence,0.2603553390593274,1.0,0.9189189189189189,0.0,0.6879259194075147
5a80ecea55429938b6142254,poison::semantic_fluent_false_evidence::5a80ecea55429938b6142254::1::6f32b5d399,True,False,5,semantic_fluent_false_evidence,0.0649519052838329,0.0,0.4482758620689655,0.0,0.11563593452732626
5a80ecea55429938b6142254,poison::semantic_fluent_false_evidence::5a80ecea55429938b6142254::0::29bb7238cd,True,False,5,semantic_fluent_false_evidence,0.08288787866419042,0.0,0.43999999999999995,0.0,0.12115515146567617
5a80ecea55429938b6142254,poison::semantic_fluent_false_evidence::5a80ecea55429938b6142254::3::f8906ddcad,True,False,5,semantic_fluent_false_evidence,0.05590169943749475,0.0,0.6060606060606061,0.0,0.1435728009871191
5a80ecea55429938b6142254,poison::semantic_fluent_false_evidence::5a80ecea55429938b6142254::2::fbe848fbed,True,False,5,semantic_fluent_false_evidence,0.035355339059327376,0.0,0.4516129032258065,0.0,0.10446471626889224
5a80ecea55429938b6142254,poison::semantic_fluent_false_evidence::5a80ecea55429938b6142254::4::1eb08863e8,True,False,5,semantic_fluent_false_evidence,0.10361861664838598,0.0,0.4642857142857143,0.0,0.13430458951649724
5a80ecea55429938b6142254,hotpotqa::yoo_in-na::70c2edba21,False,True,5,semantic_fluent_false_evidence,0.10825317547305482,1.0,0.9743589743589743,0.0,0.6381730650610168
5a80ecea55429938b6142254,hotpotqa::my_secret_hotel::adbf4e40a6,False,True,5,semantic_fluent_false_evidence,0.30310889132455354,1.0,0.9473684210526316,0.0,0.7107172407403477
5a80ecea55429938b6142254,hotpotqa::the_secret_of_my_love::0417951616,False,False,5,semantic_fluent_false_evidence,0.3087607774591632,1.0,1.0,0.0,0.7235043109836653
5a80ecea55429938b6142254,hotpotqa::bang_eun-hee::d38853da1b,False,False,5,semantic_fluent_false_evidence,0.3512144099489807,1.0,1.0,0.0,0.7404857639795923
5a80ecea55429938b6142254,hotpotqa::yoo_ah-in::4d4e8c4c8f,False,False,5,semantic_fluent_false_evidence,0.2819038042775116,1.0,0.9411764705882353,0.0,0.7009968158286517
5a80ecea55429938b6142254,hotpotqa::secret_love_(tv_series)::664d1ad6af,False,False,5,semantic_fluent_false_evidence,0.21650635094610965,1.0,1.0,0.0,0.6866025403784438
5a80ecea55429938b6142254,hotpotqa::kim_ji-han::727bde4473,False,False,5,semantic_fluent_false_evidence,0.33738308925512506,1.0,0.9811320754716981,0.0,0.7311796507963896
5ae7cea355429952e35ea9c1,poison::semantic_fluent_false_evidence::5ae7cea355429952e35ea9c1::2::b43543e148,True,False,5,semantic_fluent_false_evidence,0.06830127018922194,0.0,0.33333333333333337,0.0,0.09398717474235545
5ae7cea355429952e35ea9c1,poison::semantic_fluent_false_evidence::5ae7cea355429952e35ea9c1::4::6ee03a8e46,True,False,5,semantic_fluent_false_evidence,0.08475908006866442,0.0,0.6153846153846154,0.0,0.15698055510438885
5ae7cea355429952e35ea9c1,poison::semantic_fluent_false_evidence::5ae7cea355429952e35ea9c1::3::ba3c250088,True,False,5,semantic_fluent_false_evidence,0.06310844497405346,0.0,0.1578947368421053,0.0,0.05682232535804245
5ae7cea355429952e35ea9c1,hotpotqa::easy_(tv_series)::f697ef3559,False,True,5,semantic_fluent_false_evidence,0.23061158095699374,1.0,0.8823529411764706,0.0,0.6687152206180916
5ae7cea355429952e35ea9c1,poison::semantic_fluent_false_evidence::5ae7cea355429952e35ea9c1::0::b18281f0d4,True,False,5,semantic_fluent_false_evidence,0.06123724356957945,0.5,0.48275862068965514,0.0,0.3210466215657628
5ae7cea355429952e35ea9c1,poison::semantic_fluent_false_evidence::5ae7cea355429952e35ea9c1::1::d493fb78e0,True,False,5,semantic_fluent_false_evidence,0.08196798155377501,0.25,0.7222222222222222,0.0,0.27723163706595444
5ae7cea355429952e35ea9c1,hotpotqa::travelers_(tv_series)::0f29fed051,False,False,5,semantic_fluent_false_evidence,0.0664578098794425,1.0,0.9,0.0,0.606583123951777
5ae7cea355429952e35ea9c1,hotpotqa::list_of_knights_of_sidonia_episodes::52ba975132,False,False,5,semantic_fluent_false_evidence,0.4968651728587948,1.0,0.9137931034482758,0.0,0.781504689833173
5ae7cea355429952e35ea9c1,hotpotqa::bloodline_(tv_series)::bf01078750,False,False,5,semantic_fluent_false_evidence,0.09920296962671668,1.0,0.825,0.0,0.6046811878506866
5ae7cea355429952e35ea9c1,hotpotqa::list_of_heroes_episodes::7b8827dd8c,False,False,5,semantic_fluent_false_evidence,0.3774917217635375,1.0,0.9090909090909091,0.0,0.7328148705235968
5ae7cea355429952e35ea9c1,hotpotqa::son_of_zorn::8e07173864,False,False,5,semantic_fluent_false_evidence,0.25275189628779005,1.0,0.9285714285714286,0.0,0.6868150442294018
5ae7cea355429952e35ea9c1,hotpotqa::dice_(tv_series)::c1aa9ead60,False,False,5,semantic_fluent_false_evidence,0.26124653298183276,1.0,0.8780487804878049,0.0,0.6801083692902941
5ae7cea355429952e35ea9c1,hotpotqa::drake_&amp;_josh::014ddba694,False,False,5,semantic_fluent_false_evidence,0.4153311931459037,1.0,0.9047619047619048,0.0,0.7470848582107424
