query_id,doc_id,is_poison,is_gold,n_poison,attack_family,rank_instability,retriever_disagreement,unsupported,claim_conflict,suspicion
5abc19705542993a06baf86e,poison::lexical_influential_token::5abc19705542993a06baf86e::2::1c7b77ae64,True,False,5,lexical_influential_token,0.021650635094610966,0.0,0.5,0.0,0.10866025403784438
5abc19705542993a06baf86e,poison::lexical_influential_token::5abc19705542993a06baf86e::0::a494930dd4,True,False,5,lexical_influential_token,0.021650635094610966,0.0,0.4285714285714286,0.0,0.0943745397521301
5abc19705542993a06baf86e,poison::lexical_influential_token::5abc19705542993a06baf86e::3::4ce9a4949f,True,False,5,lexical_influential_token,0.0,0.0,0.4285714285714286,0.0,0.08571428571428572
5abc19705542993a06baf86e,poison::lexical_influential_token::5abc19705542993a06baf86e::1::8cd28f379d,True,False,5,lexical_influential_token,0.0,0.0,0.5,0.0,0.1
5abc19705542993a06baf86e,poison::lexical_influential_token::5abc19705542993a06baf86e::4::eb4155387c,True,False,5,lexical_influential_token,0.0,0.0,0.7142857142857143,0.0,0.14285714285714285
5abc19705542993a06baf86e,hotpotqa::black_power:_the_politics_of_liberation::472221cf0a,False,False,5,lexical_influential_token,0.38458141361856035,1.0,0.9736842105263158,0.0,0.7485694075526873
5abc19705542993a06baf86e,hotpotqa::black_book_(world_war_ii)::bd1f64eb22,False,False,5,lexical_influential_token,0.31716254894180496,1.0,0.9803921568627451,0.0,0.7229434509492709
5abc19705542993a06baf86e,hotpotqa::yazidi_book_of_revelation::f76b639e3e,False,False,5,lexical_influential_token,0.584700778176325,1.0,1.0,0.0,0.83388031127053
5abc19705542993a06baf86e,hotpotqa::american_nerd::4a53da93a1,False,False,5,lexical_influential_token,0.5068283733178324,1.0,0.96875,0.0,0.7964813493271329
5abc19705542993a06baf86e,hotpotqa::black_book_(novel)::8824a6c33a,False,False,5,lexical_influential_token,0.2381569860407206,1.0,1.0,0.0,0.6952627944162882
5abc19705542993a06baf86e,hotpotqa::black_book_(film)::a2f2dbee18,False,True,5,lexical_influential_token,0.0,1.0,0.962962962962963,0.0,0.5925925925925926
5abc19705542993a06baf86e,hotpotqa::list_of_black_books_characters::2faacb9695,False,False,5,lexical_influential_token,0.0,1.0,0.9846153846153847,0.0,0.5969230769230769
5abc19705542993a06baf86e,hotpotqa::the_great_gilly_hopkins_(film)::32bd2ba089,False,False,5,lexical_influential_token,0.38405728739343037,1.0,1.0,0.0,0.7536229149573721
5abc19705542993a06baf86e,hotpotqa::hotel_mumbai::18c6f91e32,False,False,5,lexical_influential_token,0.4866980583482946,1.0,1.0,0.0,0.7946792233393178
5ab985eb554299131ca42360,poison::lexical_influential_token::5ab985eb554299131ca42360::2::a3803e80de,True,False,5,lexical_influential_token,0.3380530728220593,0.25,0.4285714285714286,0.0,0.32093551484310945
5ab985eb554299131ca42360,poison::lexical_influential_token::5ab985eb554299131ca42360::3::7db4947914,True,False,5,lexical_influential_token,0.313198229836876,0.25,0.375,0.0,0.30027929193475045
5ab985eb554299131ca42360,poison::lexical_influential_token::5ab985eb554299131ca42360::4::fad8320ff5,True,False,5,lexical_influential_token,0.06310844497405346,0.0,0.625,0.0,0.15024337798962137
5ab985eb554299131ca42360,poison::lexical_influential_token::5ab985eb554299131ca42360::1::81ccd90c69,True,False,5,lexical_influential_token,0.36548261940987664,0.25,0.4285714285714286,0.0,0.3319073334782364
5ab985eb554299131ca42360,poison::lexical_influential_token::5ab985eb554299131ca42360::0::efddc13ce4,True,False,5,lexical_influential_token,0.377225197338761,0.25,0.375,0.0,0.3258900789355044
5ab985eb554299131ca42360,hotpotqa::greyia::a38f9aa0ec,False,True,5,lexical_influential_token,0.2534141866589162,1.0,1.0,0.0,0.7013656746635665
5ab985eb554299131ca42360,hotpotqa::calyptocephalellidae::c3bfc1b8ec,False,False,5,lexical_influential_token,0.6062177826491071,1.0,1.0,0.0,0.842487113059643
5ab985eb554299131ca42360,hotpotqa::ceratozamia::642f6b94c4,False,False,5,lexical_influential_token,0.6041522986797286,1.0,1.0,0.0,0.8416609194718914
5ab985eb554299131ca42360,hotpotqa::pachyornis::3950ab7306,False,False,5,lexical_influential_token,0.5196152422706632,1.0,1.0,0.0,0.8078460969082653
5ab985eb554299131ca42360,hotpotqa::leptofoenus::2d6ca08721,False,False,5,lexical_influential_token,0.5261891294962296,1.0,1.0,0.0,0.8104756517984919
5ab985eb554299131ca42360,hotpotqa::calibanus::5fda1c2cfd,False,True,5,lexical_influential_token,0.30310889132455354,1.0,1.0,0.0,0.7212435565298214
5ab985eb554299131ca42360,hotpotqa::pieris_(plant)::ee66a740bf,False,False,5,lexical_influential_token,0.0,1.0,1.0,0.0,0.6
5ab985eb554299131ca42360,hotpotqa::kermode_bear::3e32eb4803,False,False,5,lexical_influential_token,0.04330127018922193,1.0,0.9821428571428571,0.0,0.6137490795042602
5ab985eb554299131ca42360,hotpotqa::sonerila::bfbad8cd9a,False,False,5,lexical_influential_token,0.04330127018922193,1.0,1.0,0.0,0.6173205080756887
5ae129115542990adbacf722,poison::lexical_influential_token::5ae129115542990adbacf722::0::ef08b6ad60,True,False,5,lexical_influential_token,0.04330127018922193,0.0,0.375,0.0,0.09232050807568877
5ae129115542990adbacf722,poison::lexical_influential_token::5ae129115542990adbacf722::2::bd7bff4d6e,True,False,5,lexical_influential_token,0.04330127018922193,0.0,0.4285714285714286,0.0,0.10303479378997449
5ae129115542990adbacf722,poison::lexical_influential_token::5ae129115542990adbacf722::3::4d8286a3e2,True,False,5,lexical_influential_token,0.0,0.0,0.375,0.0,0.075
5ae129115542990adbacf722,poison::lexical_influential_token::5ae129115542990adbacf722::1::5d1221c8e8,True,False,5,lexical_influential_token,0.04665063509461097,1.0,0.4285714285714286,0.0,0.5043745397521301
5ae129115542990adbacf722,poison::lexical_influential_token::5ae129115542990adbacf722::4::67b954fb05,True,False,5,lexical_influential_token,0.04665063509461097,0.0,0.625,0.0,0.14366025403784438
5ae129115542990adbacf722,hotpotqa::brown_eyes_(band)::a2b277ea78,False,False,5,lexical_influential_token,0.39357069389630217,1.0,0.7857142857142857,0.0,0.714571134701378
5ae129115542990adbacf722,hotpotqa::a_pair_of_brown_eyes::f9e19bb331,False,True,5,lexical_influential_token,0.04330127018922193,1.0,1.0,0.0,0.6173205080756887
5ae129115542990adbacf722,hotpotqa::caramel_(city_high_song)::d528d03b75,False,False,5,lexical_influential_token,0.04330127018922193,1.0,0.7941176470588236,0.0,0.5761440374874536
5ae129115542990adbacf722,hotpotqa::huillolluni::e143905aa5,False,False,5,lexical_influential_token,0.5196152422706632,1.0,1.0,0.0,0.8078460969082653
5ae129115542990adbacf722,hotpotqa::the_wild_pony::ae27c94298,False,False,5,lexical_influential_token,0.4763139720814412,1.0,0.9772727272727273,0.0,0.785980134287122
5ae129115542990adbacf722,hotpotqa::beautiful_brown_eyes::0309a4a305,False,False,5,lexical_influential_token,0.08291561975888499,1.0,0.9230769230769231,0.0,0.6177816325189387
5ae129115542990adbacf722,hotpotqa::a_spanner_in_the_works::584be53a03,False,False,5,lexical_influential_token,0.05700597415393834,1.0,0.9019607843137255,0.0,0.6031945465243205
5ae129115542990adbacf722,hotpotqa::wild_mountain_thyme::f487def6e1,False,True,5,lexical_influential_token,0.22314030144074037,1.0,0.8181818181818181,0.0,0.6528924842126598
5ae129115542990adbacf722,hotpotqa::brown_eyes_(song)::ccc4bfec91,False,False,5,lexical_influential_token,0.04330127018922193,1.0,0.9722222222222222,0.0,0.6117649525201332
5ac19f405542991316484b5b,poison::lexical_influential_token::5ac19f405542991316484b5b::2::04d4732cc8,True,False,5,lexical_influential_token,0.025,0.0,0.5,0.0,0.11000000000000001
5ac19f405542991316484b5b,poison::lexical_influential_token::5ac19f405542991316484b5b::3::ee2d93b87c,True,False,5,lexical_influential_token,0.0,0.0,0.4285714285714286,0.0,0.08571428571428572
5ac19f405542991316484b5b,poison::lexical_influential_token::5ac19f405542991316484b5b::1::10c06499d6,True,False,5,lexical_influential_token,0.0,0.0,0.5,0.0,0.1
5ac19f405542991316484b5b,poison::lexical_influential_token::5ac19f405542991316484b5b::4::c3cf2419a9,True,False,5,lexical_influential_token,0.025,0.0,0.7142857142857143,0.0,0.15285714285714286
5ac19f405542991316484b5b,poison::lexical_influential_token::5ac19f405542991316484b5b::0::46a360b3ed,True,False,5,lexical_influential_token,0.0,0.0,0.4285714285714286,0.0,0.08571428571428572
5ac19f405542991316484b5b,hotpotqa::berger_blanc_suisse::c0e14e997c,False,True,5,lexical_influential_token,0.0,1.0,1.0,0.0,0.6
5ac19f405542991316484b5b,hotpotqa::piranha:_wolf_in_the_water::6545f34bd7,False,False,5,lexical_influential_token,0.6062177826491071,1.0,1.0,0.0,0.842487113059643
5ac19f405542991316484b5b,hotpotqa::tentacle::9e66be657a,False,False,5,lexical_influential_token,0.5539629951540085,1.0,1.0,0.0,0.8215851980616034
5ac19f405542991316484b5b,hotpotqa::on_the_soul::b20010dda8,False,False,5,lexical_influential_token,0.6082762530298219,1.0,0.9807692307692307,0.0,0.839464347365775
5ac19f405542991316484b5b,hotpotqa::pandikona::f83d670016,False,True,5,lexical_influential_token,0.10606601717798211,1.0,1.0,0.0,0.6424264068711929
5ac19f405542991316484b5b,hotpotqa::coeloplana_fishelsoni::3392be2ca4,False,False,5,lexical_influential_token,0.08291561975888499,1.0,1.0,0.0,0.633166247903554
5ac19f405542991316484b5b,hotpotqa::north_atlantic_right_whale::d4c5946ae3,False,False,5,lexical_influential_token,0.05,1.0,1.0,0.0,0.62
5ac19f405542991316484b5b,hotpotqa::dogo_argentino::a9f5e395dd,False,False,5,lexical_influential_token,0.04330127018922193,1.0,1.0,0.0,0.6173205080756887
5adcbb815542994ed6169bde,poison::lexical_influential_token::5adcbb815542994ed6169bde::0::2b733bdb33,True,False,5,lexical_influential_token,0.05700597415393834,0.0,0.5,0.0,0.12280238966157533
5adcbb815542994ed6169bde,poison::lexical_influential_token::5adcbb815542994ed6169bde::2::6144497d95,True,False,5,lexical_influential_token,0.04665063509461097,0.0,0.6,0.0,0.13866025403784438
5adcbb815542994ed6169bde,poison::lexical_influential_token::5adcbb815542994ed6169bde::1::6880cae488,True,False,5,lexical_influential_token,0.04330127018922193,0.0,0.5,0.0,0.11732050807568876
5adcbb815542994ed6169bde,poison::lexical_influential_token::5adcbb815542994ed6169bde::3::b70b538fb3,True,False,5,lexical_influential_token,0.0,0.0,0.5,0.0,0.1
5adcbb815542994ed6169bde,poison::lexical_influential_token::5adcbb815542994ed6169bde::4::1cc05bb062,True,False,5,lexical_influential_token,0.0,0.0,0.8333333333333334,0.0,0.16666666666666669
5adcbb815542994ed6169bde,hotpotqa::beer_wars::99727350c8,False,True,5,lexical_influential_token,0.0,1.0,1.0,0.0,0.6
5adcbb815542994ed6169bde,hotpotqa::microbrewery::2a6c638203,False,False,5,lexical_influential_token,0.12807764064044153,1.0,1.0,0.0,0.6512310562561766
5adcbb815542994ed6169bde,hotpotqa::stone_brewing_co.::b5607ad58a,False,True,5,lexical_influential_token,0.09601432184835759,1.0,0.9333333333333333,0.0,0.6250723954060098
5adcbb815542994ed6169bde,hotpotqa::list_of_microbreweries::ada2fed5ea,False,False,5,lexical_influential_token,0.07755233453210572,1.0,0.9852941176470589,0.0,0.6280797573422541
5adcbb815542994ed6169bde,hotpotqa::beer_in_south_korea::6609b0e476,False,False,5,lexical_influential_token,0.1239675447430166,1.0,0.972972972972973,0.0,0.6441816124918012
5adcbb815542994ed6169bde,hotpotqa::list_of_breweries_in_california::67a71a4e8b,False,False,5,lexical_influential_token,0.21702864369671518,1.0,1.0,0.0,0.6868114574786861
5ae12a4b55429920d52342df,poison::lexical_influential_token::5ae12a4b55429920d52342df::0::b08f4c3908,True,False,5,lexical_influential_token,0.0649519052838329,0.0,0.4285714285714286,0.0,0.11169504782781887
5ae12a4b55429920d52342df,poison::lexical_influential_token::5ae12a4b55429920d52342df::2::abf1f78d43,True,False,5,lexical_influential_token,0.10640971516327541,0.5,0.5,0.0,0.3425638860653102
5ae12a4b55429920d52342df,poison::lexical_influential_token::5ae12a4b55429920d52342df::3::301c32684c,True,False,5,lexical_influential_token,0.1239675447430166,0.25,0.4285714285714286,0.0,0.23530130361149237
5ae12a4b55429920d52342df,poison::lexical_influential_token::5ae12a4b55429920d52342df::1::45287e767e,True,False,5,lexical_influential_token,0.12731690964840564,0.5,0.5,0.0,0.3509267638593623
5ae12a4b55429920d52342df,poison::lexical_influential_token::5ae12a4b55429920d52342df::4::80ac8a3d22,True,False,5,lexical_influential_token,0.18558659820216097,0.5,0.7142857142857143,0.0,0.41709178213800724
5ae12a4b55429920d52342df,hotpotqa::baraki_barak_district::c81e73110c,False,True,5,lexical_influential_token,0.1664578098794425,0.5,1.0,0.0,0.466583123951777
5ae12a4b55429920d52342df,hotpotqa::baraki_rajan::1be12618bb,False,False,5,lexical_influential_token,0.1109184904513966,1.0,1.0,0.0,0.6443673961805587
5ae12a4b55429920d52342df,hotpotqa::baraki_barak::1b83302d96,False,False,5,lexical_influential_token,0.1299038105676658,1.0,1.0,0.0,0.6519615242270663
5ae12a4b55429920d52342df,hotpotqa::camptown_(country_subdivision)::883ff907ec,False,False,5,lexical_influential_token,0.20444246869293392,1.0,1.0,0.0,0.6817769874771736
5ae12a4b55429920d52342df,hotpotqa::dambai::8c5938dcc1,False,False,5,lexical_influential_token,0.24251565188698476,1.0,1.0,0.0,0.697006260754794
5ae12a4b55429920d52342df,hotpotqa::baraki_barak_airstrike::c80958a239,False,False,5,lexical_influential_token,0.2063414111921025,1.0,1.0,0.0,0.682536564476841
5ae12a4b55429920d52342df,hotpotqa::mahsud::7489c757a2,False,False,5,lexical_influential_token,0.40233692348577704,1.0,0.9878048780487805,0.0,0.7584957450040669
5ac0dcf25542996f0d89cc2c,poison::lexical_influential_token::5ac0dcf25542996f0d89cc2c::0::68718d018e,True,False,5,lexical_influential_token,0.10640971516327541,0.0,0.375,0.0,0.11756388606531017
5ac0dcf25542996f0d89cc2c,poison::lexical_influential_token::5ac0dcf25542996f0d89cc2c::2::bd4fd3c71a,True,False,5,lexical_influential_token,0.0899519052838329,0.0,0.33333333333333337,0.0,0.10264742878019983
5ac0dcf25542996f0d89cc2c,poison::lexical_influential_token::5ac0dcf25542996f0d89cc2c::3::b9e2943bab,True,False,5,lexical_influential_token,0.19485571585149872,0.5,0.375,0.0,0.3529422863405995
5ac0dcf25542996f0d89cc2c,poison::lexical_influential_token::5ac0dcf25542996f0d89cc2c::1::5790ef5a97,True,False,5,lexical_influential_token,0.19485571585149872,1.0,0.4285714285714286,0.0,0.5636565720548852
5ac0dcf25542996f0d89cc2c,poison::lexical_influential_token::5ac0dcf25542996f0d89cc2c::4::051e3175f9,True,False,5,lexical_influential_token,0.2164578098794425,0.75,0.625,0.0,0.511583123951777
5ac0dcf25542996f0d89cc2c,hotpotqa::koch_family::c2e2ea36e7,False,True,5,lexical_influential_token,0.1460143218483576,0.25,1.0,0.0,0.35840572873934307
5ac0dcf25542996f0d89cc2c,hotpotqa::fred_c._koch::ac2c1a4046,False,False,5,lexical_influential_token,0.2234898096881772,0.75,0.8148148148148149,0.0,0.5523588868382339
5ac0dcf25542996f0d89cc2c,hotpotqa::david_koch::665ba42027,False,False,5,lexical_influential_token,0.25583363680084636,0.5,0.9375,0.0,0.4898334547203385
5ac0dcf25542996f0d89cc2c,hotpotqa::koch_family_foundations::2bfc7f943b,False,False,5,lexical_influential_token,0.10269505344902194,1.0,0.8723404255319149,0.0,0.6155461064859917
5ac0dcf25542996f0d89cc2c,hotpotqa::banfield_pet_hospital::4e7f4434a9,False,False,5,lexical_influential_token,0.3344772040064913,1.0,1.0,0.0,0.7337908816025965
5ac0dcf25542996f0d89cc2c,hotpotqa::dark_money_(book)::68ed7301e2,False,True,5,lexical_influential_token,0.2583594018652876,1.0,0.9516129032258065,0.0,0.6936663413912763
5ab916e155429919ba4e23a4,poison::lexical_influential_token::5ab916e155429919ba4e23a4::2::9c179f0aa8,True,False,5,lexical_influential_token,0.12472827573505249,0.25,0.6,0.0,0.26989131029402097
5ab916e155429919ba4e23a4,poison::lexical_influential_token::5ab916e155429919ba4e23a4::1::0c599845f3,True,False,5,lexical_influential_token,0.3974528273896162,0.25,0.6,0.0,0.37898113095584646
5ab916e155429919ba4e23a4,poison::lexical_influential_token::5ab916e155429919ba4e23a4::3::d71e1c85cc,True,False,5,lexical_influential_token,0.40083240945932275,0.25,0.5,0.0,0.3603329637837291
5ab916e155429919ba4e23a4,poison::lexical_influential_token::5ab916e155429919ba4e23a4::4::9c521fdf91,True,False,5,lexical_influential_token,0.3758663179772298,0.25,0.8333333333333334,0.0,0.4170131938575586
5ab916e155429919ba4e23a4,poison::lexical_influential_token::5ab916e155429919ba4e23a4::0::e02afa6906,True,False,5,lexical_influential_token,0.1442424001771182,0.25,0.5,0.0,0.2576969600708473
5ab916e155429919ba4e23a4,hotpotqa::levan_kobiashvili::99c1de46b0,False,False,5,lexical_influential_token,0.6832825184358224,1.0,1.0,0.0,0.8733130073743289
5ab916e155429919ba4e23a4,hotpotqa::chiwetel_ejiofor::9fea32c26e,False,True,5,lexical_influential_token,0.27751925372534497,1.0,1.0,0.0,0.711007701490138
5ab916e155429919ba4e23a4,hotpotqa::sinan_tuzcu::e9603f897e,False,False,5,lexical_influential_token,0.562916512459885,1.0,1.0,0.0,0.8251666049839541
5ab916e155429919ba4e23a4,hotpotqa::josé_marcos_garay::0e053f861c,False,False,5,lexical_influential_token,0.5196152422706632,1.0,1.0,0.0,0.8078460969082653
5ab916e155429919ba4e23a4,hotpotqa::schapelle_corby::344e8436a9,False,False,5,lexical_influential_token,0.6041522986797286,1.0,1.0,0.0,0.8416609194718914
5ab916e155429919ba4e23a4,hotpotqa::12_years_a_slave_(score)::507b2ab960,False,True,5,lexical_influential_token,0.357061844888465,1.0,1.0,0.0,0.7428247379553861
5ab916e155429919ba4e23a4,hotpotqa::hunger_(2008_film)::4ee9c8d5c7,False,False,5,lexical_influential_token,0.18708286933869706,1.0,1.0,0.0,0.6748331477354788
5ab916e155429919ba4e23a4,hotpotqa::liam_cunningham::da6c8a5b98,False,False,5,lexical_influential_token,0.08291561975888499,1.0,0.972972972972973,0.0,0.6277608424981487
5ab916e155429919ba4e23a4,hotpotqa::equus_(film)::5448a8650a,False,False,5,lexical_influential_token,0.08291561975888499,1.0,1.0,0.0,0.633166247903554
5a87c13f5542996e4f30890c,poison::lexical_influential_token::5a87c13f5542996e4f30890c::2::94efeea8da,True,False,5,lexical_influential_token,0.06310844497405346,0.0,0.4285714285714286,0.0,0.1109576637039071
5a87c13f5542996e4f30890c,poison::lexical_influential_token::5a87c13f5542996e4f30890c::0::b10904a349,True,False,5,lexical_influential_token,0.04330127018922193,0.0,0.375,0.0,0.09232050807568877
5a87c13f5542996e4f30890c,poison::lexical_influential_token::5a87c13f5542996e4f30890c::3::25bc621f1b,True,False,5,lexical_influential_token,0.16742443246574348,0.25,0.375,0.0,0.24196977298629738
5a87c13f5542996e4f30890c,poison::lexical_influential_token::5a87c13f5542996e4f30890c::4::8cc4e3e241,True,False,5,lexical_influential_token,0.17077379737113252,0.25,0.625,0.0,0.29330951894845303
5a87c13f5542996e4f30890c,poison::lexical_influential_token::5a87c13f5542996e4f30890c::1::d2deabdd3a,True,False,5,lexical_influential_token,0.14577379737113252,0.5,0.4285714285714286,0.0,0.34402380466273874
5a87c13f5542996e4f30890c,hotpotqa::franco_corelli::cf2a6bd56d,False,True,5,lexical_influential_token,0.36534381221629897,1.0,1.0,0.0,0.7461375248865195
5a87c13f5542996e4f30890c,hotpotqa::tosca_(1956_film)::2ecd4302eb,False,True,5,lexical_influential_token,0.5305264588078067,1.0,1.0,0.0,0.8122105835231228
5a87c13f5542996e4f30890c,hotpotqa::cesira_ferrani::57f88fe909,False,False,5,lexical_influential_token,0.5431390245600107,1.0,1.0,0.0,0.8172556098240044
5a87c13f5542996e4f30890c,hotpotqa::la_fanciulla_del_west::fa121f30b9,False,False,5,lexical_influential_token,0.21010998176911758,1.0,1.0,0.0,0.684043992707647
5a87c13f5542996e4f30890c,hotpotqa::ron_bottcher::719d0d40aa,False,False,5,lexical_influential_token,0.28865481105283264,1.0,1.0,0.0,0.7154619244211331
5a87c13f5542996e4f30890c,hotpotqa::cavalleria_rusticana_(1982_film)::d6b81761f2,False,False,5,lexical_influential_token,0.3269174207655505,1.0,1.0,0.0,0.7307669683062202
5a87c13f5542996e4f30890c,hotpotqa::repertoire_of_plácido_domingo::ebbf1ff481,False,False,5,lexical_influential_token,0.15811388300841897,1.0,1.0,0.0,0.6632455532033676
5a87c13f5542996e4f30890c,hotpotqa::plácido_domingo::5826a9b164,False,False,5,lexical_influential_token,0.15811388300841897,1.0,0.9846153846153847,0.0,0.6601686301264446
5ae1443855429920d5234362,poison::lexical_influential_token::5ae1443855429920d5234362::2::afa42e0a26,True,False,5,lexical_influential_token,0.025,0.0,0.6,0.0,0.13
5ae1443855429920d5234362,poison::lexical_influential_token::5ae1443855429920d5234362::0::9b8234198b,True,False,5,lexical_influential_token,0.041457809879442496,0.0,0.5,0.0,0.11658312395177699
5ae1443855429920d5234362,poison::lexical_influential_token::5ae1443855429920d5234362::1::b4f2cdc5b7,True,False,5,lexical_influential_token,0.021650635094610966,1.0,0.6,0.0,0.5286602540378443
5ae1443855429920d5234362,poison::lexical_influential_token::5ae1443855429920d5234362::3::a764779127,True,False,5,lexical_influential_token,0.04330127018922193,0.0,0.5,0.0,0.11732050807568876
5ae1443855429920d5234362,poison::lexical_influential_token::5ae1443855429920d5234362::4::b49317cad4,True,False,5,lexical_influential_token,0.04330127018922193,0.25,0.8333333333333334,0.0,0.28398717474235546
5ae1443855429920d5234362,hotpotqa::alexander_nikolayev::fe006ce6ef,False,True,5,lexical_influential_token,0.15421976064061854,0.75,1.0,0.0,0.5616879042562475
5ae1443855429920d5234362,hotpotqa::mikhail_linnik::ee699025d4,False,False,5,lexical_influential_token,0.04330127018922193,1.0,0.8571428571428572,0.0,0.5887490795042603
5ae1443855429920d5234362,hotpotqa::vladimir_fedorovich_vladimirov::b280270e1e,False,False,5,lexical_influential_token,0.021650635094610966,1.0,0.7058823529411764,0.0,0.5498367246260797
5ae1443855429920d5234362,hotpotqa::georgy_vasilyevich_ivanov::a5cf5b8400,False,False,5,lexical_influential_token,0.041457809879442496,1.0,0.8333333333333334,0.0,0.5832497906184437
5ae1443855429920d5234362,hotpotqa::battle_of_berlin::fc16ed73a6,False,True,5,lexical_influential_token,0.09601432184835759,1.0,0.6,0.0,0.558405728739343
5a877dd65542993e715abf79,poison::lexical_influential_token::5a877dd65542993e715abf79::2::5c46819e88,True,False,5,lexical_influential_token,0.06123724356957945,0.25,0.6,0.0,0.24449489742783176
5a877dd65542993e715abf79,poison::lexical_influential_token::5a877dd65542993e715abf79::0::f4a4bd25cf,True,False,5,lexical_influential_token,0.08660254037844387,0.0,0.5,0.0,0.13464101615137752
5a877dd65542993e715abf79,poison::lexical_influential_token::5a877dd65542993e715abf79::1::64ac9d8ed6,True,False,5,lexical_influential_token,0.07613687188886939,0.75,0.6,0.0,0.45045474875554775
5a877dd65542993e715abf79,poison::lexical_influential_token::5a877dd65542993e715abf79::3::41b46a13f4,True,False,5,lexical_influential_token,0.04330127018922193,0.0,0.5,0.0,0.11732050807568876
5a877dd65542993e715abf79,poison::lexical_influential_token::5a877dd65542993e715abf79::4::9ba6658779,True,False,5,lexical_influential_token,0.04330127018922193,0.0,0.8333333333333334,0.0,0.18398717474235543
5a877dd65542993e715abf79,hotpotqa::memoir_of_halldór_laxness::f188b81bff,False,False,5,lexical_influential_token,0.021650635094610966,1.0,1.0,0.0,0.6086602540378444
5a877dd65542993e715abf79,hotpotqa::halldór_laxness::3021d96b14,False,True,5,lexical_influential_token,0.08288787866419042,1.0,1.0,0.0,0.6331551514656761
5a877dd65542993e715abf79,hotpotqa::auður_laxness::3509505e17,False,False,5,lexical_influential_token,0.04330127018922193,1.0,1.0,0.0,0.6173205080756887
5a877dd65542993e715abf79,hotpotqa::timothy_leary::0f2b46d204,False,True,5,lexical_influential_token,0.11766495694296855,1.0,1.0,0.0,0.6470659827771874
5a877dd65542993e715abf79,hotpotqa::list_of_harry_potter_cast_members::f1a2a13a25,False,False,5,lexical_influential_token,0.4866980583482946,1.0,1.0,0.0,0.7946792233393178
5a877dd65542993e715abf79,hotpotqa::halldór_laxness_(album)::0cbfcc1922,False,False,5,lexical_influential_token,0.15155444566227677,1.0,1.0,0.0,0.6606217782649108
5a877dd65542993e715abf79,hotpotqa::guðný_halldórsdóttir::4ad28e2eaa,False,False,5,lexical_influential_token,0.0649519052838329,1.0,1.0,0.0,0.6259807621135332
5addcb215542997dc7907033,poison::lexical_influential_token::5addcb215542997dc7907033::2::7853fa7783,True,False,5,lexical_influential_token,0.05700597415393834,0.0,0.5,0.0,0.12280238966157533
5addcb215542997dc7907033,poison::lexical_influential_token::5addcb215542997dc7907033::0::65d691a3d1,True,False,5,lexical_influential_token,0.06310844497405346,0.0,0.4285714285714286,0.0,0.1109576637039071
5addcb215542997dc7907033,poison::lexical_influential_token::5addcb215542997dc7907033::3::eb3dcc2224,True,False,5,lexical_influential_token,0.035355339059327376,0.0,0.4285714285714286,0.0,0.09985642133801667
5addcb215542997dc7907033,poison::lexical_influential_token::5addcb215542997dc7907033::1::a8dc1da18d,True,False,5,lexical_influential_token,0.025,0.5,0.5,0.0,0.31
5addcb215542997dc7907033,poison::lexical_influential_token::5addcb215542997dc7907033::4::6ed99cbd39,True,False,5,lexical_influential_token,0.041457809879442496,0.0,0.7142857142857143,0.0,0.15944026680891984
5addcb215542997dc7907033,hotpotqa::victory_(puff_daddy_song)::15598d5a89,False,False,5,lexical_influential_token,0.28708550049619147,1.0,1.0,0.0,0.7148342001984765
5addcb215542997dc7907033,hotpotqa::naomi_campbell::69fae504cf,False,True,5,lexical_influential_token,0.2630945647481148,1.0,0.96,0.0,0.697237825899246
5addcb215542997dc7907033,hotpotqa::total_(group)::236bb26704,False,False,5,lexical_influential_token,0.27698149757700424,1.0,0.975609756097561,0.0,0.7059145502503139
5addcb215542997dc7907033,hotpotqa::nasty_girl_(the_notorious_b.i.g._song)::fb5b0cd493,False,True,5,lexical_influential_token,0.16802954592427444,1.0,1.0,0.0,0.6672118183697098
5addcb215542997dc7907033,hotpotqa::lionel_snell::07a7c31cb0,False,False,5,lexical_influential_token,0.08291561975888499,1.0,0.9777777777777777,0.0,0.6287218034591096
5addcb215542997dc7907033,hotpotqa::vanity_(singer)::21a46aad31,False,False,5,lexical_influential_token,0.24350362696084657,1.0,0.9733333333333334,0.0,0.6920681174510053
5addcb215542997dc7907033,hotpotqa::duets:_the_final_chapter::3f07c84bc8,False,False,5,lexical_influential_token,0.2812592837206524,1.0,0.9818181818181818,0.0,0.7088673498518974
5a72f74a55429901807daf59,poison::lexical_influential_token::5a72f74a55429901807daf59::2::0c211baa5c,True,False,5,lexical_influential_token,0.0,0.0,0.375,0.0,0.075
5a72f74a55429901807daf59,poison::lexical_influential_token::5a72f74a55429901807daf59::0::52cf906a42,True,False,5,lexical_influential_token,0.0,0.0,0.33333333333333337,0.0,0.06666666666666668
5a72f74a55429901807daf59,poison::lexical_influential_token::5a72f74a55429901807daf59::3::13b40d5c01,True,False,5,lexical_influential_token,0.08660254037844387,0.25,0.33333333333333337,0.0,0.20130768281804423
5a72f74a55429901807daf59,poison::lexical_influential_token::5a72f74a55429901807daf59::4::62bb0fef8f,True,False,5,lexical_influential_token,0.08660254037844387,0.25,0.5555555555555556,0.0,0.24575212726248866
5a72f74a55429901807daf59,poison::lexical_influential_token::5a72f74a55429901807daf59::1::061c009815,True,False,5,lexical_influential_token,0.08660254037844387,1.0,0.375,0.0,0.5096410161513776
5a72f74a55429901807daf59,hotpotqa::johnny_pemberton::7c96a93b38,False,False,5,lexical_influential_token,0.3747595264191645,1.0,1.0,0.0,0.7499038105676659
5a72f74a55429901807daf59,hotpotqa::helen_atkinson-wood::19c9e6ebe3,False,False,5,lexical_influential_token,0.6062177826491071,1.0,1.0,0.0,0.842487113059643
5a72f74a55429901807daf59,hotpotqa::ken_waller::6e6264ed45,False,False,5,lexical_influential_token,0.48476798574163293,1.0,0.9743589743589743,0.0,0.788778989168448
5a72f74a55429901807daf59,hotpotqa::francesca_fowler::d20241d25e,False,False,5,lexical_influential_token,0.5356071321407138,1.0,0.9523809523809523,0.0,0.804719043332476
5a72f74a55429901807daf59,hotpotqa::tim_bedore::afac9a7427,False,False,5,lexical_influential_token,0.2837879254887248,1.0,1.0,0.0,0.7135151701954899
5a72f74a55429901807daf59,hotpotqa::sleepless_in_seattle::8730619918,False,True,5,lexical_influential_token,0.0,1.0,1.0,0.0,0.6
5a72f74a55429901807daf59,hotpotqa::christopher_guest::504db32b6f,False,False,5,lexical_influential_token,0.0,1.0,0.9180327868852459,0.0,0.5836065573770493
5a72f74a55429901807daf59,hotpotqa::timothy_olyphant::b413e7ae6b,False,False,5,lexical_influential_token,0.0,1.0,0.9540229885057472,0.0,0.5908045977011495
5a72f74a55429901807daf59,hotpotqa::nerdland::402c721609,False,False,5,lexical_influential_token,0.08660254037844387,1.0,0.9069767441860466,0.0,0.6160363649885869
5a72f74a55429901807daf59,hotpotqa::rob_sitch::924bc9481e,False,False,5,lexical_influential_token,0.08291561975888499,1.0,0.8888888888888888,0.0,0.6109440256813318
5ae1d4e8554299234fd04312,poison::lexical_influential_token::5ae1d4e8554299234fd04312::2::ee23cfe06a,True,False,5,lexical_influential_token,0.08660254037844387,0.0,0.5,0.0,0.13464101615137752
5ae1d4e8554299234fd04312,poison::lexical_influential_token::5ae1d4e8554299234fd04312::3::9b4293c6ef,True,False,5,lexical_influential_token,0.04330127018922193,0.0,0.4285714285714286,0.0,0.10303479378997449
5ae1d4e8554299234fd04312,poison::lexical_influential_token::5ae1d4e8554299234fd04312::1::c8cef63e9e,True,False,5,lexical_influential_token,0.04330127018922193,0.75,0.5,0.0,0.41732050807568877
5ae1d4e8554299234fd04312,poison::lexical_influential_token::5ae1d4e8554299234fd04312::4::11ad1cdd5d,True,False,5,lexical_influential_token,0.04665063509461097,0.0,0.7142857142857143,0.0,0.16151739689498726
5ae1d4e8554299234fd04312,poison::lexical_influential_token::5ae1d4e8554299234fd04312::0::dcd4f87f65,True,False,5,lexical_influential_token,0.08926785535678564,0.0,0.4285714285714286,0.0,0.12142142785699997
5ae1d4e8554299234fd04312,hotpotqa::any_questions_for_ben?::39e9511188,False,True,5,lexical_influential_token,0.035355339059327376,1.0,1.0,0.0,0.6141421356237309
5ae1d4e8554299234fd04312,hotpotqa::inside_film_awards::89f3428404,False,False,5,lexical_influential_token,0.15718168992852566,1.0,0.9666666666666667,0.0,0.6562060093047436
5ae1d4e8554299234fd04312,hotpotqa::angel_(1982_irish_film)::0d08383d72,False,False,5,lexical_influential_token,0.20615528128088303,1.0,0.9230769230769231,0.0,0.6670774971277378
5ae1d4e8554299234fd04312,hotpotqa::sinclair_hill::2c12b4074a,False,False,5,lexical_influential_token,0.49180788932265,1.0,0.9473684210526316,0.0,0.7861968399395863
5ae1d4e8554299234fd04312,hotpotqa::jamie_hutchings::e2e2fdf6e3,False,False,5,lexical_influential_token,0.1299038105676658,1.0,0.9848484848484849,0.0,0.6489312211967633
5ae1d4e8554299234fd04312,hotpotqa::ben_queen::159f25f010,False,False,5,lexical_influential_token,0.04330127018922193,1.0,1.0,0.0,0.6173205080756887
5ae1d4e8554299234fd04312,hotpotqa::rob_sitch::924bc9481e,False,True,5,lexical_influential_token,0.3031088913245535,1.0,0.8,0.0,0.6812435565298214
5ae1d4e8554299234fd04312,hotpotqa::josh_schuberth::9bac85fe0c,False,False,5,lexical_influential_token,0.0,1.0,0.9583333333333334,0.0,0.5916666666666667
5ae1d4e8554299234fd04312,hotpotqa::clayton_watson::5cf0ea2a35,False,False,5,lexical_influential_token,0.08660254037844387,1.0,0.9814814814814815,0.0,0.6309373124476738
5abe3dc65542993f32c2a0c4,poison::lexical_influential_token::5abe3dc65542993f32c2a0c4::2::2d2d7c620c,True,False,5,lexical_influential_token,0.035355339059327376,0.0,0.6,0.0,0.13414213562373095
5abe3dc65542993f32c2a0c4,poison::lexical_influential_token::5abe3dc65542993f32c2a0c4::0::613dd859ca,True,False,5,lexical_influential_token,0.04330127018922193,0.0,0.5,0.0,0.11732050807568876
5abe3dc65542993f32c2a0c4,poison::lexical_influential_token::5abe3dc65542993f32c2a0c4::1::0c8fecb208,True,False,5,lexical_influential_token,0.05590169943749475,0.0,0.6,0.0,0.1423606797749979
5abe3dc65542993f32c2a0c4,poison::lexical_influential_token::5abe3dc65542993f32c2a0c4::3::8de53864ca,True,False,5,lexical_influential_token,0.021650635094610966,0.0,0.5,0.0,0.10866025403784438
5abe3dc65542993f32c2a0c4,poison::lexical_influential_token::5abe3dc65542993f32c2a0c4::4::ebd7000045,True,False,5,lexical_influential_token,0.021650635094610966,0.0,0.8333333333333334,0.0,0.17532692070451106
5abe3dc65542993f32c2a0c4,hotpotqa::swx_right_now::650cf4a5d2,False,True,5,lexical_influential_token,0.0,1.0,0.972972972972973,0.0,0.5945945945945945
5abe3dc65542993f32c2a0c4,hotpotqa::kumv-tv::81067bd485,False,False,5,lexical_influential_token,0.16742443246574348,1.0,1.0,0.0,0.6669697729862973
5abe3dc65542993f32c2a0c4,hotpotqa::kqcd-tv::78213388e0,False,False,5,lexical_influential_token,0.23848480035423641,1.0,1.0,0.0,0.6953939201416945
5abe3dc65542993f32c2a0c4,hotpotqa::kewf::9ca802a482,False,False,5,lexical_influential_token,0.11943814207809134,1.0,0.9655172413793104,0.0,0.6408787051070985
5abe3dc65542993f32c2a0c4,hotpotqa::krsq::98e18aa68c,False,False,5,lexical_influential_token,0.05448623679425842,1.0,0.95,0.0,0.6117944947177033
5abe3dc65542993f32c2a0c4,hotpotqa::kkbr::df1cb20665,False,False,5,lexical_influential_token,0.0649519052838329,1.0,0.96,0.0,0.6179807621135331
5abe3dc65542993f32c2a0c4,hotpotqa::kulr-tv::5c9de45867,False,True,5,lexical_influential_token,0.17165063509461095,1.0,1.0,0.0,0.6686602540378443
5abe3dc65542993f32c2a0c4,hotpotqa::kbxi::531cc5d365,False,False,5,lexical_influential_token,0.14602406473293847,1.0,0.9666666666666667,0.0,0.6517429592265087
5a8ed10b5542995085b374a0,poison::lexical_influential_token::5a8ed10b5542995085b374a0::2::8961dff9da,True,False,5,lexical_influential_token,0.025,0.0,0.4285714285714286,0.0,0.09571428571428572
5a8ed10b5542995085b374a0,poison::lexical_influential_token::5a8ed10b5542995085b374a0::3::3ae334516f,True,False,5,lexical_influential_token,0.09145780987944249,0.0,0.375,0.0,0.11158312395177701
5a8ed10b5542995085b374a0,poison::lexical_influential_token::5a8ed10b5542995085b374a0::4::08c4dbf6de,True,False,5,lexical_influential_token,0.05,0.0,0.625,0.0,0.145
5a8ed10b5542995085b374a0,poison::lexical_influential_token::5a8ed10b5542995085b374a0::1::dbb20d26bd,True,False,5,lexical_influential_token,0.05,0.0,0.4285714285714286,0.0,0.10571428571428572
5a8ed10b5542995085b374a0,poison::lexical_influential_token::5a8ed10b5542995085b374a0::0::105b46af38,True,False,5,lexical_influential_token,0.12165063509461096,0.0,0.375,0.0,0.12366025403784438
5a8ed10b5542995085b374a0,hotpotqa::scare_campaign::59bd630574,False,False,5,lexical_influential_token,0.0739509972887452,1.0,1.0,0.0,0.629580398915498
5a8ed10b5542995085b374a0,hotpotqa::olivia_dejonge::a3c929cfac,False,True,5,lexical_influential_token,0.11854143466934852,1.0,1.0,0.0,0.6474165738677394
5a8ed10b5542995085b374a0,hotpotqa::the_visit_(2015_american_film)::3bf2a65d06,False,True,5,lexical_influential_token,0.025,1.0,1.0,0.0,0.61
5a8ed10b5542995085b374a0,hotpotqa::hawa_(film)::a9a630e71b,False,False,5,lexical_influential_token,0.47103609203541935,1.0,1.0,0.0,0.7884144368141677
5a8ed10b5542995085b374a0,hotpotqa::the_village_(2004_film)::ab9066777e,False,False,5,lexical_influential_token,0.035355339059327376,1.0,0.975609756097561,0.0,0.6092640868432431
5a8ed10b5542995085b374a0,hotpotqa::when_a_stranger_calls_(2006_film)::3ba94badf3,False,False,5,lexical_influential_token,0.1479019945774904,1.0,1.0,0.0,0.6591607978309961
5a7a112a5542990783324e2b,poison::lexical_influential_token::5a7a112a5542990783324e2b::2::28276e610d,True,False,5,lexical_influential_token,0.0,0.0,0.5,0.0,0.1
5a7a112a5542990783324e2b,poison::lexical_influential_token::5a7a112a5542990783324e2b::3::a95901fe4b,True,False,5,lexical_influential_token,0.0,0.0,0.4285714285714286,0.0,0.08571428571428572
5a7a112a5542990783324e2b,poison::lexical_influential_token::5a7a112a5542990783324e2b::1::56b9f1a8d3,True,False,5,lexical_influential_token,0.0,0.0,0.5,0.0,0.1
5a7a112a5542990783324e2b,poison::lexical_influential_token::5a7a112a5542990783324e2b::4::f5a2a698e3,True,False,5,lexical_influential_token,0.0,0.0,0.7142857142857143,0.0,0.14285714285714285
5a7a112a5542990783324e2b,poison::lexical_influential_token::5a7a112a5542990783324e2b::0::a3bae6f77a,True,False,5,lexical_influential_token,0.0,0.0,0.4285714285714286,0.0,0.08571428571428572
5a7a112a5542990783324e2b,hotpotqa::the_forsaken_(album)::71b42f2f0f,False,False,5,lexical_influential_token,0.07071067811865475,1.0,0.9523809523809523,0.0,0.6187604617236524
5a7a112a5542990783324e2b,hotpotqa::mark_gaudet::4d656823cc,False,True,5,lexical_influential_token,0.10361861664838598,1.0,1.0,0.0,0.6414474466593544
5a7a112a5542990783324e2b,hotpotqa::steinar_sverd_johnsen::5a258b9001,False,False,5,lexical_influential_token,0.035355339059327376,1.0,1.0,0.0,0.6141421356237309
5a7a112a5542990783324e2b,hotpotqa::mezzerschmitt::10334677da,False,False,5,lexical_influential_token,0.035355339059327376,1.0,1.0,0.0,0.6141421356237309
5a7a112a5542990783324e2b,hotpotqa::jan_axel_blomberg::6815c27755,False,True,5,lexical_influential_token,0.08660254037844387,1.0,1.0,0.0,0.6346410161513776
5a7a112a5542990783324e2b,hotpotqa::erik_blomberg_(writer)::fa35e53c45,False,False,5,lexical_influential_token,0.25349109748200355,1.0,1.0,0.0,0.7013964389928014
5a7a112a5542990783324e2b,hotpotqa::axel_von_blomberg::e72d6d2006,False,False,5,lexical_influential_token,0.22033844639618666,1.0,1.0,0.0,0.6881353785584746
5ab870ee5542990e739ec8f6,poison::lexical_influential_token::5ab870ee5542990e739ec8f6::0::60f7b8b39e,True,False,5,lexical_influential_token,0.39581637377200507,0.5,0.4285714285714286,0.0,0.4440408352230877
5ab870ee5542990e739ec8f6,poison::lexical_influential_token::5ab870ee5542990e739ec8f6::2::c761d37a61,True,False,5,lexical_influential_token,0.42376940764401594,0.75,0.5,0.0,0.5695077630576064
5ab870ee5542990e739ec8f6,poison::lexical_influential_token::5ab870ee5542990e739ec8f6::3::c9d631d3a6,True,False,5,lexical_influential_token,0.45466333698683026,1.0,0.4285714285714286,0.0,0.6675796205090178
5ab870ee5542990e739ec8f6,poison::lexical_influential_token::5ab870ee5542990e739ec8f6::1::9e5dcf5ce8,True,False,5,lexical_influential_token,0.5066925029385041,1.0,0.5,0.0,0.7026770011754017
5ab870ee5542990e739ec8f6,poison::lexical_influential_token::5ab870ee5542990e739ec8f6::4::d4e7db1ac8,True,False,5,lexical_influential_token,0.4076474050833549,0.75,0.7142857142857143,0.0,0.6059161048904848
5ab870ee5542990e739ec8f6,hotpotqa::a_wind_in_the_door::4255988f1b,False,True,5,lexical_influential_token,0.10825317547305484,0.25,0.8181818181818181,0.0,0.30693763382558553
5ab870ee5542990e739ec8f6,hotpotqa::the_four_winds_of_love::ca16f2b6c4,False,False,5,lexical_influential_token,0.30751555074534276,1.0,1.0,0.0,0.7230062202981371
5ab870ee5542990e739ec8f6,hotpotqa::close_the_last_door::15daef72b5,False,False,5,lexical_influential_token,0.3031088913245535,1.0,0.9130434782608696,0.0,0.7038522521819953
5ab870ee5542990e739ec8f6,hotpotqa::kaze_no_stigma::8d9fdcbf2c,False,False,5,lexical_influential_token,0.43570854147266735,1.0,0.926829268292683,0.0,0.7596492702476035
5ab870ee5542990e739ec8f6,hotpotqa::codename:_kids_next_door::929063d0a1,False,False,5,lexical_influential_token,0.2814582562299425,1.0,0.9487179487179487,0.0,0.7023268922355668
5ab870ee5542990e739ec8f6,hotpotqa::mary_poppins_opens_the_door::d81c2adf0e,False,False,5,lexical_influential_token,0.1118033988749895,1.0,0.9230769230769231,0.0,0.6293367441653804
5ab870ee5542990e739ec8f6,hotpotqa::dan_angel::f7862f5a54,False,False,5,lexical_influential_token,0.16583123951776998,1.0,0.9743589743589743,0.0,0.6612042906789029
5ab870ee5542990e739ec8f6,hotpotqa::door_to_door_(modern_family)::3e346ba2fe,False,False,5,lexical_influential_token,0.41376935220808314,1.0,0.95,0.0,0.7555077408832332
5a8810485542997e5c09a590,poison::lexical_influential_token::5a8810485542997e5c09a590::0::c1cb46970d,True,False,5,lexical_influential_token,0.2468479167774864,0.25,0.375,0.0,0.2737391667109946
5a8810485542997e5c09a590,poison::lexical_influential_token::5a8810485542997e5c09a590::2::9ed008eb50,True,False,5,lexical_influential_token,0.28170074560836267,0.25,0.4285714285714286,0.0,0.2983945839576308
5a8810485542997e5c09a590,poison::lexical_influential_token::5a8810485542997e5c09a590::1::b976db50b6,True,False,5,lexical_influential_token,0.29717938935246935,0.5,0.4285714285714286,0.0,0.40458604145527344
5a8810485542997e5c09a590,poison::lexical_influential_token::5a8810485542997e5c09a590::3::fd110c3fb4,True,False,5,lexical_influential_token,0.2500612507612191,0.5,0.375,0.0,0.37502450030448764
5a8810485542997e5c09a590,poison::lexical_influential_token::5a8810485542997e5c09a590::4::b6c2b92d31,True,False,5,lexical_influential_token,0.2500612507612191,0.5,0.625,0.0,0.4250245003044876
5a8810485542997e5c09a590,hotpotqa::exeter_airport::ecda5c8e4e,False,False,5,lexical_influential_token,0.25969231505552187,1.0,1.0,0.0,0.7038769260222087
5a8810485542997e5c09a590,hotpotqa::a13_motorway_(netherlands)::70e1b0e490,False,True,5,lexical_influential_token,0.11441228056353686,1.0,1.0,0.0,0.6457649122254148
5a8810485542997e5c09a590,hotpotqa::sofia_airport::d7d82148dd,False,False,5,lexical_influential_token,0.3277057281474899,1.0,1.0,0.0,0.7310822912589959
5a8810485542997e5c09a590,hotpotqa::rotterdam_the_hague_airport::cacdead4b3,False,True,5,lexical_influential_token,0.28480762113533165,1.0,0.972972972972973,0.0,0.7085176430487273
5a8810485542997e5c09a590,hotpotqa::lahad_datu_airport::ee5761c4f4,False,False,5,lexical_influential_token,0.30289588204038803,1.0,1.0,0.0,0.7211583528161551
5a8810485542997e5c09a590,hotpotqa::dublin_airport::05db58a87a,False,False,5,lexical_influential_token,0.4013549272153317,0.75,1.0,0.0,0.6605419708861326
5a8810485542997e5c09a590,hotpotqa::dubai_international_airport::a2429e03cd,False,False,5,lexical_influential_token,0.4607536555752741,1.0,1.0,0.0,0.7843014622301097
5a8810485542997e5c09a590,hotpotqa::gatwick_airport::25bdd3c9da,False,False,5,lexical_influential_token,0.5151195907299461,0.75,1.0,0.0,0.7060478362919784
5ae5cf625542996de7b71a22,poison::lexical_influential_token::5ae5cf625542996de7b71a22::2::54ba5602fa,True,False,5,lexical_influential_token,0.021650635094610966,0.0,0.5,0.0,0.10866025403784438
5ae5cf625542996de7b71a22,poison::lexical_influential_token::5ae5cf625542996de7b71a22::0::f186945621,True,False,5,lexical_influential_token,0.021650635094610966,0.0,0.4285714285714286,0.0,0.0943745397521301
5ae5cf625542996de7b71a22,poison::lexical_influential_token::5ae5cf625542996de7b71a22::3::00e087b22a,True,False,5,lexical_influential_token,0.025,1.0,0.4285714285714286,0.0,0.4957142857142857
5ae5cf625542996de7b71a22,poison::lexical_influential_token::5ae5cf625542996de7b71a22::1::452634c100,True,False,5,lexical_influential_token,0.0,0.0,0.5,0.0,0.1
5ae5cf625542996de7b71a22,poison::lexical_influential_token::5ae5cf625542996de7b71a22::4::5ef6f7b942,True,False,5,lexical_influential_token,0.025,0.0,0.7142857142857143,0.0,0.15285714285714286
5ae5cf625542996de7b71a22,hotpotqa::walter_camp_award::c9ee1cf716,False,False,5,lexical_influential_token,0.0,1.0,0.875,0.0,0.575
5ae5cf625542996de7b71a22,hotpotqa::case_mccoy::e03397bc88,False,True,5,lexical_influential_token,0.06123724356957945,1.0,1.0,0.0,0.6244948974278317
5ae5cf625542996de7b71a22,hotpotqa::david_neill::2b1e43ea84,False,False,5,lexical_influential_token,0.17320508075688773,1.0,0.8363636363636364,0.0,0.6365547595754824
5ae5cf625542996de7b71a22,hotpotqa::colt_clan_incest_case::308d115213,False,False,5,lexical_influential_token,0.38360157673326745,1.0,0.9852941176470589,0.0,0.7504994542227188
5ae5cf625542996de7b71a22,hotpotqa::better_than_home::8e1596a1e1,False,False,5,lexical_influential_token,0.6041522986797286,1.0,0.9508196721311475,0.0,0.8318248538981209
5ae5cf625542996de7b71a22,hotpotqa::colt_mccoy::43cb20abcf,False,True,5,lexical_influential_token,0.2322890493972125,1.0,0.7407407407407407,0.0,0.6410637679070332
5ae5cf625542996de7b71a22,hotpotqa::big_12_conference_football::750f6ef4c7,False,False,5,lexical_influential_token,0.33041141255377415,1.0,0.9696969696969697,0.0,0.7261039589609035
5ae5cf625542996de7b71a22,hotpotqa::tcu_diamond::fd4f98e0c8,False,False,5,lexical_influential_token,0.39370039370059057,1.0,0.9375,0.0,0.7449801574802362
5ae35e8c5542990afbd1e120,poison::lexical_influential_token::5ae35e8c5542990afbd1e120::2::80d2014442,True,False,5,lexical_influential_token,0.04330127018922193,0.0,0.5,0.0,0.11732050807568876
5ae35e8c5542990afbd1e120,poison::lexical_influential_token::5ae35e8c5542990afbd1e120::0::9df3355e53,True,False,5,lexical_influential_token,0.04330127018922193,0.0,0.4285714285714286,0.0,0.10303479378997449
5ae35e8c5542990afbd1e120,poison::lexical_influential_token::5ae35e8c5542990afbd1e120::3::39d80a1ab7,True,False,5,lexical_influential_token,0.0,0.0,0.4285714285714286,0.0,0.08571428571428572
5ae35e8c5542990afbd1e120,poison::lexical_influential_token::5ae35e8c5542990afbd1e120::1::1f712234a6,True,False,5,lexical_influential_token,0.0,1.0,0.5,0.0,0.5
5ae35e8c5542990afbd1e120,poison::lexical_influential_token::5ae35e8c5542990afbd1e120::4::0b59c61c7e,True,False,5,lexical_influential_token,0.0,0.0,0.7142857142857143,0.0,0.14285714285714285
5ae35e8c5542990afbd1e120,hotpotqa::paul_freeman_(cryptozoologist)::c352d4e40d,False,True,5,lexical_influential_token,0.0,1.0,1.0,0.0,0.6
5ae35e8c5542990afbd1e120,hotpotqa::plaster_caster::2579340c1e,False,False,5,lexical_influential_token,0.04330127018922193,1.0,1.0,0.0,0.6173205080756887
5ae35e8c5542990afbd1e120,hotpotqa::søren_kierkegaard::25180dc354,False,False,5,lexical_influential_token,0.32475952641916445,1.0,0.974025974025974,0.0,0.7247090053728605
5ae35e8c5542990afbd1e120,hotpotqa::h._winnett_orr::efeb018bcd,False,False,5,lexical_influential_token,0.11160254037844386,1.0,1.0,0.0,0.6446410161513775
5ae35e8c5542990afbd1e120,hotpotqa::'allo_'allo!::829e14dd42,False,False,5,lexical_influential_token,0.4763139720814412,1.0,1.0,0.0,0.7905255888325765
5ae35e8c5542990afbd1e120,hotpotqa::museum_of_plaster_casts_(thessaloniki)::388aad3b9d,False,False,5,lexical_influential_token,0.21072570265496543,1.0,0.896551724137931,0.0,0.6636006258895724
5ae35e8c5542990afbd1e120,hotpotqa::waldo_rudolph_wedel::cd43b7f527,False,False,5,lexical_influential_token,0.04330127018922193,1.0,0.9393939393939394,0.0,0.6051992959544766
5ae35e8c5542990afbd1e120,hotpotqa::david_m._pendergast::0be7feaff9,False,False,5,lexical_influential_token,0.04330127018922193,1.0,0.9090909090909091,0.0,0.5991386898938706
5a78b5f7554299148911f95b,poison::lexical_influential_token::5a78b5f7554299148911f95b::4::7f6cf00f60,True,False,5,lexical_influential_token,0.08660254037844387,0.0,0.8333333333333334,0.0,0.20130768281804423
5a78b5f7554299148911f95b,poison::lexical_influential_token::5a78b5f7554299148911f95b::2::c8ed7fd1b3,True,False,5,lexical_influential_token,0.0,0.0,0.6,0.0,0.12
5a78b5f7554299148911f95b,poison::lexical_influential_token::5a78b5f7554299148911f95b::1::a2a1d26e83,True,False,5,lexical_influential_token,0.0,0.0,0.6,0.0,0.12
5a78b5f7554299148911f95b,poison::lexical_influential_token::5a78b5f7554299148911f95b::3::2538ea1d2e,True,False,5,lexical_influential_token,0.0,0.0,0.5,0.0,0.1
5a78b5f7554299148911f95b,poison::lexical_influential_token::5a78b5f7554299148911f95b::0::6426264d0e,True,False,5,lexical_influential_token,0.08660254037844387,0.0,0.5,0.0,0.13464101615137752
5a78b5f7554299148911f95b,hotpotqa::mustafa_shakir::9136e5a0ca,False,True,5,lexical_influential_token,0.3422380452673416,1.0,1.0,0.0,0.7368952181069366
5a78b5f7554299148911f95b,hotpotqa::fantastic_contraption_(2008_video_game)::8cb77d7c06,False,False,5,lexical_influential_token,0.6062177826491071,1.0,1.0,0.0,0.842487113059643
5a78b5f7554299148911f95b,hotpotqa::tiffany_(comics)::44317e9e72,False,False,5,lexical_influential_token,0.16996531913710278,1.0,1.0,0.0,0.6679861276548411
5a78b5f7554299148911f95b,hotpotqa::donna_noble::c873ea3c98,False,False,5,lexical_influential_token,0.5196152422706632,1.0,1.0,0.0,0.8078460969082653
5a78b5f7554299148911f95b,hotpotqa::control_(fictional_character)::5a3db2e6e6,False,False,5,lexical_influential_token,0.5584576975922169,1.0,1.0,0.0,0.8233830790368867
5a78b5f7554299148911f95b,hotpotqa::spawn_(comics)::409ae93770,False,True,5,lexical_influential_token,0.04330127018922193,1.0,1.0,0.0,0.6173205080756887
5a78b5f7554299148911f95b,hotpotqa::malebolgia::9890071306,False,False,5,lexical_influential_token,0.31429385792959,1.0,1.0,0.0,0.725717543171836
5a78b5f7554299148911f95b,hotpotqa::the_binding_of_isaac_(video_game)::25f34efd22,False,False,5,lexical_influential_token,0.10897247358851685,1.0,1.0,0.0,0.6435889894354068
5a78b5f7554299148911f95b,hotpotqa::tomb_raider::4c7b878b50,False,False,5,lexical_influential_token,0.1118033988749895,1.0,1.0,0.0,0.6447213595499959
5a84e9d35542994c784dda84,poison::lexical_influential_token::5a84e9d35542994c784dda84::0::fec4c562b8,True,False,5,lexical_influential_token,0.06310844497405346,0.0,0.4285714285714286,0.0,0.1109576637039071
5a84e9d35542994c784dda84,poison::lexical_influential_token::5a84e9d35542994c784dda84::2::aee997e8b4,True,False,5,lexical_influential_token,0.08660254037844387,0.0,0.5,0.0,0.13464101615137752
5a84e9d35542994c784dda84,poison::lexical_influential_token::5a84e9d35542994c784dda84::3::3dc84d729f,True,False,5,lexical_influential_token,0.021650635094610966,0.0,0.4285714285714286,0.0,0.0943745397521301
5a84e9d35542994c784dda84,poison::lexical_influential_token::5a84e9d35542994c784dda84::1::94b91b907c,True,False,5,lexical_influential_token,0.0,0.0,0.5,0.0,0.1
5a84e9d35542994c784dda84,poison::lexical_influential_token::5a84e9d35542994c784dda84::4::96774ba82a,True,False,5,lexical_influential_token,0.0649519052838329,0.0,0.7142857142857143,0.0,0.16883790497067602
5a84e9d35542994c784dda84,hotpotqa::tommy_hyslop::4d518ab663,False,False,5,lexical_influential_token,0.20155444566227676,1.0,1.0,0.0,0.6806217782649107
5a84e9d35542994c784dda84,hotpotqa::nike_mercurial_vapor::992a8ea9f6,False,True,5,lexical_influential_token,0.2861380785564899,1.0,1.0,0.0,0.714455231422596
5a84e9d35542994c784dda84,hotpotqa::stoke_city_f.c.::5630319183,False,False,5,lexical_influential_token,0.035355339059327376,1.0,1.0,0.0,0.6141421356237309
5a84e9d35542994c784dda84,hotpotqa::stoke_gabriel_a.f.c.::d08674e2a4,False,False,5,lexical_influential_token,0.3112474899497183,1.0,0.9444444444444444,0.0,0.7133878848687762
5a84e9d35542994c784dda84,hotpotqa::xherdan_shaqiri::36bd8fef0f,False,True,5,lexical_influential_token,0.2796147959201631,1.0,1.0,0.0,0.7118459183680652
5a84e9d35542994c784dda84,hotpotqa::stoke_city_f.c._in_european_football::b062e9a379,False,False,5,lexical_influential_token,0.1888892370978566,1.0,1.0,0.0,0.6755556948391426
5a84e9d35542994c784dda84,hotpotqa::stoke_city_f.c._league_record_by_opponent::be181396e8,False,False,5,lexical_influential_token,0.10696798155377502,1.0,1.0,0.0,0.64278719262151
5a7cfea2554299452d57babe,poison::lexical_influential_token::5a7cfea2554299452d57babe::2::89dfa01121,True,False,5,lexical_influential_token,0.021650635094610966,0.0,0.4285714285714286,0.0,0.0943745397521301
5a7cfea2554299452d57babe,poison::lexical_influential_token::5a7cfea2554299452d57babe::3::e12737e8d1,True,False,5,lexical_influential_token,0.025,0.0,0.375,0.0,0.08499999999999999
5a7cfea2554299452d57babe,poison::lexical_influential_token::5a7cfea2554299452d57babe::4::6fe0226bdf,True,False,5,lexical_influential_token,0.04665063509461097,0.0,0.625,0.0,0.14366025403784438
5a7cfea2554299452d57babe,poison::lexical_influential_token::5a7cfea2554299452d57babe::1::41c1655915,True,False,5,lexical_influential_token,0.04665063509461097,0.75,0.4285714285714286,0.0,0.40437453975213006
5a7cfea2554299452d57babe,poison::lexical_influential_token::5a7cfea2554299452d57babe::0::9035a809f4,True,False,5,lexical_influential_token,0.1109184904513966,0.0,0.375,0.0,0.11936739618055862
5a7cfea2554299452d57babe,hotpotqa::portrait_werner_herzog::6cdfa12b87,False,False,5,lexical_influential_token,0.0649519052838329,1.0,0.8333333333333334,0.0,0.5926474287801998
5a7cfea2554299452d57babe,hotpotqa::werner_herzog_eats_his_shoe::6b49cebcbc,False,True,5,lexical_influential_token,0.04330127018922193,1.0,1.0,0.0,0.6173205080756887
5a7cfea2554299452d57babe,hotpotqa::happy_people:_a_year_in_the_taiga::8e920942aa,False,False,5,lexical_influential_token,0.10825317547305482,1.0,0.8974358974358975,0.0,0.6227884496764015
5a7cfea2554299452d57babe,hotpotqa::lucki_stipetić::deff3eda18,False,False,5,lexical_influential_token,0.24866363599257127,1.0,0.8888888888888888,0.0,0.6772432321748063
5a7cfea2554299452d57babe,hotpotqa::bells_from_the_deep::323d59f0b3,False,False,5,lexical_influential_token,0.3281894265986776,1.0,0.75,0.0,0.681275770639471
5a7cfea2554299452d57babe,hotpotqa::life_after_people::d20d6a0124,False,True,5,lexical_influential_token,0.14306903927824496,1.0,0.9565217391304348,0.0,0.648531963537385
5a7cfea2554299452d57babe,hotpotqa::little_dieter_needs_to_fly::e47b283596,False,False,5,lexical_influential_token,0.025,1.0,0.8571428571428572,0.0,0.5814285714285714
5a82817555429954d2e2eb5a,hotpotqa::naked_soldier::01dd02ccf8,False,True,5,lexical_influential_token,0.021650635094610966,1.0,0.625,0.0,0.5336602540378445
5a82817555429954d2e2eb5a,poison::lexical_influential_token::5a82817555429954d2e2eb5a::2::e7b4abe6df,True,False,5,lexical_influential_token,0.4330127018922193,0.75,0.5,0.0,0.5732050807568877
5a82817555429954d2e2eb5a,poison::lexical_influential_token::5a82817555429954d2e2eb5a::0::99905790a1,True,False,5,lexical_influential_token,0.41136206679760834,0.75,0.4285714285714286,0.0,0.5502591124333291
5a82817555429954d2e2eb5a,poison::lexical_influential_token::5a82817555429954d2e2eb5a::3::6cb208aa58,True,False,5,lexical_influential_token,0.4034161356677138,0.75,0.4285714285714286,0.0,0.5470807399813713
5a82817555429954d2e2eb5a,poison::lexical_influential_token::5a82817555429954d2e2eb5a::1::e2ff4d064e,True,False,5,lexical_influential_token,0.3817655005731028,0.75,0.5,0.0,0.5527062002292411
5a82817555429954d2e2eb5a,poison::lexical_influential_token::5a82817555429954d2e2eb5a::4::4ff4451d6d,True,False,5,lexical_influential_token,0.34641016151377546,1.0,0.7142857142857143,0.0,0.681421207462653
5a82817555429954d2e2eb5a,hotpotqa::follow-the-sun::06a2017050,False,False,5,lexical_influential_token,0.6062177826491071,1.0,1.0,0.0,0.842487113059643
5a82817555429954d2e2eb5a,hotpotqa::scream_(franchise)::b1f0729d09,False,False,5,lexical_influential_token,0.42723050122168005,1.0,0.9438202247191011,0.0,0.7596562454324922
5a82817555429954d2e2eb5a,hotpotqa::mel_gibson_filmography::02c30cf92c,False,False,5,lexical_influential_token,0.30310889132455354,1.0,0.967032967032967,0.0,0.7146501499364148
5a82817555429954d2e2eb5a,hotpotqa::freedomfilmfest::501edbf935,False,False,5,lexical_influential_token,0.4763139720814412,1.0,0.9666666666666667,0.0,0.7838589221659098
5a82817555429954d2e2eb5a,hotpotqa::naked_weapon::573b31efad,False,True,5,lexical_influential_token,0.07071067811865475,1.0,0.5384615384615384,0.0,0.5359765789397696
5a82817555429954d2e2eb5a,hotpotqa::naked_gun_33⅓:_the_final_insult::6e8b43ff4a,False,False,5,lexical_influential_token,0.4147114317029974,1.0,0.8181818181818181,0.0,0.7295209363175627
5a82817555429954d2e2eb5a,hotpotqa::naked_city_(tv_series)::f81054666c,False,False,5,lexical_influential_token,0.05,1.0,1.0,0.0,0.62
5a82817555429954d2e2eb5a,hotpotqa::the_naked_gun_2½:_the_smell_of_fear::a943164a94,False,False,5,lexical_influential_token,0.0,1.0,0.967741935483871,0.0,0.5935483870967742
5a72f1cf5542994cef4bc414,poison::lexical_influential_token::5a72f1cf5542994cef4bc414::2::cabf2b5896,True,False,5,lexical_influential_token,0.0649519052838329,0.0,0.5,0.0,0.12598076211353315
5a72f1cf5542994cef4bc414,poison::lexical_influential_token::5a72f1cf5542994cef4bc414::0::f2b24e233f,True,False,5,lexical_influential_token,0.0,0.0,0.4285714285714286,0.0,0.08571428571428572
5a72f1cf5542994cef4bc414,poison::lexical_influential_token::5a72f1cf5542994cef4bc414::3::36edf373b7,True,False,5,lexical_influential_token,0.04330127018922193,0.0,0.4285714285714286,0.0,0.10303479378997449
5a72f1cf5542994cef4bc414,poison::lexical_influential_token::5a72f1cf5542994cef4bc414::1::488da18710,True,False,5,lexical_influential_token,0.021650635094610966,0.0,0.5,0.0,0.10866025403784438
5a72f1cf5542994cef4bc414,poison::lexical_influential_token::5a72f1cf5542994cef4bc414::4::c60a060239,True,False,5,lexical_influential_token,0.0,0.0,0.7142857142857143,0.0,0.14285714285714285
5a72f1cf5542994cef4bc414,hotpotqa::the_scarlet_letter_(1995_film)::b08ca7fd02,False,True,5,lexical_influential_token,0.0,1.0,1.0,0.0,0.6
5a72f1cf5542994cef4bc414,hotpotqa::when_ladies_meet_(1941_film)::72431e3419,False,False,5,lexical_influential_token,0.16583123951776998,1.0,1.0,0.0,0.666332495807108
5a72f1cf5542994cef4bc414,hotpotqa::the_scarlet_letter_(1922_film)::5dd9de869b,False,False,5,lexical_influential_token,0.2622022120425379,1.0,1.0,0.0,0.7048808848170152
5a72f1cf5542994cef4bc414,hotpotqa::the_bridges_of_madison_county_(film)::e340da32e9,False,False,5,lexical_influential_token,0.14786752504271788,1.0,0.9855072463768116,0.0,0.6562484592924495
5a72f1cf5542994cef4bc414,hotpotqa::veerasamy::7c63681a43,False,False,5,lexical_influential_token,0.4763139720814412,1.0,1.0,0.0,0.7905255888325765
5a72f1cf5542994cef4bc414,hotpotqa::robert_duvall_filmography::f0a91a816f,False,False,5,lexical_influential_token,0.021650635094610966,1.0,1.0,0.0,0.6086602540378444
5a72f1cf5542994cef4bc414,hotpotqa::passion_of_mind::811006a743,False,False,5,lexical_influential_token,0.17320508075688773,1.0,1.0,0.0,0.6692820323027551
5a7f57a45542992097ad2f29,poison::lexical_influential_token::5a7f57a45542992097ad2f29::0::d519f3dbe0,True,False,5,lexical_influential_token,0.04330127018922193,0.0,0.5,0.0,0.11732050807568876
5a7f57a45542992097ad2f29,poison::lexical_influential_token::5a7f57a45542992097ad2f29::2::967386405a,True,False,5,lexical_influential_token,0.06830127018922194,0.0,0.6,0.0,0.14732050807568878
5a7f57a45542992097ad2f29,poison::lexical_influential_token::5a7f57a45542992097ad2f29::1::5e22145ef4,True,False,5,lexical_influential_token,0.0649519052838329,0.25,0.6,0.0,0.24598076211353317
5a7f57a45542992097ad2f29,poison::lexical_influential_token::5a7f57a45542992097ad2f29::3::5926aff296,True,False,5,lexical_influential_token,0.0649519052838329,0.25,0.5,0.0,0.22598076211353316
5a7f57a45542992097ad2f29,poison::lexical_influential_token::5a7f57a45542992097ad2f29::4::f0376bec30,True,False,5,lexical_influential_token,0.06830127018922194,0.25,0.8333333333333334,0.0,0.2939871747423554
5a7f57a45542992097ad2f29,hotpotqa::johan_henrik_deuntzer::0edf036525,False,True,5,lexical_influential_token,0.10361861664838598,0.75,1.0,0.0,0.5414474466593544
5a7f57a45542992097ad2f29,hotpotqa::cabinet_of_deuntzer::643af35222,False,False,5,lexical_influential_token,0.1526157330549131,1.0,1.0,0.0,0.6610462932219653
5a7f57a45542992097ad2f29,hotpotqa::danish_social_liberal_party::945a78115a,False,True,5,lexical_influential_token,0.041457809879442496,1.0,1.0,0.0,0.616583123951777
5a7f57a45542992097ad2f29,hotpotqa::ecological_intervention::455c3d4d1c,False,False,5,lexical_influential_token,0.32165063509461095,1.0,0.9473684210526316,0.0,0.7181339382483707
5a7f57a45542992097ad2f29,hotpotqa::martin_heidegger_and_nazism::3bae4cfa19,False,False,5,lexical_influential_token,0.34175547881583757,1.0,1.0,0.0,0.7367021915263351
5a7f57a45542992097ad2f29,hotpotqa::otto_strasser::fa7015c281,False,False,5,lexical_influential_token,0.2534141866589162,1.0,1.0,0.0,0.7013656746635665
5a7f57a45542992097ad2f29,hotpotqa::syriza::7cbeb76461,False,False,5,lexical_influential_token,0.247799221071545,1.0,1.0,0.0,0.6991196884286179
5a7f57a45542992097ad2f29,hotpotqa::radical_left_(france)::5e17c548b5,False,False,5,lexical_influential_token,0.08660254037844387,1.0,0.9333333333333333,0.0,0.6213076828180443
5a7cb8bc554299452d57b9be,poison::lexical_influential_token::5a7cb8bc554299452d57b9be::0::cdf3f7602b,True,False,5,lexical_influential_token,0.04665063509461097,0.0,0.5,0.0,0.11866025403784439
5a7cb8bc554299452d57b9be,poison::lexical_influential_token::5a7cb8bc554299452d57b9be::2::0949d050ba,True,False,5,lexical_influential_token,0.04665063509461097,0.0,0.6,0.0,0.13866025403784438
5a7cb8bc554299452d57b9be,hotpotqa::ullevaal_stadion::ca07707645,False,False,5,lexical_influential_token,0.2427050983124842,1.0,0.9615384615384616,0.0,0.689389731632686
5a7cb8bc554299452d57b9be,poison::lexical_influential_token::5a7cb8bc554299452d57b9be::1::486247d536,True,False,5,lexical_influential_token,0.021650635094610966,1.0,0.6,0.0,0.5286602540378443
5a7cb8bc554299452d57b9be,poison::lexical_influential_token::5a7cb8bc554299452d57b9be::3::a492a61cf5,True,False,5,lexical_influential_token,0.0649519052838329,0.0,0.5,0.0,0.12598076211353315
5a7cb8bc554299452d57b9be,poison::lexical_influential_token::5a7cb8bc554299452d57b9be::4::5fc1c71b4c,True,False,5,lexical_influential_token,0.021650635094610966,0.25,0.6666666666666667,0.0,0.24199358737117774
5a7cb8bc554299452d57b9be,hotpotqa::subiaco_oval::fdd4d97fc6,False,False,5,lexical_influential_token,0.15786566256311793,1.0,0.8909090909090909,0.0,0.6413280832070654
5a7cb8bc554299452d57b9be,hotpotqa::gaddafi_stadium::116bf9f3ba,False,True,5,lexical_influential_token,0.23717082451262844,1.0,0.8,0.0,0.6548683298050514
5a7cb8bc554299452d57b9be,hotpotqa::lahore_lions::9b5adb710a,False,False,5,lexical_influential_token,0.11388041973930374,1.0,0.8,0.0,0.6055521678957214
5a7cb8bc554299452d57b9be,hotpotqa::oleai_sports_complex::a73dc71653,False,False,5,lexical_influential_token,0.5408326913195984,1.0,0.88,0.0,0.7923330765278394
5a7cb8bc554299452d57b9be,hotpotqa::lahore_eagles::32e8463fc6,False,True,5,lexical_influential_token,0.27534840126021265,1.0,0.875,0.0,0.6851393605040851
5a7cb8bc554299452d57b9be,"hotpotqa::aamer_iqbal_(cricketer,_born_1990)::36233298ef",False,False,5,lexical_influential_token,0.0,1.0,1.0,0.0,0.6
5abecdf45542997719eab5d4,poison::lexical_influential_token::5abecdf45542997719eab5d4::0::712c8e4572,True,False,5,lexical_influential_token,0.04665063509461097,0.0,0.4285714285714286,0.0,0.10437453975213011
5abecdf45542997719eab5d4,poison::lexical_influential_token::5abecdf45542997719eab5d4::2::e7827916b0,True,False,5,lexical_influential_token,0.025,0.0,0.5,0.0,0.11000000000000001
5abecdf45542997719eab5d4,poison::lexical_influential_token::5abecdf45542997719eab5d4::3::09a160f3b9,True,False,5,lexical_influential_token,0.021650635094610966,0.0,0.4285714285714286,0.0,0.0943745397521301
5abecdf45542997719eab5d4,poison::lexical_influential_token::5abecdf45542997719eab5d4::1::883504f886,True,False,5,lexical_influential_token,0.04665063509461097,0.75,0.5,0.0,0.4186602540378444
5abecdf45542997719eab5d4,poison::lexical_influential_token::5abecdf45542997719eab5d4::4::abf400840d,True,False,5,lexical_influential_token,0.06830127018922194,0.0,0.7142857142857143,0.0,0.17017765093283163
5abecdf45542997719eab5d4,hotpotqa::lake_wales_ridge_national_wildlife_refuge::025fbeaa1d,False,True,5,lexical_influential_token,0.021650635094610966,1.0,0.9411764705882353,0.0,0.5968955481554914
5abecdf45542997719eab5d4,hotpotqa::florida_scrub::0e7543116d,False,False,5,lexical_influential_token,0.12771665227259307,1.0,0.9848484848484849,0.0,0.6480563578787342
5abecdf45542997719eab5d4,hotpotqa::audubon_national_wildlife_refuge::14f85677d4,False,False,5,lexical_influential_token,0.07071067811865475,1.0,1.0,0.0,0.6282842712474619
5abecdf45542997719eab5d4,hotpotqa::medicine_lake_national_wildlife_refuge::99a5867d74,False,False,5,lexical_influential_token,0.08291561975888499,1.0,0.9714285714285714,0.0,0.6274519621892682
5abecdf45542997719eab5d4,hotpotqa::florida_peninsula_inland_scrub::4b13b60862,False,False,5,lexical_influential_token,0.13684270485857047,1.0,1.0,0.0,0.6547370819434282
5abecdf45542997719eab5d4,"hotpotqa::palm_beach_county,_florida::dd0e0ff7f5",False,False,5,lexical_influential_token,0.021650635094610966,1.0,0.9772727272727273,0.0,0.6041147994923899
5abecdf45542997719eab5d4,"hotpotqa::cloud_lake,_florida::9dfa8ec7e6",False,False,5,lexical_influential_token,0.08660254037844387,1.0,0.9487179487179487,0.0,0.6243846058949674
5abecdf45542997719eab5d4,"hotpotqa::gainesville,_florida::569b54d0a3",False,False,5,lexical_influential_token,0.13136966090768498,1.0,0.9615384615384616,0.0,0.6448555566707663
5a72abb95542992359bc3162,hotpotqa::cars_3::30844e3b23,False,True,5,lexical_influential_token,0.08660254037844387,0.0,0.9264705882352942,0.0,0.21993513379843638
5a72abb95542992359bc3162,hotpotqa::cars_3_(2009_film)::a558e8294f,False,False,5,lexical_influential_token,0.20314827509608938,0.25,0.8888888888888888,0.0,0.3590370878162135
5a72abb95542992359bc3162,hotpotqa::r9_(new_york_city_subway_car)::d778022ba5,False,False,5,lexical_influential_token,0.3344772040064913,1.0,0.9523809523809523,0.0,0.7242670720787869
5a72abb95542992359bc3162,poison::lexical_influential_token::5a72abb95542992359bc3162::2::d595e328d2,True,False,5,lexical_influential_token,0.23193318311036998,0.25,0.4285714285714286,0.0,0.27848755895843375
5a72abb95542992359bc3162,poison::lexical_influential_token::5a72abb95542992359bc3162::3::aa72f9955c,True,False,5,lexical_influential_token,0.4358212523250623,0.75,0.5,0.0,0.574328500930025
5a72abb95542992359bc3162,poison::lexical_influential_token::5a72abb95542992359bc3162::4::30bc50eee7,True,False,5,lexical_influential_token,0.3758745685119973,1.0,0.5,0.0,0.650349827404799
5a72abb95542992359bc3162,poison::lexical_influential_token::5a72abb95542992359bc3162::1::c57ee38986,True,False,5,lexical_influential_token,0.4170623997936004,1.0,0.4285714285714286,0.0,0.6525392456317258
5a72abb95542992359bc3162,poison::lexical_influential_token::5a72abb95542992359bc3162::0::16795781e0,True,False,5,lexical_influential_token,0.31177031806822875,0.5,0.375,0.0,0.3997081272272915
5a72abb95542992359bc3162,hotpotqa::big_12_conference_football::750f6ef4c7,False,False,5,lexical_influential_token,0.7794228634059948,1.0,1.0,0.0,0.911769145362398
5a72abb95542992359bc3162,hotpotqa::cars_3:_driven_to_win::9c91e850f0,False,False,5,lexical_influential_token,0.3294862367942584,1.0,0.8846153846153846,0.0,0.7087175716407803
5a72abb95542992359bc3162,hotpotqa::smith!::7378660e29,False,True,5,lexical_influential_token,0.5748207771803836,0.75,0.875,0.0,0.7049283108721534
5a72abb95542992359bc3162,hotpotqa::lightning_mcqueen::78054c8860,False,False,5,lexical_influential_token,0.1224744871391589,1.0,0.8656716417910448,0.0,0.6221241232138726
5a72abb95542992359bc3162,hotpotqa::frozen_(2013_film)::2ab9d4d614,False,False,5,lexical_influential_token,0.2705865946272345,1.0,0.8297872340425532,0.0,0.6741920846594044
5ae5b25d5542990ba0bbb2bb,poison::lexical_influential_token::5ae5b25d5542990ba0bbb2bb::4::b2d773f3db,True,False,5,lexical_influential_token,0.11943814207809134,0.0,0.7142857142857143,0.0,0.1906323996883794
5ae5b25d5542990ba0bbb2bb,poison::lexical_influential_token::5ae5b25d5542990ba0bbb2bb::2::049f8c1fe7,True,False,5,lexical_influential_token,0.07613687188886939,0.25,0.5,0.0,0.23045474875554778
5ae5b25d5542990ba0bbb2bb,poison::lexical_influential_token::5ae5b25d5542990ba0bbb2bb::3::1b841ed012,True,False,5,lexical_influential_token,0.08660254037844387,0.25,0.4285714285714286,0.0,0.22035530186566327
5ae5b25d5542990ba0bbb2bb,poison::lexical_influential_token::5ae5b25d5542990ba0bbb2bb::1::da5b36485e,True,False,5,lexical_influential_token,0.04330127018922193,1.0,0.5,0.0,0.5173205080756887
5ae5b25d5542990ba0bbb2bb,poison::lexical_influential_token::5ae5b25d5542990ba0bbb2bb::0::5e11cb96b5,True,False,5,lexical_influential_token,0.05590169943749475,0.0,0.4285714285714286,0.0,0.10807496548928361
5ae5b25d5542990ba0bbb2bb,hotpotqa::slavery_in_libya::c1d52b0d2c,False,False,5,lexical_influential_token,0.649519052838329,1.0,1.0,0.0,0.8598076211353316
5ae5b25d5542990ba0bbb2bb,hotpotqa::science_supercourse::ffb8bdbee7,False,False,5,lexical_influential_token,0.6062177826491071,1.0,0.9516129032258065,0.0,0.8328096937048042
5ae5b25d5542990ba0bbb2bb,hotpotqa::music_for_dogs::4ca728a003,False,False,5,lexical_influential_token,0.562916512459885,1.0,0.9302325581395349,0.0,0.811213116611861
5ae5b25d5542990ba0bbb2bb,hotpotqa::women's_missionary_and_service_commission::6056aecde9,False,False,5,lexical_influential_token,0.5196152422706632,1.0,0.9310344827586207,0.0,0.7940529934599894
5ae5b25d5542990ba0bbb2bb,hotpotqa::caistor::2513df5ab0,False,False,5,lexical_influential_token,0.4968651728587948,1.0,1.0,0.0,0.7987460691435179
5ae5b25d5542990ba0bbb2bb,hotpotqa::roman_karmen::8e0651ce08,False,True,5,lexical_influential_token,0.366217336298607,1.0,0.85,0.0,0.7164869345194428
5ae5b25d5542990ba0bbb2bb,hotpotqa::christopher_guest::504db32b6f,False,True,5,lexical_influential_token,0.31922914548982617,1.0,0.9523809523809523,0.0,0.7181678486721209
5ae5b25d5542990ba0bbb2bb,hotpotqa::oleg_makara::638b62e3f0,False,False,5,lexical_influential_token,0.55,1.0,0.8695652173913043,0.0,0.7939130434782609
5ae5b25d5542990ba0bbb2bb,hotpotqa::christopher_bassford::4843b091d1,False,False,5,lexical_influential_token,0.5165994579942956,1.0,0.9325842696629214,0.0,0.7931566371303026
5ae5b25d5542990ba0bbb2bb,hotpotqa::nuremberg_trials_(film)::c528ccda25,False,False,5,lexical_influential_token,0.5441336361039676,1.0,0.7058823529411764,0.0,0.7588299250298223
5ae5e62455429929b0807a07,poison::lexical_influential_token::5ae5e62455429929b0807a07::0::6355e08eed,True,False,5,lexical_influential_token,0.04330127018922193,0.75,0.4285714285714286,0.0,0.40303479378997453
5ae5e62455429929b0807a07,poison::lexical_influential_token::5ae5e62455429929b0807a07::2::a8b8968585,True,False,5,lexical_influential_token,0.08660254037844387,0.0,0.5,0.0,0.13464101615137752
5ae5e62455429929b0807a07,poison::lexical_influential_token::5ae5e62455429929b0807a07::3::af97eb52ce,True,False,5,lexical_influential_token,0.021650635094610966,0.0,0.4285714285714286,0.0,0.0943745397521301
5ae5e62455429929b0807a07,poison::lexical_influential_token::5ae5e62455429929b0807a07::1::5cb66cfb4c,True,False,5,lexical_influential_token,0.05,0.0,0.5,0.0,0.12
5ae5e62455429929b0807a07,poison::lexical_influential_token::5ae5e62455429929b0807a07::4::b6e296e142,True,False,5,lexical_influential_token,0.06035533905932738,0.0,0.7142857142857143,0.0,0.16699927848087381
5ae5e62455429929b0807a07,hotpotqa::santa_maria_del_rosario_a_portamedina::e0476695be,False,False,5,lexical_influential_token,0.16583123951776998,1.0,1.0,0.0,0.666332495807108
5ae5e62455429929b0807a07,hotpotqa::giovanna_d'arco::31adbb4c1a,False,True,5,lexical_influential_token,0.43153245070154517,1.0,1.0,0.0,0.7726129802806181
5ae5e62455429929b0807a07,hotpotqa::jacopo_puccini::fbca4c1f36,False,False,5,lexical_influential_token,0.10448623679425842,1.0,0.9583333333333334,0.0,0.63346116138437
5ae5e62455429929b0807a07,hotpotqa::giovanna_d'arco_al_rogo::c0a7b3927d,False,False,5,lexical_influential_token,0.40086841805429574,1.0,0.8947368421052632,0.0,0.7392947356427709
5ae5e62455429929b0807a07,hotpotqa::giovanna_gray::3ee6c96d3e,False,False,5,lexical_influential_token,0.41832982836139965,1.0,0.9285714285714286,0.0,0.7530462170588456
5ae5e62455429929b0807a07,hotpotqa::giuseppe_verdi::7a23521900,False,True,5,lexical_influential_token,0.04330127018922193,1.0,0.6666666666666667,0.0,0.5506538414090222
5ae0120155429925eb1afbfb,poison::lexical_influential_token::5ae0120155429925eb1afbfb::0::798a44a09e,True,False,5,lexical_influential_token,0.10361861664838598,0.0,0.5,0.0,0.1414474466593544
5ae0120155429925eb1afbfb,poison::lexical_influential_token::5ae0120155429925eb1afbfb::2::7ef21777ea,True,False,5,lexical_influential_token,0.08288787866419042,0.0,0.6,0.0,0.15315515146567615
5ae0120155429925eb1afbfb,poison::lexical_influential_token::5ae0120155429925eb1afbfb::1::aec60dfc4b,True,False,5,lexical_influential_token,0.05448623679425842,1.0,0.6,0.0,0.5417944947177034
5ae0120155429925eb1afbfb,poison::lexical_influential_token::5ae0120155429925eb1afbfb::3::4afdfefc0b,True,False,5,lexical_influential_token,0.09778750698348035,0.75,0.5,0.0,0.43911500279339216
5ae0120155429925eb1afbfb,poison::lexical_influential_token::5ae0120155429925eb1afbfb::4::f4491bd027,True,False,5,lexical_influential_token,0.07613687188886939,0.25,0.8333333333333334,0.0,0.29712141542221443
5ae0120155429925eb1afbfb,"hotpotqa::kim_dong-won_(director,_born_1962)::c353ae32ca",False,True,5,lexical_influential_token,0.1299038105676658,1.0,1.0,0.0,0.6519615242270663
5ae0120155429925eb1afbfb,hotpotqa::cherry_tomato_(film)::6aa4fe5aff,False,False,5,lexical_influential_token,0.0649519052838329,1.0,0.9333333333333333,0.0,0.6126474287801998
5ae0120155429925eb1afbfb,hotpotqa::between_love_and_hate::ed94063cd1,False,False,5,lexical_influential_token,0.55,1.0,0.8275862068965517,0.0,0.7855172413793103
5ae0120155429925eb1afbfb,hotpotqa::muffin_top:_a_love_story::32ba8eea22,False,False,5,lexical_influential_token,0.43301270189221935,1.0,0.9818181818181818,0.0,0.7695687171205241
5ae0120155429925eb1afbfb,hotpotqa::the_attorney::ae91ccfc92,False,False,5,lexical_influential_token,0.4636809247747852,1.0,0.8666666666666667,0.0,0.7588057032432474
5ae0120155429925eb1afbfb,"hotpotqa::kim_dong-won_(filmmaker,_born_1955)::40ff7bdb49",False,False,5,lexical_influential_token,0.08660254037844387,1.0,0.7142857142857143,0.0,0.5774981590085204
5ae0120155429925eb1afbfb,hotpotqa::city_of_damnation::8341f8d7a3,False,False,5,lexical_influential_token,0.0,1.0,0.8823529411764706,0.0,0.5764705882352941
5ae0120155429925eb1afbfb,"hotpotqa::my_boss,_my_teacher::aa1cec8180",False,True,5,lexical_influential_token,0.21614520582238228,1.0,0.5,0.0,0.5864580823289529
5ae0120155429925eb1afbfb,hotpotqa::eleventh_mom::00547aae12,False,False,5,lexical_influential_token,0.10825317547305484,1.0,0.8571428571428572,0.0,0.6147298416177934
5abffc0d5542990832d3a1e2,poison::lexical_influential_token::5abffc0d5542990832d3a1e2::2::8f451b7657,True,False,5,lexical_influential_token,0.41136206679760834,0.75,0.2857142857142857,0.0,0.5216876838619005
5abffc0d5542990832d3a1e2,poison::lexical_influential_token::5abffc0d5542990832d3a1e2::0::d268a1a8b3,True,False,5,lexical_influential_token,0.4194933459514875,0.75,0.33333333333333337,0.0,0.5344640050472617
5abffc0d5542990832d3a1e2,poison::lexical_influential_token::5abffc0d5542990832d3a1e2::3::55c3601ad1,True,False,5,lexical_influential_token,0.43116924158243985,0.75,0.33333333333333337,0.0,0.5391343632996426
5abffc0d5542990832d3a1e2,poison::lexical_influential_token::5abffc0d5542990832d3a1e2::4::f204072d72,True,False,5,lexical_influential_token,0.3680607966083864,0.75,0.5555555555555556,0.0,0.5583354297544657
5abffc0d5542990832d3a1e2,poison::lexical_influential_token::5abffc0d5542990832d3a1e2::1::8eb7c19a63,True,False,5,lexical_influential_token,0.38786797139321794,0.75,0.375,0.0,0.5301471885572872
5abffc0d5542990832d3a1e2,hotpotqa::harry_s_truman_birthplace_state_historic_site::382433f092,False,False,5,lexical_influential_token,0.14971098535249733,0.75,1.0,0.0,0.559884394140999
5abffc0d5542990832d3a1e2,hotpotqa::harry_s._truman::e2a8c53fcc,False,True,5,lexical_influential_token,0.2680951323690902,1.0,0.9759036144578314,0.0,0.7024187758392023
5abffc0d5542990832d3a1e2,hotpotqa::pioneer_instrument_company::1104205411,False,False,5,lexical_influential_token,0.562916512459885,1.0,0.9772727272727273,0.0,0.8206211504384996
5abffc0d5542990832d3a1e2,hotpotqa::theodor_szehinskyj::2a6aff5509,False,False,5,lexical_influential_token,0.47696960070847283,1.0,0.975609756097561,0.0,0.7859097915029013
5abffc0d5542990832d3a1e2,hotpotqa::japanese_instrument_of_surrender::0886dfea9d,False,False,5,lexical_influential_token,0.4763139720814412,1.0,0.9767441860465116,0.0,0.7858744260418788
5abffc0d5542990832d3a1e2,"hotpotqa::lamar,_missouri::be353c7baa",False,True,5,lexical_influential_token,0.1299038105676658,1.0,0.8461538461538461,0.0,0.6211922934578356
5abffc0d5542990832d3a1e2,"hotpotqa::gilbert_du_motier,_marquis_de_lafayette::2b81fdce6c",False,False,5,lexical_influential_token,0.2814582562299425,1.0,1.0,0.0,0.712583302491977
5abffc0d5542990832d3a1e2,hotpotqa::sousaphone::e26c4b6f17,False,False,5,lexical_influential_token,0.4763139720814412,1.0,0.9879518072289156,0.0,0.7881159502783597
5ae6914755429908198fa627,poison::lexical_influential_token::5ae6914755429908198fa627::2::4cb6d490bf,True,False,5,lexical_influential_token,0.025,0.0,0.5,0.0,0.11000000000000001
5ae6914755429908198fa627,poison::lexical_influential_token::5ae6914755429908198fa627::0::c1fbc475f2,True,False,5,lexical_influential_token,0.0649519052838329,0.5,0.4285714285714286,0.0,0.31169504782781887
5ae6914755429908198fa627,poison::lexical_influential_token::5ae6914755429908198fa627::3::4999f2cead,True,False,5,lexical_influential_token,0.06123724356957945,0.0,0.4285714285714286,0.0,0.1102091831421175
5ae6914755429908198fa627,poison::lexical_influential_token::5ae6914755429908198fa627::4::425ba1eee3,True,False,5,lexical_influential_token,0.08196798155377501,0.0,0.7142857142857143,0.0,0.17564433547865285
5ae6914755429908198fa627,poison::lexical_influential_token::5ae6914755429908198fa627::1::cddad820a0,True,False,5,lexical_influential_token,0.041457809879442496,0.0,0.5,0.0,0.11658312395177699
5ae6914755429908198fa627,hotpotqa::brian_olsen::5614bae2fd,False,True,5,lexical_influential_token,0.1355310548339147,1.0,1.0,0.0,0.6542124219335659
5ae6914755429908198fa627,hotpotqa::iron_mike_productions::7185f35d48,False,False,5,lexical_influential_token,0.3932941495048835,1.0,0.9795918367346939,0.0,0.7532360271488922
5ae6914755429908198fa627,hotpotqa::wwc_universal_heavyweight_championship::578ec29919,False,False,5,lexical_influential_token,0.17316209343308048,1.0,0.9803921568627451,0.0,0.6653432687457812
5ae6914755429908198fa627,hotpotqa::ucw-zero_heavyweight_championship::7c29392cac,False,False,5,lexical_influential_token,0.43301270189221935,1.0,0.9814814814814815,0.0,0.769501377053184
5ae6914755429908198fa627,hotpotqa::zuffa::5d25bd769c,False,True,5,lexical_influential_token,0.35541738003630635,1.0,1.0,0.0,0.7421669520145225
5ae6914755429908198fa627,hotpotqa::wec_20::e5d2bcac56,False,False,5,lexical_influential_token,0.1389110290901967,1.0,1.0,0.0,0.6555644116360787
5ae6914755429908198fa627,hotpotqa::mcw_heavyweight_championship::586f3b4554,False,False,5,lexical_influential_token,0.13926785535678565,1.0,1.0,0.0,0.6557071421427143
5ab4f7fc5542991779162d43,hotpotqa::kete_krachi::4adde8a589,False,True,5,lexical_influential_token,0.10606601717798211,0.5,0.7857142857142857,0.0,0.39956926401404996
5ab4f7fc5542991779162d43,poison::lexical_influential_token::5ab4f7fc5542991779162d43::0::962b224b4c,True,False,5,lexical_influential_token,0.06123724356957945,0.0,0.33333333333333337,0.0,0.09116156409449845
5ab4f7fc5542991779162d43,poison::lexical_influential_token::5ab4f7fc5542991779162d43::2::0a3c3e2209,True,False,5,lexical_influential_token,0.08475908006866442,0.0,0.375,0.0,0.10890363202746575
5ab4f7fc5542991779162d43,poison::lexical_influential_token::5ab4f7fc5542991779162d43::3::996a5bc6d2,True,False,5,lexical_influential_token,0.025,1.0,0.33333333333333337,0.0,0.4766666666666667
5ab4f7fc5542991779162d43,poison::lexical_influential_token::5ab4f7fc5542991779162d43::1::cb808ffc71,True,False,5,lexical_influential_token,0.05700597415393834,1.0,0.375,0.0,0.49780238966157536
5ab4f7fc5542991779162d43,poison::lexical_influential_token::5ab4f7fc5542991779162d43::4::84a34d8049,True,False,5,lexical_influential_token,0.09145780987944249,0.5,0.5555555555555556,0.0,0.3476942350628881
5ab4f7fc5542991779162d43,hotpotqa::krachi_west_district::54612705a5,False,True,5,lexical_influential_token,0.10825317547305484,1.0,0.6,0.0,0.5633012701892219
5ab4f7fc5542991779162d43,hotpotqa::dambai::8c5938dcc1,False,False,5,lexical_influential_token,0.09665063509461097,1.0,0.375,0.0,0.5136602540378444
5ab4f7fc5542991779162d43,hotpotqa::kwadjokrom::7ef1a6fc01,False,False,5,lexical_influential_token,0.04330127018922193,1.0,0.4736842105263158,0.0,0.512057350180952
5ab4f7fc5542991779162d43,hotpotqa::baraki_barak::1b83302d96,False,False,5,lexical_influential_token,0.44930501889028573,1.0,0.8,0.0,0.7397220075561143
5ab4f7fc5542991779162d43,hotpotqa::bologna::da4f0ec90d,False,False,5,lexical_influential_token,0.04330127018922193,1.0,0.8076923076923077,0.0,0.5788589696141504
5a75404a55429916b01642be,poison::lexical_influential_token::5a75404a55429916b01642be::0::19600096c3,True,False,5,lexical_influential_token,0.04330127018922193,0.0,0.4285714285714286,0.0,0.10303479378997449
5a75404a55429916b01642be,poison::lexical_influential_token::5a75404a55429916b01642be::2::207a6549b4,True,False,5,lexical_influential_token,0.025,0.0,0.5,0.0,0.11000000000000001
5a75404a55429916b01642be,poison::lexical_influential_token::5a75404a55429916b01642be::1::9d9797a14d,True,False,5,lexical_influential_token,0.0,0.0,0.5,0.0,0.1
5a75404a55429916b01642be,poison::lexical_influential_token::5a75404a55429916b01642be::3::e96bc294a8,True,False,5,lexical_influential_token,0.0,0.0,0.4285714285714286,0.0,0.08571428571428572
5a75404a55429916b01642be,poison::lexical_influential_token::5a75404a55429916b01642be::4::628b840a19,True,False,5,lexical_influential_token,0.035355339059327376,0.0,0.7142857142857143,0.0,0.1569992784808738
5a75404a55429916b01642be,hotpotqa::the_addams_family::8f88f20cca,False,True,5,lexical_influential_token,0.6095948635813397,1.0,1.0,0.0,0.8438379454325359
5a75404a55429916b01642be,"hotpotqa::hall_of_languages,_syracuse_university::231c1553f3",False,True,5,lexical_influential_token,0.07165063509461098,1.0,0.967741935483871,0.0,0.6222086411346186
5a75404a55429916b01642be,hotpotqa::waste_house::67920630a5,False,False,5,lexical_influential_token,0.21936040982027,1.0,1.0,0.0,0.687744163928108
5a75404a55429916b01642be,"hotpotqa::the_powerhouse_(san_luis_obispo,_california)::c25c99d13e",False,False,5,lexical_influential_token,0.15421976064061854,1.0,1.0,0.0,0.6616879042562475
5a75404a55429916b01642be,hotpotqa::kamp_store::f5b93444dd,False,False,5,lexical_influential_token,0.4763139720814412,1.0,0.984375,0.0,0.7874005888325766
5a75404a55429916b01642be,"hotpotqa::university_of_california,_berkeley::109a70ff26",False,False,5,lexical_influential_token,0.17320508075688773,1.0,0.96,0.0,0.6612820323027551
5a75404a55429916b01642be,hotpotqa::azusa_pacific_university::3dc0b504f0,False,False,5,lexical_influential_token,0.05,1.0,0.9787234042553191,0.0,0.6157446808510638
5a75404a55429916b01642be,hotpotqa::sanheyuan::b0a1bc32d8,False,False,5,lexical_influential_token,0.46360009363293825,1.0,0.978021978021978,0.0,0.781044433057571
5a8d0be85542994ba4e3dbb2,poison::lexical_influential_token::5a8d0be85542994ba4e3dbb2::2::9c6be923ac,True,False,5,lexical_influential_token,0.04665063509461097,0.0,0.6,0.0,0.13866025403784438
5a8d0be85542994ba4e3dbb2,poison::lexical_influential_token::5a8d0be85542994ba4e3dbb2::0::5b0d20e3de,True,False,5,lexical_influential_token,0.06830127018922194,0.0,0.5,0.0,0.1273205080756888
5a8d0be85542994ba4e3dbb2,poison::lexical_influential_token::5a8d0be85542994ba4e3dbb2::1::8ef183c69f,True,False,5,lexical_influential_token,0.021650635094610966,0.0,0.6,0.0,0.12866025403784437
5a8d0be85542994ba4e3dbb2,poison::lexical_influential_token::5a8d0be85542994ba4e3dbb2::3::ff8375510f,True,False,5,lexical_influential_token,0.0,0.0,0.5,0.0,0.1
5a8d0be85542994ba4e3dbb2,poison::lexical_influential_token::5a8d0be85542994ba4e3dbb2::4::a714df7434,True,False,5,lexical_influential_token,0.0,0.0,0.8333333333333334,0.0,0.16666666666666669
5a8d0be85542994ba4e3dbb2,hotpotqa::maryland_jockey_club::d6a3371235,False,True,5,lexical_influential_token,0.0,1.0,1.0,0.0,0.6
5a8d0be85542994ba4e3dbb2,hotpotqa::2017_black-eyed_susan_stakes::db2f4e7d3f,False,False,5,lexical_influential_token,0.19330127018922194,1.0,0.9811320754716981,0.0,0.6735469231700284
5a8d0be85542994ba4e3dbb2,hotpotqa::2016_black-eyed_susan_stakes::9f37a8dd11,False,False,5,lexical_influential_token,0.1299038105676658,1.0,0.9814814814814815,0.0,0.6482578205233626
5a8d0be85542994ba4e3dbb2,hotpotqa::2015_black-eyed_susan_stakes::b833a0e23f,False,False,5,lexical_influential_token,0.08660254037844387,1.0,0.9807692307692307,0.0,0.6307948623052237
5a8d0be85542994ba4e3dbb2,hotpotqa::2013_black-eyed_susan_stakes::69e2833d2d,False,False,5,lexical_influential_token,0.25945653900042354,1.0,0.9830508474576272,0.0,0.7003927850916949
5a8d0be85542994ba4e3dbb2,"hotpotqa::bowie,_maryland::6125b88306",False,True,5,lexical_influential_token,0.15155444566227677,1.0,1.0,0.0,0.6606217782649108
5a8d0be85542994ba4e3dbb2,"hotpotqa::ellicott_city,_maryland::2197e7a415",False,False,5,lexical_influential_token,0.14412512223376986,1.0,0.9807692307692307,0.0,0.6538038950473541
5a8d0be85542994ba4e3dbb2,hotpotqa::borgata::0995783393,False,False,5,lexical_influential_token,0.49180788932265,1.0,0.9545454545454546,0.0,0.7876322466381509
5a8d0be85542994ba4e3dbb2,hotpotqa::caesars_atlantic_city::5ea1af6de2,False,False,5,lexical_influential_token,0.33541019662496846,1.0,1.0,0.0,0.7341640786499875
5a74a26a55429979e28829d6,poison::lexical_influential_token::5a74a26a55429979e28829d6::2::86b57336e2,True,False,5,lexical_influential_token,0.04665063509461097,0.0,0.4285714285714286,0.0,0.10437453975213011
5a74a26a55429979e28829d6,poison::lexical_influential_token::5a74a26a55429979e28829d6::1::3227474213,True,False,5,lexical_influential_token,0.1505050989263651,1.0,0.4285714285714286,0.0,0.5459163252848318
5a74a26a55429979e28829d6,poison::lexical_influential_token::5a74a26a55429979e28829d6::3::d5569d3239,True,False,5,lexical_influential_token,0.08623724356957946,0.5,0.375,0.0,0.3094948974278318
5a74a26a55429979e28829d6,poison::lexical_influential_token::5a74a26a55429979e28829d6::4::3f1585e109,True,False,5,lexical_influential_token,0.04330127018922193,0.0,0.625,0.0,0.14232050807568877
5a74a26a55429979e28829d6,poison::lexical_influential_token::5a74a26a55429979e28829d6::0::8d8bf07234,True,False,5,lexical_influential_token,0.11827095881821237,1.0,0.375,0.0,0.5223083835272849
5a74a26a55429979e28829d6,hotpotqa::sonata_for_solo_cello_(crumb)::00e579366c,False,False,5,lexical_influential_token,0.16273941226731325,1.0,0.8571428571428572,0.0,0.6365243363354967
5a74a26a55429979e28829d6,hotpotqa::béla_bartók_music_high_school::df56656438,False,False,5,lexical_influential_token,0.23747468751666911,1.0,0.8333333333333334,0.0,0.6616565416733343
5a74a26a55429979e28829d6,hotpotqa::balázs_kocsár::b95e204116,False,False,5,lexical_influential_token,0.5590169943749475,1.0,0.9032258064516129,0.0,0.8042519590403016
5a74a26a55429979e28829d6,hotpotqa::paul_hindemith::75d4ae3655,False,True,5,lexical_influential_token,0.0,1.0,0.9772727272727273,0.0,0.5954545454545455
5a74a26a55429979e28829d6,"hotpotqa::suite,_op._14_(bartók)::847b2bd8c1",False,False,5,lexical_influential_token,0.27351232510004797,1.0,0.8970588235294118,0.0,0.6888166947459016
5a74a26a55429979e28829d6,hotpotqa::béla_bartók::4db99c7999,False,True,5,lexical_influential_token,0.1863703094674669,1.0,0.96875,0.0,0.6682981237869867
5a74a26a55429979e28829d6,hotpotqa::string_quartet_no._6_(bartók)::f44c5c6d0e,False,False,5,lexical_influential_token,0.18883063641133743,1.0,0.875,0.0,0.650532254564535
5a74a26a55429979e28829d6,hotpotqa::list_of_string_quartets_by_béla_bartók::a893410052,False,False,5,lexical_influential_token,0.07071067811865475,1.0,0.9230769230769231,0.0,0.6128996558628466
5a74a26a55429979e28829d6,hotpotqa::list_of_compositions_by_béla_bartók::7927ca1cab,False,False,5,lexical_influential_token,0.17320508075688773,1.0,0.9534883720930233,0.0,0.6599797067213597
5a8319b255429940e5e1a960,poison::lexical_influential_token::5a8319b255429940e5e1a960::2::b8099c4761,True,False,5,lexical_influential_token,0.04330127018922193,0.0,0.5,0.0,0.11732050807568876
5a8319b255429940e5e1a960,poison::lexical_influential_token::5a8319b255429940e5e1a960::4::035bbcc9bf,True,False,5,lexical_influential_token,0.0899519052838329,0.0,0.7142857142857143,0.0,0.17883790497067603
5a8319b255429940e5e1a960,poison::lexical_influential_token::5a8319b255429940e5e1a960::0::7c7121aa45,True,False,5,lexical_influential_token,0.0649519052838329,0.0,0.4285714285714286,0.0,0.11169504782781887
5a8319b255429940e5e1a960,poison::lexical_influential_token::5a8319b255429940e5e1a960::3::8e184b4e07,True,False,5,lexical_influential_token,0.04330127018922193,0.25,0.4285714285714286,0.0,0.2030347937899745
5a8319b255429940e5e1a960,poison::lexical_influential_token::5a8319b255429940e5e1a960::1::12010be626,True,False,5,lexical_influential_token,0.04330127018922193,1.0,0.5,0.0,0.5173205080756887
5a8319b255429940e5e1a960,hotpotqa::alf_clausen::ae7c965b6d,False,True,5,lexical_influential_token,0.3614993217231683,1.0,0.8888888888888888,0.0,0.7223775064670451
5a8319b255429940e5e1a960,hotpotqa::the_simpsons_theme::90225a72fa,False,True,5,lexical_influential_token,0.07755233453210572,1.0,1.0,0.0,0.6310209338128423
5a8319b255429940e5e1a960,hotpotqa::richard_pleasance::ca9aaccd12,False,False,5,lexical_influential_token,0.5539629951540085,1.0,0.9855072463768116,0.0,0.8186866473369656
5a8319b255429940e5e1a960,hotpotqa::larry_groupé::59abcbd4e2,False,False,5,lexical_influential_token,0.06310844497405346,1.0,0.9387755102040817,0.0,0.6129984800304377
5a8319b255429940e5e1a960,hotpotqa::disney's_adventures_of_the_gummi_bears::d5d8b57a85,False,False,5,lexical_influential_token,0.209982124761103,1.0,0.9662921348314607,0.0,0.6772512768707333
5a8319b255429940e5e1a960,hotpotqa::bruce_rowland::d4010ab1d8,False,False,5,lexical_influential_token,0.45,1.0,0.9444444444444444,0.0,0.768888888888889
5a8319b255429940e5e1a960,hotpotqa::list_of_meine_liebe_episodes::e66c1d1e7e,False,False,5,lexical_influential_token,0.07071067811865475,1.0,0.9152542372881356,0.0,0.611335118705089
5a7aa0a55542990198eaf165,poison::lexical_influential_token::5a7aa0a55542990198eaf165::2::3ea4f29490,True,False,5,lexical_influential_token,0.05,0.5,0.5,0.0,0.32
5a7aa0a55542990198eaf165,poison::lexical_influential_token::5a7aa0a55542990198eaf165::3::d9fec91996,True,False,5,lexical_influential_token,0.025,0.0,0.2857142857142857,0.0,0.06714285714285714
5a7aa0a55542990198eaf165,poison::lexical_influential_token::5a7aa0a55542990198eaf165::4::944a549465,True,False,5,lexical_influential_token,0.07613687188886939,0.0,0.7142857142857143,0.0,0.17331189161269062
5a7aa0a55542990198eaf165,poison::lexical_influential_token::5a7aa0a55542990198eaf165::1::84d9cc01ec,True,False,5,lexical_influential_token,0.04665063509461097,0.5,0.5,0.0,0.31866025403784437
5a7aa0a55542990198eaf165,poison::lexical_influential_token::5a7aa0a55542990198eaf165::0::b3967be4a4,True,False,5,lexical_influential_token,0.08660254037844387,0.0,0.2857142857142857,0.0,0.09178387329423468
5a7aa0a55542990198eaf165,hotpotqa::jalachhayam::226d4ab863,False,False,5,lexical_influential_token,0.0649519052838329,1.0,0.6923076923076923,0.0,0.5644423005750716
5a7aa0a55542990198eaf165,hotpotqa::laloorinu_parayanullathu::335f28d360,False,False,5,lexical_influential_token,0.11830127018922193,1.0,0.696969696969697,0.0,0.5867144474696282
5a7aa0a55542990198eaf165,hotpotqa::sathish_kalathil::7956fc4cb9,False,True,5,lexical_influential_token,0.17165063509461095,1.0,0.9523809523809523,0.0,0.6591364445140349
5a7aa0a55542990198eaf165,hotpotqa::veena_vaadanam::a0f38763ee,False,False,5,lexical_influential_token,0.15533822961874624,1.0,0.8333333333333334,0.0,0.6288019585141652
5a7aa0a55542990198eaf165,hotpotqa::house_of_capet::0be7b9f73d,False,False,5,lexical_influential_token,0.4763139720814412,1.0,0.9818181818181818,0.0,0.7868892251962128
5a7aa0a55542990198eaf165,hotpotqa::jacques_feyder::acb7c95bc4,False,True,5,lexical_influential_token,0.18874586088176876,1.0,0.9032258064516129,0.0,0.65614350564303
5a7aa0a55542990198eaf165,hotpotqa::søren_kierkegaard::25180dc354,False,False,5,lexical_influential_token,0.08291561975888499,1.0,0.9873417721518988,0.0,0.6306346023339338
5a7aa0a55542990198eaf165,hotpotqa::halldór_laxness::3021d96b14,False,False,5,lexical_influential_token,0.05,1.0,0.9761904761904762,0.0,0.6152380952380953
5ae291bb5542996483e649f6,poison::lexical_influential_token::5ae291bb5542996483e649f6::2::1689eb4311,True,False,5,lexical_influential_token,0.021650635094610966,0.0,0.4285714285714286,0.0,0.0943745397521301
5ae291bb5542996483e649f6,poison::lexical_influential_token::5ae291bb5542996483e649f6::3::a0e1b2bae7,True,False,5,lexical_influential_token,0.025,0.0,0.375,0.0,0.08499999999999999
5ae291bb5542996483e649f6,poison::lexical_influential_token::5ae291bb5542996483e649f6::4::ad2ff336cb,True,False,5,lexical_influential_token,0.041457809879442496,0.0,0.625,0.0,0.141583123951777
5ae291bb5542996483e649f6,poison::lexical_influential_token::5ae291bb5542996483e649f6::0::2e6ac840dd,True,False,5,lexical_influential_token,0.08660254037844387,0.0,0.375,0.0,0.10964101615137753
5ae291bb5542996483e649f6,poison::lexical_influential_token::5ae291bb5542996483e649f6::1::1169a94838,True,False,5,lexical_influential_token,0.04330127018922193,0.0,0.4285714285714286,0.0,0.10303479378997449
5ae291bb5542996483e649f6,hotpotqa::premiere_(magazine)::300fd7849a,False,True,5,lexical_influential_token,0.021650635094610966,1.0,0.9285714285714286,0.0,0.5943745397521301
5ae291bb5542996483e649f6,hotpotqa::hachette_filipacchi_media_u.s.::c73f1bd736,False,False,5,lexical_influential_token,0.041457809879442496,1.0,1.0,0.0,0.616583123951777
5ae291bb5542996483e649f6,hotpotqa::car_and_driver::3c430d48b1,False,False,5,lexical_influential_token,0.09354143466934853,1.0,1.0,0.0,0.6374165738677394
5ae291bb5542996483e649f6,hotpotqa::george_(magazine)::0faa98a7de,False,False,5,lexical_influential_token,0.1299038105676658,1.0,1.0,0.0,0.6519615242270663
5ae291bb5542996483e649f6,hotpotqa::home_(magazine)::85c942b191,False,False,5,lexical_influential_token,0.14637891082966345,1.0,0.6666666666666667,0.0,0.5918848976651987
5ae291bb5542996483e649f6,hotpotqa::metropolitan_home::8e69afc406,False,False,5,lexical_influential_token,0.2381569860407206,1.0,1.0,0.0,0.6952627944162882
5ae291bb5542996483e649f6,hotpotqa::april_bernard::348c4792e0,False,True,5,lexical_influential_token,0.11388041973930374,1.0,0.9743589743589743,0.0,0.6404239627675163
5a74122f55429929fddd83da,poison::lexical_influential_token::5a74122f55429929fddd83da::2::0dcb51c3ad,True,False,5,lexical_influential_token,0.07613687188886939,0.25,0.6,0.0,0.25045474875554774
5a74122f55429929fddd83da,poison::lexical_influential_token::5a74122f55429929fddd83da::0::36f5b52098,True,False,5,lexical_influential_token,0.05700597415393834,0.0,0.5,0.0,0.12280238966157533
5a74122f55429929fddd83da,poison::lexical_influential_token::5a74122f55429929fddd83da::1::ee00b06676,True,False,5,lexical_influential_token,0.04330127018922193,0.75,0.6,0.0,0.4373205080756888
5a74122f55429929fddd83da,poison::lexical_influential_token::5a74122f55429929fddd83da::3::c46b12d124,True,False,5,lexical_influential_token,0.021650635094610966,0.0,0.5,0.0,0.10866025403784438
5a74122f55429929fddd83da,poison::lexical_influential_token::5a74122f55429929fddd83da::4::ee8ddaa3c8,True,False,5,lexical_influential_token,0.035355339059327376,0.0,0.8333333333333334,0.0,0.1808088022903976
5a74122f55429929fddd83da,hotpotqa::two_is_better_than_one::87ef2092f0,False,True,5,lexical_influential_token,0.08660254037844387,1.0,0.9583333333333334,0.0,0.6263076828180443
5a74122f55429929fddd83da,hotpotqa::acapella_(karmin_song)::722f117e87,False,False,5,lexical_influential_token,0.38324274291889726,1.0,0.9166666666666666,0.0,0.7366304305008923
5a74122f55429929fddd83da,hotpotqa::love_drunk::aac303b91c,False,True,5,lexical_influential_token,0.16525914962699317,1.0,1.0,0.0,0.6661036598507973
5a74122f55429929fddd83da,hotpotqa::bad_for_me::93a02c2428,False,False,5,lexical_influential_token,0.07613687188886939,1.0,1.0,0.0,0.6304547487555477
5a74122f55429929fddd83da,hotpotqa::heart_heart_heartbreak::bcfbba44d9,False,False,5,lexical_influential_token,0.09659258262890683,1.0,1.0,0.0,0.6386370330515627
5a74122f55429929fddd83da,hotpotqa::love_drunk_(disambiguation)::230972ca97,False,False,5,lexical_influential_token,0.23815698604072064,1.0,1.0,0.0,0.6952627944162882
5a74122f55429929fddd83da,hotpotqa::love_drunk_(boys_like_girls_song)::c39d2dd0d2,False,False,5,lexical_influential_token,0.11766495694296855,1.0,1.0,0.0,0.6470659827771874
5ab3a83d5542992ade7c6e08,poison::lexical_influential_token::5ab3a83d5542992ade7c6e08::2::b553899e67,True,False,5,lexical_influential_token,0.04330127018922193,0.0,0.5,0.0,0.11732050807568876
5ab3a83d5542992ade7c6e08,poison::lexical_influential_token::5ab3a83d5542992ade7c6e08::3::369e461b3d,True,False,5,lexical_influential_token,0.025,0.0,0.4285714285714286,0.0,0.09571428571428572
5ab3a83d5542992ade7c6e08,poison::lexical_influential_token::5ab3a83d5542992ade7c6e08::1::61829dfde0,True,False,5,lexical_influential_token,0.025,0.0,0.5,0.0,0.11000000000000001
5ab3a83d5542992ade7c6e08,poison::lexical_influential_token::5ab3a83d5542992ade7c6e08::4::84c6de851e,True,False,5,lexical_influential_token,0.025,0.0,0.7142857142857143,0.0,0.15285714285714286
5ab3a83d5542992ade7c6e08,poison::lexical_influential_token::5ab3a83d5542992ade7c6e08::0::1200039641,True,False,5,lexical_influential_token,0.1109184904513966,0.0,0.4285714285714286,0.0,0.13008168189484434
5ab3a83d5542992ade7c6e08,hotpotqa::faith_goldy::ef1a097623,False,True,5,lexical_influential_token,0.04330127018922193,1.0,1.0,0.0,0.6173205080756887
5ab3a83d5542992ade7c6e08,hotpotqa::fired_up_(tv_series)::0a1351f3f5,False,False,5,lexical_influential_token,0.3247595264191645,1.0,1.0,0.0,0.7299038105676658
5ab3a83d5542992ade7c6e08,hotpotqa::better_than_home::8e1596a1e1,False,False,5,lexical_influential_token,0.5873670062235365,1.0,1.0,0.0,0.8349468024894147
5ab3a83d5542992ade7c6e08,hotpotqa::mars_nederland::dfab2324a5,False,False,5,lexical_influential_token,0.5760859310901456,1.0,1.0,0.0,0.8304343724360581
5ab3a83d5542992ade7c6e08,"hotpotqa::move_over,_darling::ec20b4cf59",False,False,5,lexical_influential_token,0.4763139720814412,1.0,1.0,0.0,0.7905255888325765
5ab3a83d5542992ade7c6e08,hotpotqa::the_daily_stormer::95c3c20e9e,False,True,5,lexical_influential_token,0.41495190528383286,1.0,1.0,0.0,0.7659807621135332
5ab3a83d5542992ade7c6e08,hotpotqa::jessica_chastain_on_screen_and_stage::7e0fffa170,False,False,5,lexical_influential_token,0.3897114317029974,1.0,1.0,0.0,0.755884572681199
5ab3a83d5542992ade7c6e08,hotpotqa::jessica_chastain::84e41c7971,False,False,5,lexical_influential_token,0.4898979485566356,1.0,1.0,0.0,0.7959591794226542
5ab3a83d5542992ade7c6e08,hotpotqa::trish_lake::0b7a9e91d5,False,False,5,lexical_influential_token,0.15,1.0,1.0,0.0,0.6599999999999999
5abc219655429959677d6a1d,poison::lexical_influential_token::5abc219655429959677d6a1d::2::0e0f28b6d8,True,False,5,lexical_influential_token,0.267554579755936,0.25,0.6,0.0,0.32702183190237444
5abc219655429959677d6a1d,poison::lexical_influential_token::5abc219655429959677d6a1d::0::d7d2b2a21a,True,False,5,lexical_influential_token,0.3079004234531746,0.25,0.5,0.0,0.32316016938126985
5abc219655429959677d6a1d,poison::lexical_influential_token::5abc219655429959677d6a1d::1::feb9ef0894,True,False,5,lexical_influential_token,0.4618233917901268,0.75,0.6,0.0,0.6047293567160507
5abc219655429959677d6a1d,poison::lexical_influential_token::5abc219655429959677d6a1d::3::5b1b1073e5,True,False,5,lexical_influential_token,0.45604569689948365,0.75,0.5,0.0,0.5824182787597935
5abc219655429959677d6a1d,poison::lexical_influential_token::5abc219655429959677d6a1d::4::3d6f79879b,True,False,5,lexical_influential_token,0.4481186878254104,0.5,0.8333333333333334,0.0,0.5459141417968308
5abc219655429959677d6a1d,hotpotqa::comic_book::f0eeba8c65,False,False,5,lexical_influential_token,0.19223860200324563,1.0,0.9589041095890412,0.0,0.6686762627191065
5abc219655429959677d6a1d,hotpotqa::comic_book_convention::40e04d0659,False,False,5,lexical_influential_token,0.6339361166552984,1.0,0.9814814814814815,0.0,0.8498707429584156
5abc219655429959677d6a1d,hotpotqa::metropolis_collectibles::018963a7cd,False,False,5,lexical_influential_token,0.10897247358851685,1.0,0.9574468085106383,0.0,0.6350783511375344
5abc219655429959677d6a1d,hotpotqa::spawn_(comics)::409ae93770,False,False,5,lexical_influential_token,0.3241567212613562,1.0,0.9428571428571428,0.0,0.7182341170759711
5abc219655429959677d6a1d,"hotpotqa::nick_fury,_agent_of_s.h.i.e.l.d._(feature)::2f3cfae14b",False,False,5,lexical_influential_token,0.5402545696243577,1.0,0.8484848484848485,0.0,0.7857987975467128
5abc219655429959677d6a1d,hotpotqa::crossed_(comics)::a28200882d,False,True,5,lexical_influential_token,0.23262660511138233,1.0,1.0,0.0,0.6930506420445529
5abc219655429959677d6a1d,hotpotqa::star_crossed_(comics)::73d1629bd3,False,False,5,lexical_influential_token,0.3098096191805186,1.0,0.9574468085106383,0.0,0.7154132093743352
5abc219655429959677d6a1d,hotpotqa::glenn_greenberg::e6cfee8cb5,False,False,5,lexical_influential_token,0.1414578098794425,1.0,0.9642857142857143,0.0,0.6494402668089199
5abc219655429959677d6a1d,hotpotqa::garth_ennis::77c04159fb,False,True,5,lexical_influential_token,0.19202864369671518,1.0,0.8888888888888888,0.0,0.6545892352564638
5a7f1d3c5542993067513639,poison::lexical_influential_token::5a7f1d3c5542993067513639::2::b192c0360b,True,False,5,lexical_influential_token,0.021650635094610966,0.0,0.5,0.0,0.10866025403784438
5a7f1d3c5542993067513639,poison::lexical_influential_token::5a7f1d3c5542993067513639::0::277fd51bed,True,False,5,lexical_influential_token,0.08926785535678564,0.25,0.4285714285714286,0.0,0.22142142785699997
5a7f1d3c5542993067513639,poison::lexical_influential_token::5a7f1d3c5542993067513639::3::30046a10bc,True,False,5,lexical_influential_token,0.05,0.0,0.4285714285714286,0.0,0.10571428571428572
5a7f1d3c5542993067513639,poison::lexical_influential_token::5a7f1d3c5542993067513639::1::e7f5bce4d7,True,False,5,lexical_influential_token,0.05,0.0,0.5,0.0,0.12
5a7f1d3c5542993067513639,poison::lexical_influential_token::5a7f1d3c5542993067513639::4::b57218a63f,True,False,5,lexical_influential_token,0.04665063509461097,0.0,0.7142857142857143,0.0,0.16151739689498726
5a7f1d3c5542993067513639,hotpotqa::mercuria_energy_group::5f23b597e6,False,True,5,lexical_influential_token,0.021650635094610966,1.0,1.0,0.0,0.6086602540378444
5a7f1d3c5542993067513639,hotpotqa::source_uk_services::7c46fdd7fe,False,False,5,lexical_influential_token,0.1384329796997689,1.0,1.0,0.0,0.6553731918799076
5a7f1d3c5542993067513639,hotpotqa::douglas_cliggott::55d4c8409a,False,False,5,lexical_influential_token,0.3905124837953327,1.0,1.0,0.0,0.7562049935181331
5a7f1d3c5542993067513639,hotpotqa::2000s_commodities_boom::86ad5ec067,False,False,5,lexical_influential_token,0.13518824085832465,1.0,0.9927536231884058,0.0,0.6526260209810111
5a7f1d3c5542993067513639,hotpotqa::j._p._morgan_jr.::14e14238b7,False,False,5,lexical_influential_token,0.30745868861448206,1.0,1.0,0.0,0.7229834754457929
5a7f1d3c5542993067513639,hotpotqa::semgroup::8a6b477aa5,False,False,5,lexical_influential_token,0.24005813167606566,1.0,0.9767441860465116,0.0,0.6913720898797286
5a7f1d3c5542993067513639,hotpotqa::esso_australia::150e96af24,False,False,5,lexical_influential_token,0.16525914962699317,1.0,0.9565217391304348,0.0,0.6574080076768842
5a7f1d3c5542993067513639,hotpotqa::hess_corporation::8f839f25f8,False,False,5,lexical_influential_token,0.1389029025725781,1.0,0.9883720930232558,0.0,0.6532355796336824
5ae3c71f5542991a06ce9a22,poison::lexical_influential_token::5ae3c71f5542991a06ce9a22::0::c301f4dbba,True,False,5,lexical_influential_token,0.10825317547305482,0.0,0.4285714285714286,0.0,0.12901555590350763
5ae3c71f5542991a06ce9a22,poison::lexical_influential_token::5ae3c71f5542991a06ce9a22::2::0d4af3e271,True,False,5,lexical_influential_token,0.021650635094610966,0.0,0.5,0.0,0.10866025403784438
5ae3c71f5542991a06ce9a22,poison::lexical_influential_token::5ae3c71f5542991a06ce9a22::3::7f52fd3aea,True,False,5,lexical_influential_token,0.021650635094610966,0.0,0.4285714285714286,0.0,0.0943745397521301
5ae3c71f5542991a06ce9a22,poison::lexical_influential_token::5ae3c71f5542991a06ce9a22::1::ac57773bb1,True,False,5,lexical_influential_token,0.021650635094610966,1.0,0.5,0.0,0.5086602540378444
5ae3c71f5542991a06ce9a22,poison::lexical_influential_token::5ae3c71f5542991a06ce9a22::4::3c6d3f0e72,True,False,5,lexical_influential_token,0.04330127018922193,0.0,0.7142857142857143,0.0,0.16017765093283162
5ae3c71f5542991a06ce9a22,"hotpotqa::mesopotamia,_argentina::c7152dba31",False,True,5,lexical_influential_token,0.1664213562373095,1.0,0.8666666666666667,0.0,0.6399018758282572
5ae3c71f5542991a06ce9a22,hotpotqa::national_route_12_(argentina)::6497c2c4c2,False,False,5,lexical_influential_token,0.10696798155377502,1.0,1.0,0.0,0.64278719262151
5ae3c71f5542991a06ce9a22,hotpotqa::predelta_national_park::6445cc0ad8,False,True,5,lexical_influential_token,0.04330127018922193,1.0,1.0,0.0,0.6173205080756887
5ae3c71f5542991a06ce9a22,hotpotqa::republic_of_entre_ríos::22bc223b21,False,False,5,lexical_influential_token,0.10307764064044152,1.0,0.9318181818181819,0.0,0.627594692619813
5ae3c71f5542991a06ce9a22,hotpotqa::uruguay_river::64d90f5d64,False,False,5,lexical_influential_token,0.05448623679425842,1.0,0.85,0.0,0.5917944947177034
5ae3c71f5542991a06ce9a22,hotpotqa::santa_fe_province::1d314cbecb,False,False,5,lexical_influential_token,0.1293010054098575,1.0,0.8928571428571429,0.0,0.6302918307353715
5ade7a435542997c77adee3a,poison::lexical_influential_token::5ade7a435542997c77adee3a::0::5cbc3b7f1f,True,False,5,lexical_influential_token,0.08660254037844387,0.0,0.4285714285714286,0.0,0.12035530186566326
5ade7a435542997c77adee3a,poison::lexical_influential_token::5ade7a435542997c77adee3a::2::bb1e3a51ca,True,False,5,lexical_influential_token,0.04330127018922193,0.0,0.5,0.0,0.11732050807568876
5ade7a435542997c77adee3a,poison::lexical_influential_token::5ade7a435542997c77adee3a::1::3af41f2786,True,False,5,lexical_influential_token,0.1234257914332175,0.75,0.5,0.0,0.449370316573287
5ade7a435542997c77adee3a,poison::lexical_influential_token::5ade7a435542997c77adee3a::3::3d09c78919,True,False,5,lexical_influential_token,0.07613687188886939,0.25,0.4285714285714286,0.0,0.2161690344698335
5ade7a435542997c77adee3a,poison::lexical_influential_token::5ade7a435542997c77adee3a::4::b7c8486568,True,False,5,lexical_influential_token,0.07613687188886939,0.75,0.7142857142857143,0.0,0.4733118916126906
5ade7a435542997c77adee3a,hotpotqa::mountbatten-windsor::277136ba41,False,True,5,lexical_influential_token,0.19752103082984046,0.25,1.0,0.0,0.3790084123319362
5ade7a435542997c77adee3a,hotpotqa::list_of_members_of_the_house_of_windsor::6882190056,False,False,5,lexical_influential_token,0.1239675447430166,1.0,0.95,0.0,0.6395870178972066
5ade7a435542997c77adee3a,hotpotqa::duke_of_leuchtenberg::697d911e11,False,False,5,lexical_influential_token,0.18520270484735224,1.0,1.0,0.0,0.6740810819389409
5ade7a435542997c77adee3a,hotpotqa::batonishvili::958b11c798,False,False,5,lexical_influential_token,0.2010471265644888,1.0,1.0,0.0,0.6804188506257955
5ade7a435542997c77adee3a,hotpotqa::line_of_succession_to_the_former_egyptian_throne::ea05da6501,False,False,5,lexical_influential_token,0.23670876677067662,1.0,1.0,0.0,0.6946835067082706
5ade7a435542997c77adee3a,hotpotqa::mountbatten_family::dcd78eec19,False,True,5,lexical_influential_token,0.14665063509461096,1.0,0.972972972972973,0.0,0.653254848632439
5ade7a435542997c77adee3a,hotpotqa::capetian_dynasty::43764bff16,False,False,5,lexical_influential_token,0.18157298807917438,1.0,1.0,0.0,0.6726291952316698
5ade7a435542997c77adee3a,hotpotqa::cadet_branch::52eb7d4ab9,False,False,5,lexical_influential_token,0.25980762113533157,1.0,1.0,0.0,0.7039230484541326
5a80ecea55429938b6142254,poison::lexical_influential_token::5a80ecea55429938b6142254::0::5d0da58902,True,False,5,lexical_influential_token,0.1389029025725781,0.75,0.4285714285714286,0.0,0.4412754467433169
5a80ecea55429938b6142254,poison::lexical_influential_token::5a80ecea55429938b6142254::2::1183c46d6e,True,False,5,lexical_influential_token,0.18803399873175713,0.75,0.5,0.0,0.47521359949270287
5a80ecea55429938b6142254,poison::lexical_influential_token::5a80ecea55429938b6142254::3::e96d6be635,True,False,5,lexical_influential_token,0.24956873323607148,0.5,0.4285714285714286,0.0,0.38554177900871434
5a80ecea55429938b6142254,poison::lexical_influential_token::5a80ecea55429938b6142254::1::f645d12aa4,True,False,5,lexical_influential_token,0.2623320495781034,1.0,0.5,0.0,0.6049328198312414
5a80ecea55429938b6142254,poison::lexical_influential_token::5a80ecea55429938b6142254::4::3f4d00bc3c,True,False,5,lexical_influential_token,0.2751417325766145,0.5,0.7142857142857143,0.0,0.4529138358877887
5a80ecea55429938b6142254,hotpotqa::yoo_in-na::70c2edba21,False,True,5,lexical_influential_token,0.2262328675841026,0.75,0.9487179487179487,0.0,0.5802367367772308
5a80ecea55429938b6142254,hotpotqa::my_secret_hotel::adbf4e40a6,False,True,5,lexical_influential_token,0.30310889132455354,1.0,1.0,0.0,0.7212435565298214
5a80ecea55429938b6142254,hotpotqa::the_secret_of_my_love::0417951616,False,False,5,lexical_influential_token,0.3214131930950412,1.0,1.0,0.0,0.7285652772380165
5a80ecea55429938b6142254,hotpotqa::bang_eun-hee::d38853da1b,False,False,5,lexical_influential_token,0.40313838252532264,1.0,0.9333333333333333,0.0,0.7479220196767957
5a80ecea55429938b6142254,hotpotqa::yoo_ah-in::4d4e8c4c8f,False,False,5,lexical_influential_token,0.284635644788283,1.0,0.9117647058823529,0.0,0.6962071990917839
5a80ecea55429938b6142254,hotpotqa::secret_love_(tv_series)::664d1ad6af,False,False,5,lexical_influential_token,0.22320508075688772,1.0,0.8421052631578947,0.0,0.657703084934334
5a80ecea55429938b6142254,hotpotqa::kim_ji-han::727bde4473,False,False,5,lexical_influential_token,0.533942393735398,0.75,0.9056603773584906,0.0,0.6947090329658574
5ae7cea355429952e35ea9c1,poison::lexical_influential_token::5ae7cea355429952e35ea9c1::2::c1e76fe0b4,True,False,5,lexical_influential_token,0.0649519052838329,0.0,0.4285714285714286,0.0,0.11169504782781887
5ae7cea355429952e35ea9c1,poison::lexical_influential_token::5ae7cea355429952e35ea9c1::0::00a400c34a,True,False,5,lexical_influential_token,0.08660254037844387,0.0,0.375,0.0,0.10964101615137753
5ae7cea355429952e35ea9c1,poison::lexical_influential_token::5ae7cea355429952e35ea9c1::3::c2eadf6f72,True,False,5,lexical_influential_token,0.15627975527297355,0.25,0.375,0.0,0.23751190210918943
5ae7cea355429952e35ea9c1,poison::lexical_influential_token::5ae7cea355429952e35ea9c1::1::190163da6f,True,False,5,lexical_influential_token,0.14412512223376986,0.5,0.4285714285714286,0.0,0.34336433460779364
5ae7cea355429952e35ea9c1,poison::lexical_influential_token::5ae7cea355429952e35ea9c1::4::0166af02b1,True,False,5,lexical_influential_token,0.15,0.25,0.625,0.0,0.28500000000000003
5ae7cea355429952e35ea9c1,hotpotqa::easy_(tv_series)::f697ef3559,False,True,5,lexical_influential_token,0.30132225907564847,1.0,1.0,0.0,0.7205289036302593
5ae7cea355429952e35ea9c1,hotpotqa::travelers_(tv_series)::0f29fed051,False,False,5,lexical_influential_token,0.0899519052838329,1.0,1.0,0.0,0.6359807621135332
5ae7cea355429952e35ea9c1,hotpotqa::list_of_knights_of_sidonia_episodes::52ba975132,False,False,5,lexical_influential_token,0.552268050859363,1.0,1.0,0.0,0.8209072203437453
5ae7cea355429952e35ea9c1,hotpotqa::bloodline_(tv_series)::bf01078750,False,False,5,lexical_influential_token,0.1494431341068433,1.0,0.975,0.0,0.6547772536427373
5ae7cea355429952e35ea9c1,hotpotqa::list_of_heroes_episodes::7b8827dd8c,False,False,5,lexical_influential_token,0.29474565306378986,1.0,0.9886363636363636,0.0,0.7156255339527886
5ae7cea355429952e35ea9c1,hotpotqa::son_of_zorn::8e07173864,False,False,5,lexical_influential_token,0.25275189628779005,1.0,1.0,0.0,0.7011007585151161
5ae7cea355429952e35ea9c1,hotpotqa::dice_(tv_series)::c1aa9ead60,False,False,5,lexical_influential_token,0.22101692250916813,1.0,1.0,0.0,0.6884067690036673
5ae7cea355429952e35ea9c1,hotpotqa::drake_&amp;_josh::014ddba694,False,False,5,lexical_influential_token,0.4153311931459037,1.0,1.0,0.0,0.7661324772583615
