query_id,doc_id,is_poison,is_gold,n_poison,attack_family,rank_instability,retriever_disagreement,unsupported,claim_conflict,suspicion
5abc19705542993a06baf86e,poison::lexical_influential_token::5abc19705542993a06baf86e::2::1c7b77ae64,True,False,3,lexical_influential_token,0.021650635094610966,0.0,0.33333333333333337,0.0,0.07532692070451105
5abc19705542993a06baf86e,poison::lexical_influential_token::5abc19705542993a06baf86e::0::a494930dd4,True,False,3,lexical_influential_token,0.021650635094610966,0.0,0.5714285714285714,0.0,0.12294596832355867
5abc19705542993a06baf86e,poison::lexical_influential_token::5abc19705542993a06baf86e::1::8cd28f379d,True,False,3,lexical_influential_token,0.0,0.0,0.6666666666666667,0.0,0.13333333333333336
5abc19705542993a06baf86e,hotpotqa::black_power:_the_politics_of_liberation::472221cf0a,False,False,3,lexical_influential_token,0.47783051940667653,1.0,0.8947368421052632,0.0,0.7700795761837232
5abc19705542993a06baf86e,hotpotqa::black_book_(world_war_ii)::bd1f64eb22,False,False,3,lexical_influential_token,0.3522814475469288,1.0,0.8627450980392157,0.0,0.7134615986266146
5abc19705542993a06baf86e,hotpotqa::yazidi_book_of_revelation::f76b639e3e,False,False,3,lexical_influential_token,0.6832825184358224,1.0,0.935483870967742,0.0,0.8604097815678774
5abc19705542993a06baf86e,hotpotqa::american_nerd::4a53da93a1,False,False,3,lexical_influential_token,0.5830951894845301,1.0,0.90625,0.0,0.814488075793812
5abc19705542993a06baf86e,hotpotqa::black_book_(novel)::8824a6c33a,False,False,3,lexical_influential_token,0.2814582562299425,1.0,0.6,0.0,0.632583302491977
5abc19705542993a06baf86e,hotpotqa::neil_smith_(writer)::1359b3463b,False,False,3,lexical_influential_token,0.746240577829965,1.0,0.8939393939393939,0.0,0.8772841099198647
5abc19705542993a06baf86e,hotpotqa::yoo_in-na::70c2edba21,False,False,3,lexical_influential_token,0.4968651728587948,1.0,0.98,0.0,0.7947460691435179
5abc19705542993a06baf86e,hotpotqa::black_book_(film)::a2f2dbee18,False,True,3,lexical_influential_token,0.0,1.0,0.6851851851851851,0.0,0.537037037037037
5abc19705542993a06baf86e,hotpotqa::list_of_black_books_characters::2faacb9695,False,False,3,lexical_influential_token,0.0,1.0,0.9538461538461538,0.0,0.5907692307692308
5abc19705542993a06baf86e,hotpotqa::the_great_gilly_hopkins_(film)::32bd2ba089,False,False,3,lexical_influential_token,0.38405728739343037,1.0,0.8717948717948718,0.0,0.7279818893163466
5abc19705542993a06baf86e,hotpotqa::hotel_mumbai::18c6f91e32,False,False,3,lexical_influential_token,0.5539629951540085,1.0,0.8571428571428572,0.0,0.7930137694901749
5abc19705542993a06baf86e,hotpotqa::vanessa_williams::c56882514f,False,False,3,lexical_influential_token,0.2179449471770337,1.0,0.9137931034482758,0.0,0.6699365995604686
5ab985eb554299131ca42360,poison::lexical_influential_token::5ab985eb554299131ca42360::2::a3803e80de,True,False,3,lexical_influential_token,0.2568404623873926,0.25,0.4285714285714286,0.0,0.2884504706692428
5ab985eb554299131ca42360,poison::lexical_influential_token::5ab985eb554299131ca42360::1::81ccd90c69,True,False,3,lexical_influential_token,0.2751417325766145,0.25,0.5714285714285714,0.0,0.32434240731636005
5ab985eb554299131ca42360,poison::lexical_influential_token::5ab985eb554299131ca42360::0::efddc13ce4,True,False,3,lexical_influential_token,0.3126187517195628,0.25,0.5,0.0,0.3250475006878252
5ab985eb554299131ca42360,hotpotqa::greyia::a38f9aa0ec,False,True,3,lexical_influential_token,0.203100960115899,0.5,0.75,0.0,0.4312403840463596
5ab985eb554299131ca42360,hotpotqa::calyptocephalellidae::c3bfc1b8ec,False,False,3,lexical_influential_token,0.39641016151377545,1.0,0.935483870967742,0.0,0.7456608387990585
5ab985eb554299131ca42360,hotpotqa::ceratozamia::642f6b94c4,False,False,3,lexical_influential_token,0.7035623639735145,1.0,0.7948717948717949,0.0,0.8403993045637648
5ab985eb554299131ca42360,hotpotqa::pachyornis::3950ab7306,False,False,3,lexical_influential_token,0.6164414002968976,1.0,0.8870967741935484,0.0,0.8239959149574687
5ab985eb554299131ca42360,hotpotqa::leptofoenus::2d6ca08721,False,False,3,lexical_influential_token,0.6259992012774458,1.0,0.875,0.0,0.8253996805109782
5ab985eb554299131ca42360,hotpotqa::megalurus::59893e548a,False,False,3,lexical_influential_token,0.7141428428542851,1.0,0.9324324324324325,0.0,0.8721436236282006
5ab985eb554299131ca42360,hotpotqa::goodeniaceae::f4aa1671ac,False,False,3,lexical_influential_token,0.4716990566028302,1.0,0.76,0.0,0.7406796226411321
5ab985eb554299131ca42360,hotpotqa::calibanus::5fda1c2cfd,False,True,3,lexical_influential_token,0.3680607966083864,0.75,0.9444444444444444,0.0,0.6361132075322434
5ab985eb554299131ca42360,hotpotqa::pieris_(plant)::ee66a740bf,False,False,3,lexical_influential_token,0.0,1.0,0.9692307692307692,0.0,0.5938461538461539
5ab985eb554299131ca42360,hotpotqa::kermode_bear::3e32eb4803,False,False,3,lexical_influential_token,0.04330127018922193,1.0,0.9642857142857143,0.0,0.6101776509328316
5ab985eb554299131ca42360,hotpotqa::sonerila::bfbad8cd9a,False,False,3,lexical_influential_token,0.04330127018922193,1.0,0.8461538461538461,0.0,0.5865512773064581
5ab985eb554299131ca42360,hotpotqa::newfoundland_black_bear::d967f3c91f,False,False,3,lexical_influential_token,0.07071067811865475,1.0,0.9642857142857143,0.0,0.6211414141046048
5ab985eb554299131ca42360,hotpotqa::pieris_floribunda::f51b5130d3,False,False,3,lexical_influential_token,0.1410887771727023,1.0,0.9298245614035088,0.0,0.6424004231497827
5ae129115542990adbacf722,poison::lexical_influential_token::5ae129115542990adbacf722::0::ef08b6ad60,True,False,3,lexical_influential_token,0.04330127018922193,0.0,0.5,0.0,0.11732050807568876
5ae129115542990adbacf722,poison::lexical_influential_token::5ae129115542990adbacf722::2::bd7bff4d6e,True,False,3,lexical_influential_token,0.04330127018922193,0.0,0.4285714285714286,0.0,0.10303479378997449
5ae129115542990adbacf722,poison::lexical_influential_token::5ae129115542990adbacf722::1::5d1221c8e8,True,False,3,lexical_influential_token,0.021650635094610966,0.0,0.5714285714285714,0.0,0.12294596832355867
5ae129115542990adbacf722,hotpotqa::brown_eyes_(band)::a2b277ea78,False,False,3,lexical_influential_token,0.5889343805369851,1.0,0.7857142857142857,0.0,0.7927166093576512
5ae129115542990adbacf722,hotpotqa::a_pair_of_brown_eyes::f9e19bb331,False,True,3,lexical_influential_token,0.021650635094610966,0.0,0.8787878787878788,0.0,0.18441782979542015
5ae129115542990adbacf722,hotpotqa::caramel_(city_high_song)::d528d03b75,False,False,3,lexical_influential_token,0.05,1.0,0.7647058823529411,0.0,0.5729411764705883
5ae129115542990adbacf722,hotpotqa::huillolluni::e143905aa5,False,False,3,lexical_influential_token,0.6062177826491071,1.0,1.0,0.0,0.842487113059643
5ae129115542990adbacf722,hotpotqa::the_wild_pony::ae27c94298,False,False,3,lexical_influential_token,0.5356071321407138,1.0,0.9772727272727273,0.0,0.809697398310831
5ae129115542990adbacf722,hotpotqa::johnny_brown_(actor)::6a172cb050,False,False,3,lexical_influential_token,0.5196152422706632,1.0,0.975609756097561,0.0,0.8029680481277776
5ae129115542990adbacf722,hotpotqa::aquichua::9b816c2648,False,False,3,lexical_influential_token,0.45276925690687087,1.0,1.0,0.0,0.7811077027627483
5ae129115542990adbacf722,hotpotqa::beautiful_brown_eyes::0309a4a305,False,False,3,lexical_influential_token,0.08291561975888499,1.0,0.9230769230769231,0.0,0.6177816325189387
5ae129115542990adbacf722,hotpotqa::a_spanner_in_the_works::584be53a03,False,False,3,lexical_influential_token,0.07681314893876987,1.0,0.9019607843137255,0.0,0.6111174164382531
5ae129115542990adbacf722,hotpotqa::wild_mountain_thyme::f487def6e1,False,True,3,lexical_influential_token,0.25275189628779005,1.0,0.8181818181818181,0.0,0.6647371221514796
5ae129115542990adbacf722,hotpotqa::brown_eyes_(song)::ccc4bfec91,False,False,3,lexical_influential_token,0.04330127018922193,1.0,0.9722222222222222,0.0,0.6117649525201332
5ae129115542990adbacf722,hotpotqa::beautiful_eyes::0abda91f93,False,False,3,lexical_influential_token,0.21650635094610968,1.0,0.851063829787234,0.0,0.6568153063358907
5ac19f405542991316484b5b,poison::lexical_influential_token::5ac19f405542991316484b5b::2::04d4732cc8,True,False,3,lexical_influential_token,0.0,0.0,0.5,0.0,0.1
5ac19f405542991316484b5b,poison::lexical_influential_token::5ac19f405542991316484b5b::1::10c06499d6,True,False,3,lexical_influential_token,0.0,0.0,0.6666666666666667,0.0,0.13333333333333336
5ac19f405542991316484b5b,poison::lexical_influential_token::5ac19f405542991316484b5b::0::46a360b3ed,True,False,3,lexical_influential_token,0.0,0.0,0.5714285714285714,0.0,0.11428571428571428
5ac19f405542991316484b5b,hotpotqa::berger_blanc_suisse::c0e14e997c,False,True,3,lexical_influential_token,0.0,0.0,0.8571428571428572,0.0,0.17142857142857143
5ac19f405542991316484b5b,hotpotqa::piranha:_wolf_in_the_water::6545f34bd7,False,False,3,lexical_influential_token,0.6928203230275509,1.0,1.0,0.0,0.8771281292110202
5ac19f405542991316484b5b,hotpotqa::tentacle::9e66be657a,False,False,3,lexical_influential_token,0.34641016151377546,1.0,1.0,0.0,0.7385640646055102
5ac19f405542991316484b5b,hotpotqa::on_the_soul::b20010dda8,False,False,3,lexical_influential_token,0.6689544080129826,1.0,0.9615384615384616,0.0,0.8598894555128853
5ac19f405542991316484b5b,hotpotqa::pandikona::f83d670016,False,True,3,lexical_influential_token,0.09013878188659973,0.75,0.9,0.0,0.5160555127546399
5ac19f405542991316484b5b,hotpotqa::peter_l._berger::3f2dde9cd1,False,False,3,lexical_influential_token,0.19202864369671518,1.0,1.0,0.0,0.6768114574786861
5ac19f405542991316484b5b,hotpotqa::prosthetic_neuronal_memory_silicon_chips::774bcd3394,False,False,3,lexical_influential_token,0.18027756377319945,1.0,0.9692307692307692,0.0,0.6659571793554336
5ac19f405542991316484b5b,hotpotqa::coeloplana_fishelsoni::3392be2ca4,False,False,3,lexical_influential_token,0.08291561975888499,1.0,1.0,0.0,0.633166247903554
5ac19f405542991316484b5b,hotpotqa::north_atlantic_right_whale::d4c5946ae3,False,False,3,lexical_influential_token,0.05,1.0,1.0,0.0,0.62
5ac19f405542991316484b5b,hotpotqa::dogo_argentino::a9f5e395dd,False,False,3,lexical_influential_token,0.04330127018922193,1.0,0.9333333333333333,0.0,0.6039871747423555
5ac19f405542991316484b5b,hotpotqa::sesbania_tomentosa::ae57b4502a,False,False,3,lexical_influential_token,0.45276925690687087,1.0,0.9852941176470589,0.0,0.7781665262921601
5ac19f405542991316484b5b,hotpotqa::ursus_americanus_carlottae::51effd29f0,False,False,3,lexical_influential_token,0.1299038105676658,1.0,0.9705882352941176,0.0,0.6460791712858899
5adcbb815542994ed6169bde,poison::lexical_influential_token::5adcbb815542994ed6169bde::0::2b733bdb33,True,False,3,lexical_influential_token,0.05700597415393834,0.0,0.6666666666666667,0.0,0.1561357229949087
5adcbb815542994ed6169bde,poison::lexical_influential_token::5adcbb815542994ed6169bde::2::6144497d95,True,False,3,lexical_influential_token,0.04665063509461097,0.0,0.4,0.0,0.0986602540378444
5adcbb815542994ed6169bde,poison::lexical_influential_token::5adcbb815542994ed6169bde::1::6880cae488,True,False,3,lexical_influential_token,0.04330127018922193,0.0,0.75,0.0,0.16732050807568877
5adcbb815542994ed6169bde,hotpotqa::beer_wars::99727350c8,False,True,3,lexical_influential_token,0.0,0.0,0.9428571428571428,0.0,0.18857142857142856
5adcbb815542994ed6169bde,hotpotqa::microbrewery::2a6c638203,False,False,3,lexical_influential_token,0.12807764064044153,1.0,0.9411764705882353,0.0,0.6394663503738236
5adcbb815542994ed6169bde,hotpotqa::stone_brewing_co.::b5607ad58a,False,True,3,lexical_influential_token,0.09601432184835759,0.75,0.8,0.0,0.4984057287393431
5adcbb815542994ed6169bde,hotpotqa::list_of_microbreweries::ada2fed5ea,False,False,3,lexical_influential_token,0.07755233453210572,1.0,0.9117647058823529,0.0,0.613373874989313
5adcbb815542994ed6169bde,hotpotqa::beer_in_south_korea::6609b0e476,False,False,3,lexical_influential_token,0.1239675447430166,1.0,0.9189189189189189,0.0,0.6333708016809905
5adcbb815542994ed6169bde,hotpotqa::brouwerij_'t_ij::758d7f6b81,False,False,3,lexical_influential_token,0.06310844497405346,1.0,1.0,0.0,0.6252433779896214
5adcbb815542994ed6169bde,hotpotqa::beer_by_region::da5587b734,False,False,3,lexical_influential_token,0.1109184904513966,1.0,0.9259259259259259,0.0,0.6295525813657438
5adcbb815542994ed6169bde,hotpotqa::list_of_breweries_in_california::67a71a4e8b,False,False,3,lexical_influential_token,0.23823402636539973,1.0,0.896551724137931,0.0,0.6746039553737461
5adcbb815542994ed6169bde,hotpotqa::hess_corporation::8f839f25f8,False,False,3,lexical_influential_token,0.4636809247747852,1.0,0.9565217391304348,0.0,0.776776717736001
5ae12a4b55429920d52342df,poison::lexical_influential_token::5ae12a4b55429920d52342df::0::b08f4c3908,True,False,3,lexical_influential_token,0.0649519052838329,0.0,0.5714285714285714,0.0,0.14026647639924744
5ae12a4b55429920d52342df,poison::lexical_influential_token::5ae12a4b55429920d52342df::2::abf1f78d43,True,False,3,lexical_influential_token,0.10640971516327541,0.0,0.5,0.0,0.14256388606531017
5ae12a4b55429920d52342df,poison::lexical_influential_token::5ae12a4b55429920d52342df::1::45287e767e,True,False,3,lexical_influential_token,0.12731690964840564,0.25,0.6666666666666667,0.0,0.28426009719269557
5ae12a4b55429920d52342df,hotpotqa::baraki_barak_district::c81e73110c,False,True,3,lexical_influential_token,0.11645780987944249,0.0,0.6071428571428572,0.0,0.16801169538034844
5ae12a4b55429920d52342df,hotpotqa::baraki_rajan::1be12618bb,False,False,3,lexical_influential_token,0.06310844497405346,1.0,0.6666666666666667,0.0,0.5585767113229547
5ae12a4b55429920d52342df,hotpotqa::baraki_barak::1b83302d96,False,False,3,lexical_influential_token,0.08660254037844387,0.75,0.5,0.0,0.4346410161513775
5ae12a4b55429920d52342df,hotpotqa::camptown_(country_subdivision)::883ff907ec,False,False,3,lexical_influential_token,0.19708155485430165,1.0,0.8823529411764706,0.0,0.6553032101770148
5ae12a4b55429920d52342df,hotpotqa::dambai::8c5938dcc1,False,False,3,lexical_influential_token,0.24251565188698476,1.0,0.5714285714285714,0.0,0.6112919750405081
5ae12a4b55429920d52342df,hotpotqa::baraki_barak_airstrike::c80958a239,False,False,3,lexical_influential_token,0.1743734296383275,1.0,0.9047619047619048,0.0,0.6507017528077119
5ae12a4b55429920d52342df,hotpotqa::kwadjokrom::7ef1a6fc01,False,False,3,lexical_influential_token,0.3344772040064913,1.0,0.8,0.0,0.6937908816025965
5ae12a4b55429920d52342df,hotpotqa::mahsud::7489c757a2,False,False,3,lexical_influential_token,0.43301270189221935,1.0,0.8170731707317074,0.0,0.7366197149032292
5ae12a4b55429920d52342df,hotpotqa::logar_province::b85c911ee9,False,True,3,lexical_influential_token,0.45552167895721496,1.0,0.6875,0.0,0.719708671582886
5ae12a4b55429920d52342df,hotpotqa::seoul::c97e0961e8,False,False,3,lexical_influential_token,0.15811388300841897,1.0,0.8666666666666667,0.0,0.6365788865367009
5ac0dcf25542996f0d89cc2c,poison::lexical_influential_token::5ac0dcf25542996f0d89cc2c::2::bd4fd3c71a,True,False,3,lexical_influential_token,0.1040569415042095,0.0,0.33333333333333337,0.0,0.10828944326835047
5ac0dcf25542996f0d89cc2c,poison::lexical_influential_token::5ac0dcf25542996f0d89cc2c::0::68718d018e,True,False,3,lexical_influential_token,0.09735950931693724,0.0,0.5,0.0,0.1389438037267749
5ac0dcf25542996f0d89cc2c,poison::lexical_influential_token::5ac0dcf25542996f0d89cc2c::1::5790ef5a97,True,False,3,lexical_influential_token,0.19485571585149872,0.5,0.5714285714285714,0.0,0.3922280006263138
5ac0dcf25542996f0d89cc2c,hotpotqa::koch_family::c2e2ea36e7,False,True,3,lexical_influential_token,0.125,0.0,0.8181818181818181,0.0,0.21363636363636362
5ac0dcf25542996f0d89cc2c,hotpotqa::fred_c._koch::ac2c1a4046,False,False,3,lexical_influential_token,0.14029418507378894,0.5,0.5925925925925926,0.0,0.37463619254803404
5ac0dcf25542996f0d89cc2c,hotpotqa::david_koch::665ba42027,False,False,3,lexical_influential_token,0.16283082689914696,0.5,0.8125,0.0,0.4276323307596588
5ac0dcf25542996f0d89cc2c,hotpotqa::koch_family_foundations::2bfc7f943b,False,False,3,lexical_influential_token,0.06035533905932738,1.0,0.7446808510638299,0.0,0.573078305836497
5ac0dcf25542996f0d89cc2c,hotpotqa::banfield_pet_hospital::4e7f4434a9,False,False,3,lexical_influential_token,0.3344772040064913,1.0,0.9696969696969697,0.0,0.7277302755419905
5ac0dcf25542996f0d89cc2c,hotpotqa::binford_&amp;_mort::155aecdaea,False,False,3,lexical_influential_token,0.2221335952123586,1.0,0.9615384615384616,0.0,0.6811611303926357
5ac0dcf25542996f0d89cc2c,hotpotqa::new_zealand_mint::db3fe0931b,False,False,3,lexical_influential_token,0.5261891294962296,1.0,0.9166666666666666,0.0,0.7938089851318252
5ac0dcf25542996f0d89cc2c,hotpotqa::dark_money_(book)::68ed7301e2,False,True,3,lexical_influential_token,0.29173385661861934,1.0,0.9193548387096774,0.0,0.7005645103893832
5ac0dcf25542996f0d89cc2c,hotpotqa::family_life_(wenner_media_magazine)::d7cd6173ac,False,False,3,lexical_influential_token,0.08660254037844387,1.0,0.9264705882352942,0.0,0.6199351337984365
5ac0dcf25542996f0d89cc2c,hotpotqa::tom_clancy::0cef0f9a1f,False,False,3,lexical_influential_token,0.04330127018922193,1.0,0.8888888888888888,0.0,0.5950982858534666
5ab916e155429919ba4e23a4,poison::lexical_influential_token::5ab916e155429919ba4e23a4::2::9c179f0aa8,True,False,3,lexical_influential_token,0.10307764064044152,0.25,0.6,0.0,0.2612310562561766
5ab916e155429919ba4e23a4,poison::lexical_influential_token::5ab916e155429919ba4e23a4::1::0c599845f3,True,False,3,lexical_influential_token,0.3974528273896162,0.25,0.8,0.0,0.4189811309558465
5ab916e155429919ba4e23a4,poison::lexical_influential_token::5ab916e155429919ba4e23a4::0::e02afa6906,True,False,3,lexical_influential_token,0.11388041973930374,0.25,0.6666666666666667,0.0,0.27888550122905487
5ab916e155429919ba4e23a4,hotpotqa::levan_kobiashvili::99c1de46b0,False,False,3,lexical_influential_token,0.7822243923581007,1.0,1.0,0.0,0.9128897569432404
5ab916e155429919ba4e23a4,hotpotqa::chiwetel_ejiofor::9fea32c26e,False,True,3,lexical_influential_token,0.22475159521050997,0.25,0.8666666666666667,0.0,0.3632339714175373
5ab916e155429919ba4e23a4,hotpotqa::sinan_tuzcu::e9603f897e,False,False,3,lexical_influential_token,0.649519052838329,1.0,1.0,0.0,0.8598076211353316
5ab916e155429919ba4e23a4,hotpotqa::josé_marcos_garay::0e053f861c,False,False,3,lexical_influential_token,0.6062177826491071,1.0,0.9090909090909091,0.0,0.8243052948778246
5ab916e155429919ba4e23a4,hotpotqa::schapelle_corby::344e8436a9,False,False,3,lexical_influential_token,0.7035623639735145,1.0,1.0,0.0,0.8814249455894057
5ab916e155429919ba4e23a4,hotpotqa::12_years_a_slave_(score)::507b2ab960,False,True,3,lexical_influential_token,0.38910862654518913,1.0,0.8823529411764706,0.0,0.7321140388533698
5ab916e155429919ba4e23a4,hotpotqa::solomon_northup::224b93f69d,False,False,3,lexical_influential_token,0.6726812023536854,1.0,1.0,0.0,0.8690724809414743
5ab916e155429919ba4e23a4,hotpotqa::hunger_(2008_film)::4ee9c8d5c7,False,False,3,lexical_influential_token,0.18708286933869706,1.0,0.8,0.0,0.6348331477354788
5ab916e155429919ba4e23a4,hotpotqa::liam_cunningham::da6c8a5b98,False,False,3,lexical_influential_token,0.08291561975888499,1.0,0.8378378378378378,0.0,0.6007338154711215
5ab916e155429919ba4e23a4,hotpotqa::equus_(film)::5448a8650a,False,False,3,lexical_influential_token,0.08291561975888499,1.0,0.9444444444444444,0.0,0.622055136792443
5ab916e155429919ba4e23a4,hotpotqa::sid_james::254e5fa70e,False,False,3,lexical_influential_token,0.1479019945774904,1.0,0.9230769230769231,0.0,0.6437761824463808
5ab916e155429919ba4e23a4,hotpotqa::free_fire::b0b28b0e08,False,False,3,lexical_influential_token,0.2680951323690902,1.0,0.96875,0.0,0.700988052947636
5a87c13f5542996e4f30890c,poison::lexical_influential_token::5a87c13f5542996e4f30890c::2::94efeea8da,True,False,3,lexical_influential_token,0.021650635094610966,0.0,0.4285714285714286,0.0,0.0943745397521301
5a87c13f5542996e4f30890c,poison::lexical_influential_token::5a87c13f5542996e4f30890c::1::d2deabdd3a,True,False,3,lexical_influential_token,0.11388041973930374,0.25,0.5714285714285714,0.0,0.2598378821814358
5a87c13f5542996e4f30890c,poison::lexical_influential_token::5a87c13f5542996e4f30890c::0::b10904a349,True,False,3,lexical_influential_token,0.025,0.0,0.5,0.0,0.11000000000000001
5a87c13f5542996e4f30890c,hotpotqa::tosca_(1956_film)::2ecd4302eb,False,True,3,lexical_influential_token,0.5954783640916396,1.0,0.6470588235294117,0.0,0.7676031103425383
5a87c13f5542996e4f30890c,hotpotqa::franco_corelli::cf2a6bd56d,False,True,3,lexical_influential_token,0.37520402568788475,0.5,0.8813559322033898,0.0,0.5263527967158319
5a87c13f5542996e4f30890c,hotpotqa::la_fanciulla_del_west::fa121f30b9,False,False,3,lexical_influential_token,0.15050055864261602,1.0,0.9655172413793104,0.0,0.6533036717329085
5a87c13f5542996e4f30890c,hotpotqa::libuše_(opera)::d9f1220a84,False,False,3,lexical_influential_token,0.6062177826491071,1.0,0.9365079365079365,0.0,0.8297887003612301
5a87c13f5542996e4f30890c,hotpotqa::la_bohème_(1988_film)::d07261a550,False,False,3,lexical_influential_token,0.4763139720814412,1.0,0.75,0.0,0.7405255888325766
5a87c13f5542996e4f30890c,hotpotqa::gianni_schicchi::331876e111,False,False,3,lexical_influential_token,0.3335662520727637,1.0,0.9615384615384616,0.0,0.7257341931367978
5a87c13f5542996e4f30890c,hotpotqa::list_of_icelandic_films::69ec180c03,False,False,3,lexical_influential_token,0.4763139720814412,1.0,1.0,0.0,0.7905255888325765
5a87c13f5542996e4f30890c,hotpotqa::cavalleria_rusticana_(1982_film)::d6b81761f2,False,False,3,lexical_influential_token,0.3269174207655505,1.0,0.8043478260869565,0.0,0.6916365335236115
5a87c13f5542996e4f30890c,hotpotqa::ron_bottcher::719d0d40aa,False,False,3,lexical_influential_token,0.2560929594210781,1.0,0.8902439024390244,0.0,0.6804859642562361
5a87c13f5542996e4f30890c,hotpotqa::repertoire_of_plácido_domingo::ebbf1ff481,False,False,3,lexical_influential_token,0.15811388300841897,1.0,0.8876404494382022,0.0,0.640773643091008
5a87c13f5542996e4f30890c,hotpotqa::plácido_domingo::5826a9b164,False,False,3,lexical_influential_token,0.15811388300841897,1.0,0.8153846153846154,0.0,0.6263224762802906
5a87c13f5542996e4f30890c,hotpotqa::giovanna_d'arco_al_rogo::c0a7b3927d,False,False,3,lexical_influential_token,0.21650635094610968,1.0,0.9210526315789473,0.0,0.6708130666942334
5a87c13f5542996e4f30890c,hotpotqa::festival_puccini::8a9b71c183,False,False,3,lexical_influential_token,0.4019829843266326,1.0,0.9090909090909091,0.0,0.7426113755488348
5ae1443855429920d5234362,poison::lexical_influential_token::5ae1443855429920d5234362::2::afa42e0a26,True,False,3,lexical_influential_token,0.025,0.0,0.6,0.0,0.13
5ae1443855429920d5234362,poison::lexical_influential_token::5ae1443855429920d5234362::0::9b8234198b,True,False,3,lexical_influential_token,0.025,0.0,0.6666666666666667,0.0,0.14333333333333337
5ae1443855429920d5234362,poison::lexical_influential_token::5ae1443855429920d5234362::1::b4f2cdc5b7,True,False,3,lexical_influential_token,0.0,0.0,0.8,0.0,0.16
5ae1443855429920d5234362,hotpotqa::alexander_nikolayev::fe006ce6ef,False,True,3,lexical_influential_token,0.05,0.0,0.7142857142857143,0.0,0.16285714285714287
5ae1443855429920d5234362,hotpotqa::mikhail_linnik::ee699025d4,False,False,3,lexical_influential_token,0.04330127018922193,1.0,0.8571428571428572,0.0,0.5887490795042603
5ae1443855429920d5234362,hotpotqa::vladimir_fedorovich_vladimirov::b280270e1e,False,False,3,lexical_influential_token,0.021650635094610966,1.0,0.5882352941176471,0.0,0.5263073128613738
5ae1443855429920d5234362,hotpotqa::georgy_vasilyevich_ivanov::a5cf5b8400,False,False,3,lexical_influential_token,0.041457809879442496,1.0,0.7083333333333333,0.0,0.5582497906184437
5ae1443855429920d5234362,hotpotqa::battle_of_berlin::fc16ed73a6,False,True,3,lexical_influential_token,0.09601432184835759,1.0,0.6,0.0,0.558405728739343
5ae1443855429920d5234362,hotpotqa::list_of_azerbaijani_heroes_of_the_soviet_union::8bb84ccd87,False,False,3,lexical_influential_token,0.08291561975888499,1.0,0.9642857142857143,0.0,0.6260233907606969
5ae1443855429920d5234362,hotpotqa::anatoly_petrakovsky::888e364c52,False,False,3,lexical_influential_token,0.06123724356957945,1.0,0.9090909090909091,0.0,0.6063130792460136
5ae1443855429920d5234362,hotpotqa::boris_vladimirov::ce65a58fd2,False,False,3,lexical_influential_token,0.075,1.0,0.8852459016393442,0.0,0.6070491803278688
5ae1443855429920d5234362,hotpotqa::nicholas_ii_of_russia::fd9a795e9d,False,False,3,lexical_influential_token,0.0,1.0,0.9384615384615385,0.0,0.5876923076923077
5a877dd65542993e715abf79,poison::lexical_influential_token::5a877dd65542993e715abf79::2::5c46819e88,True,False,3,lexical_influential_token,0.04330127018922193,0.0,0.6,0.0,0.13732050807568877
5a877dd65542993e715abf79,poison::lexical_influential_token::5a877dd65542993e715abf79::0::f4a4bd25cf,True,False,3,lexical_influential_token,0.04330127018922193,0.0,0.6666666666666667,0.0,0.1506538414090221
5a877dd65542993e715abf79,poison::lexical_influential_token::5a877dd65542993e715abf79::1::64ac9d8ed6,True,False,3,lexical_influential_token,0.07613687188886939,0.25,0.8,0.0,0.2904547487555478
5a877dd65542993e715abf79,hotpotqa::memoir_of_halldór_laxness::f188b81bff,False,False,3,lexical_influential_token,0.021650635094610966,1.0,0.8,0.0,0.5686602540378444
5a877dd65542993e715abf79,hotpotqa::halldór_laxness::3021d96b14,False,True,3,lexical_influential_token,0.08288787866419042,0.5,0.85,0.0,0.4031551514656762
5a877dd65542993e715abf79,hotpotqa::auður_laxness::3509505e17,False,False,3,lexical_influential_token,0.04330127018922193,1.0,0.7407407407407407,0.0,0.5654686562238369
5a877dd65542993e715abf79,hotpotqa::timothy_leary::0f2b46d204,False,True,3,lexical_influential_token,0.07613687188886939,1.0,0.9692307692307692,0.0,0.6243009026017016
5a877dd65542993e715abf79,hotpotqa::list_of_harry_potter_cast_members::f1a2a13a25,False,False,3,lexical_influential_token,0.5612486080160912,1.0,0.9767441860465116,0.0,0.8198482804157388
5a877dd65542993e715abf79,hotpotqa::baraki_barak_airstrike::c80958a239,False,False,3,lexical_influential_token,0.6,1.0,0.9166666666666666,0.0,0.8233333333333333
5a877dd65542993e715abf79,hotpotqa::independent_people::9bb5bf006a,False,False,3,lexical_influential_token,0.25745814314495846,1.0,0.7948717948717949,0.0,0.6619576162323424
5a877dd65542993e715abf79,hotpotqa::halldór_laxness_(album)::0cbfcc1922,False,False,3,lexical_influential_token,0.18558659820216097,1.0,0.5,0.0,0.5742346392808644
5a877dd65542993e715abf79,hotpotqa::guðný_halldórsdóttir::4ad28e2eaa,False,False,3,lexical_influential_token,0.08660254037844387,1.0,0.8387096774193549,0.0,0.6023829516352486
5addcb215542997dc7907033,poison::lexical_influential_token::5addcb215542997dc7907033::2::7853fa7783,True,False,3,lexical_influential_token,0.04330127018922193,0.0,0.5,0.0,0.11732050807568876
5addcb215542997dc7907033,poison::lexical_influential_token::5addcb215542997dc7907033::0::65d691a3d1,True,False,3,lexical_influential_token,0.04330127018922193,0.0,0.5714285714285714,0.0,0.13160622236140304
5addcb215542997dc7907033,poison::lexical_influential_token::5addcb215542997dc7907033::1::a8dc1da18d,True,False,3,lexical_influential_token,0.025,0.0,0.6666666666666667,0.0,0.14333333333333337
5addcb215542997dc7907033,hotpotqa::victory_(puff_daddy_song)::15598d5a89,False,False,3,lexical_influential_token,0.32003570102018675,1.0,0.88,0.0,0.7040142804080747
5addcb215542997dc7907033,hotpotqa::naomi_campbell::69fae504cf,False,True,3,lexical_influential_token,0.3049077729412617,0.75,0.92,0.0,0.6059631091765046
5addcb215542997dc7907033,hotpotqa::nasty_girl_(the_notorious_b.i.g._song)::fb5b0cd493,False,True,3,lexical_influential_token,0.10453851375880138,0.25,0.8829787234042553,0.0,0.3184111501843716
5addcb215542997dc7907033,hotpotqa::total_(group)::236bb26704,False,False,3,lexical_influential_token,0.3082207001484488,1.0,0.8048780487804879,0.0,0.6842638898154771
5addcb215542997dc7907033,hotpotqa::love_stinks_(song)::1ce289ec7e,False,False,3,lexical_influential_token,0.562916512459885,1.0,0.725,0.0,0.770166604983954
5addcb215542997dc7907033,hotpotqa::lionel_snell::07a7c31cb0,False,False,3,lexical_influential_token,0.1118033988749895,1.0,0.9555555555555556,0.0,0.6358324706611069
5addcb215542997dc7907033,hotpotqa::rihanna_videography::b8d76cb1fb,False,False,3,lexical_influential_token,0.4763139720814412,1.0,0.759493670886076,0.0,0.7424243230097917
5addcb215542997dc7907033,hotpotqa::vanity_(singer)::21a46aad31,False,False,3,lexical_influential_token,0.2728975256226332,1.0,0.8666666666666667,0.0,0.6824923435823866
5addcb215542997dc7907033,hotpotqa::duets:_the_final_chapter::3f07c84bc8,False,False,3,lexical_influential_token,0.32339830460440017,1.0,0.7090909090909091,0.0,0.6711775036599419
5addcb215542997dc7907033,hotpotqa::clémence_poésy::48a2985070,False,False,3,lexical_influential_token,0.2345207879911715,1.0,0.9230769230769231,0.0,0.6784236998118531
5addcb215542997dc7907033,hotpotqa::rebecca_gayheart::00ed003bfe,False,False,3,lexical_influential_token,0.41231056256176607,1.0,0.8636363636363636,0.0,0.7376514977519791
5a72f74a55429901807daf59,poison::lexical_influential_token::5a72f74a55429901807daf59::2::0c211baa5c,True,False,3,lexical_influential_token,0.0,0.0,0.375,0.0,0.075
5a72f74a55429901807daf59,poison::lexical_influential_token::5a72f74a55429901807daf59::0::52cf906a42,True,False,3,lexical_influential_token,0.0,0.0,0.4444444444444444,0.0,0.08888888888888888
5a72f74a55429901807daf59,poison::lexical_influential_token::5a72f74a55429901807daf59::1::061c009815,True,False,3,lexical_influential_token,0.0649519052838329,0.25,0.5,0.0,0.22598076211353316
5a72f74a55429901807daf59,hotpotqa::johnny_pemberton::7c96a93b38,False,False,3,lexical_influential_token,0.4180607966083864,1.0,0.8095238095238095,0.0,0.7291290805481164
5a72f74a55429901807daf59,hotpotqa::helen_atkinson-wood::19c9e6ebe3,False,False,3,lexical_influential_token,0.6689544080129826,1.0,0.8888888888888888,0.0,0.8453595409829708
5a72f74a55429901807daf59,hotpotqa::francesca_fowler::d20241d25e,False,False,3,lexical_influential_token,0.7035623639735145,1.0,0.8095238095238095,0.0,0.8433297074941677
5a72f74a55429901807daf59,hotpotqa::tim_bedore::afac9a7427,False,False,3,lexical_influential_token,0.34660282900904565,1.0,1.0,0.0,0.7386411316036183
5a72f74a55429901807daf59,hotpotqa::ken_waller::6e6264ed45,False,False,3,lexical_influential_token,0.5244044240850758,1.0,0.9230769230769231,0.0,0.7943771542494149
5a72f74a55429901807daf59,hotpotqa::recher_theatre::b9109ab0c6,False,False,3,lexical_influential_token,0.5477225575051661,1.0,1.0,0.0,0.8190890230020663
5a72f74a55429901807daf59,hotpotqa::nicholas_mele::1d4fa8f867,False,False,3,lexical_influential_token,0.35707142142714254,1.0,0.8611111111111112,0.0,0.7150507907930793
5a72f74a55429901807daf59,hotpotqa::sleepless_in_seattle::8730619918,False,True,3,lexical_influential_token,0.0,1.0,0.8837209302325582,0.0,0.5767441860465116
5a72f74a55429901807daf59,hotpotqa::christopher_guest::504db32b6f,False,False,3,lexical_influential_token,0.0,1.0,0.8360655737704918,0.0,0.5672131147540984
5a72f74a55429901807daf59,hotpotqa::timothy_olyphant::b413e7ae6b,False,False,3,lexical_influential_token,0.0,1.0,0.9080459770114943,0.0,0.5816091954022988
5a72f74a55429901807daf59,hotpotqa::nerdland::402c721609,False,False,3,lexical_influential_token,0.08660254037844387,1.0,0.8837209302325582,0.0,0.6113852021978892
5a72f74a55429901807daf59,hotpotqa::rob_sitch::924bc9481e,False,False,3,lexical_influential_token,0.08291561975888499,1.0,0.5555555555555556,0.0,0.5442773590146651
5a72f74a55429901807daf59,hotpotqa::marty_belafsky::cb1827619d,False,False,3,lexical_influential_token,0.08291561975888499,1.0,0.8363636363636364,0.0,0.6004389751762813
5a72f74a55429901807daf59,hotpotqa::zack_norman::c679e5d0ed,False,False,3,lexical_influential_token,0.22226512378093152,1.0,0.8227848101265822,0.0,0.653463011537689
5ae1d4e8554299234fd04312,poison::lexical_influential_token::5ae1d4e8554299234fd04312::1::c8cef63e9e,True,False,3,lexical_influential_token,0.05700597415393834,0.0,0.6666666666666667,0.0,0.1561357229949087
5ae1d4e8554299234fd04312,poison::lexical_influential_token::5ae1d4e8554299234fd04312::2::ee23cfe06a,True,False,3,lexical_influential_token,0.041457809879442496,0.0,0.5,0.0,0.11658312395177699
5ae1d4e8554299234fd04312,poison::lexical_influential_token::5ae1d4e8554299234fd04312::0::dcd4f87f65,True,False,3,lexical_influential_token,0.041457809879442496,0.0,0.5714285714285714,0.0,0.13086883823749126
5ae1d4e8554299234fd04312,hotpotqa::any_questions_for_ben?::39e9511188,False,True,3,lexical_influential_token,0.021650635094610966,0.0,0.96,0.0,0.20066025403784438
5ae1d4e8554299234fd04312,hotpotqa::inside_film_awards::89f3428404,False,False,3,lexical_influential_token,0.15718168992852566,1.0,0.9333333333333333,0.0,0.6495393426380769
5ae1d4e8554299234fd04312,hotpotqa::angel_(1982_irish_film)::0d08383d72,False,False,3,lexical_influential_token,0.20615528128088303,1.0,0.7692307692307692,0.0,0.6363082663585071
5ae1d4e8554299234fd04312,hotpotqa::cuban_democracy_act::3684307a4c,False,False,3,lexical_influential_token,0.5722761571129799,1.0,1.0,0.0,0.828910462845192
5ae1d4e8554299234fd04312,hotpotqa::mista_savona::8bececce1b,False,False,3,lexical_influential_token,0.4815340071064556,1.0,0.9823008849557522,0.0,0.7890737798337326
5ae1d4e8554299234fd04312,hotpotqa::schwächen::9084f3df47,False,False,3,lexical_influential_token,0.5196152422706632,1.0,1.0,0.0,0.8078460969082653
5ae1d4e8554299234fd04312,hotpotqa::sinclair_hill::2c12b4074a,False,False,3,lexical_influential_token,0.4716990566028302,1.0,0.9473684210526316,0.0,0.7781533068516584
5ae1d4e8554299234fd04312,hotpotqa::ben_queen::159f25f010,False,False,3,lexical_influential_token,0.04330127018922193,1.0,0.9473684210526316,0.0,0.6067941922862151
5ae1d4e8554299234fd04312,hotpotqa::rob_sitch::924bc9481e,False,True,3,lexical_influential_token,0.33984868662855733,1.0,0.8,0.0,0.6959394746514229
5ae1d4e8554299234fd04312,hotpotqa::josh_schuberth::9bac85fe0c,False,False,3,lexical_influential_token,0.0,1.0,0.9375,0.0,0.5875
5ae1d4e8554299234fd04312,hotpotqa::clayton_watson::5cf0ea2a35,False,False,3,lexical_influential_token,0.08660254037844387,1.0,0.8888888888888888,0.0,0.6124187939291553
5ae1d4e8554299234fd04312,hotpotqa::robot_overlords::487212f470,False,False,3,lexical_influential_token,0.16583123951776998,1.0,0.84,0.0,0.634332495807108
5ae1d4e8554299234fd04312,hotpotqa::scare_campaign::59bd630574,False,False,3,lexical_influential_token,0.3692608381958186,1.0,0.8421052631578947,0.0,0.7161253879099064
5abe3dc65542993f32c2a0c4,poison::lexical_influential_token::5abe3dc65542993f32c2a0c4::2::2d2d7c620c,True,False,3,lexical_influential_token,0.021650635094610966,0.0,0.4,0.0,0.08866025403784439
5abe3dc65542993f32c2a0c4,poison::lexical_influential_token::5abe3dc65542993f32c2a0c4::0::613dd859ca,True,False,3,lexical_influential_token,0.021650635094610966,0.0,0.6666666666666667,0.0,0.14199358737117773
5abe3dc65542993f32c2a0c4,poison::lexical_influential_token::5abe3dc65542993f32c2a0c4::1::0c8fecb208,True,False,3,lexical_influential_token,0.035355339059327376,0.0,0.8,0.0,0.17414213562373096
5abe3dc65542993f32c2a0c4,hotpotqa::swx_right_now::650cf4a5d2,False,True,3,lexical_influential_token,0.0,0.0,0.8648648648648649,0.0,0.17297297297297298
5abe3dc65542993f32c2a0c4,hotpotqa::kumv-tv::81067bd485,False,False,3,lexical_influential_token,0.16742443246574348,1.0,0.9154929577464789,0.0,0.6500683645355931
5abe3dc65542993f32c2a0c4,hotpotqa::kqcd-tv::78213388e0,False,False,3,lexical_influential_token,0.16254367036634015,1.0,0.19402985074626866,0.0,0.5038234382957898
5abe3dc65542993f32c2a0c4,hotpotqa::kewf::9ca802a482,False,False,3,lexical_influential_token,0.12618914885341237,1.0,0.6551724137931034,0.0,0.5815101422999855
5abe3dc65542993f32c2a0c4,hotpotqa::krsq::98e18aa68c,False,False,3,lexical_influential_token,0.05448623679425842,1.0,0.5,0.0,0.5217944947177033
5abe3dc65542993f32c2a0c4,hotpotqa::kctr-fm::12b257c02e,False,False,3,lexical_influential_token,0.09778750698348035,1.0,0.35,0.0,0.5091150027933922
5abe3dc65542993f32c2a0c4,hotpotqa::kxmd-tv::1a547af123,False,False,3,lexical_influential_token,0.18932533492216042,1.0,0.2222222222222222,0.0,0.5201745784133086
5abe3dc65542993f32c2a0c4,hotpotqa::kkbr::df1cb20665,False,False,3,lexical_influential_token,0.0649519052838329,1.0,0.92,0.0,0.6099807621135331
5abe3dc65542993f32c2a0c4,hotpotqa::kulr-tv::5c9de45867,False,True,3,lexical_influential_token,0.17165063509461095,1.0,0.47619047619047616,0.0,0.5638983492759396
5abe3dc65542993f32c2a0c4,hotpotqa::kbxi::531cc5d365,False,False,3,lexical_influential_token,0.14602406473293847,1.0,0.6,0.0,0.5784096258931755
5a8ed10b5542995085b374a0,poison::lexical_influential_token::5a8ed10b5542995085b374a0::1::dbb20d26bd,True,False,3,lexical_influential_token,0.0,0.0,0.5714285714285714,0.0,0.11428571428571428
5a8ed10b5542995085b374a0,poison::lexical_influential_token::5a8ed10b5542995085b374a0::2::8961dff9da,True,False,3,lexical_influential_token,0.025,0.0,0.4285714285714286,0.0,0.09571428571428572
5a8ed10b5542995085b374a0,poison::lexical_influential_token::5a8ed10b5542995085b374a0::0::105b46af38,True,False,3,lexical_influential_token,0.025,0.0,0.5,0.0,0.11000000000000001
5a8ed10b5542995085b374a0,hotpotqa::scare_campaign::59bd630574,False,False,3,lexical_influential_token,0.0739509972887452,1.0,0.875,0.0,0.6045803989154981
5a8ed10b5542995085b374a0,hotpotqa::the_visit_(2015_american_film)::3bf2a65d06,False,True,3,lexical_influential_token,0.04330127018922193,0.25,0.7857142857142857,0.0,0.2744633652185459
5a8ed10b5542995085b374a0,hotpotqa::olivia_dejonge::a3c929cfac,False,True,3,lexical_influential_token,0.22303724397193572,1.0,0.8666666666666667,0.0,0.6625482309221076
5a8ed10b5542995085b374a0,hotpotqa::the_village_(2004_film)::ab9066777e,False,False,3,lexical_influential_token,0.021650635094610966,1.0,0.926829268292683,0.0,0.594026107696381
5a8ed10b5542995085b374a0,hotpotqa::hawa_(film)::a9a630e71b,False,False,3,lexical_influential_token,0.47103609203541935,1.0,0.9583333333333334,0.0,0.7800811034808344
5a8ed10b5542995085b374a0,hotpotqa::the_true_adventures_of_wolfboy::96afb093f9,False,False,3,lexical_influential_token,0.18723160725057503,1.0,0.9444444444444444,0.0,0.6637815317891189
5a8ed10b5542995085b374a0,hotpotqa::signs_(film)::53b8a210fb,False,False,3,lexical_influential_token,0.1224744871391589,1.0,0.9206349206349207,0.0,0.6331167789826477
5a8ed10b5542995085b374a0,hotpotqa::when_a_stranger_calls_(2006_film)::3ba94badf3,False,False,3,lexical_influential_token,0.11924240017711821,1.0,0.9545454545454546,0.0,0.6386060509799382
5a8ed10b5542995085b374a0,hotpotqa::the_keeping_hours::ac5e093369,False,False,3,lexical_influential_token,0.2524662768227408,1.0,0.9285714285714286,0.0,0.6867007964433821
5a7a112a5542990783324e2b,poison::lexical_influential_token::5a7a112a5542990783324e2b::2::28276e610d,True,False,3,lexical_influential_token,0.0,0.0,0.5,0.0,0.1
5a7a112a5542990783324e2b,poison::lexical_influential_token::5a7a112a5542990783324e2b::1::56b9f1a8d3,True,False,3,lexical_influential_token,0.0,0.0,0.6666666666666667,0.0,0.13333333333333336
5a7a112a5542990783324e2b,poison::lexical_influential_token::5a7a112a5542990783324e2b::0::a3bae6f77a,True,False,3,lexical_influential_token,0.0,0.0,0.5714285714285714,0.0,0.11428571428571428
5a7a112a5542990783324e2b,hotpotqa::the_forsaken_(album)::71b42f2f0f,False,False,3,lexical_influential_token,0.07071067811865475,1.0,0.8095238095238095,0.0,0.5901890331522238
5a7a112a5542990783324e2b,hotpotqa::mark_gaudet::4d656823cc,False,True,3,lexical_influential_token,0.10361861664838598,0.75,0.7391304347826086,0.0,0.4892735336158761
5a7a112a5542990783324e2b,hotpotqa::steinar_sverd_johnsen::5a258b9001,False,False,3,lexical_influential_token,0.035355339059327376,1.0,0.4,0.0,0.494142135623731
5a7a112a5542990783324e2b,hotpotqa::mezzerschmitt::10334677da,False,False,3,lexical_influential_token,0.035355339059327376,1.0,0.7714285714285715,0.0,0.5684278499094453
5a7a112a5542990783324e2b,hotpotqa::jan_axel_blomberg::6815c27755,False,True,3,lexical_influential_token,0.08660254037844387,0.25,0.7209302325581395,0.0,0.27882706266300544
5a7a112a5542990783324e2b,hotpotqa::elevator_(band)::f8966558ba,False,False,3,lexical_influential_token,0.21650635094610968,1.0,0.7659574468085106,0.0,0.639794029740146
5a7a112a5542990783324e2b,hotpotqa::on_the_soul::b20010dda8,False,False,3,lexical_influential_token,0.4763139720814412,1.0,0.9814814814814815,0.0,0.7868218851288729
5a7a112a5542990783324e2b,hotpotqa::erik_blomberg_(writer)::fa35e53c45,False,False,3,lexical_influential_token,0.296650635094611,1.0,0.7777777777777778,0.0,0.6742158095933999
5a7a112a5542990783324e2b,hotpotqa::axel_von_blomberg::e72d6d2006,False,False,3,lexical_influential_token,0.26277290654258056,1.0,0.8,0.0,0.6651091626170322
5a7a112a5542990783324e2b,hotpotqa::schwächen::9084f3df47,False,False,3,lexical_influential_token,0.1479019945774904,1.0,0.8809523809523809,0.0,0.6353512740214724
5ab870ee5542990e739ec8f6,poison::lexical_influential_token::5ab870ee5542990e739ec8f6::0::60f7b8b39e,True,False,3,lexical_influential_token,0.3816084380618437,0.5,0.5714285714285714,0.0,0.46692908951045176
5ab870ee5542990e739ec8f6,poison::lexical_influential_token::5ab870ee5542990e739ec8f6::2::c761d37a61,True,False,3,lexical_influential_token,0.4129307785239494,0.75,0.5,0.0,0.5651723114095797
5ab870ee5542990e739ec8f6,poison::lexical_influential_token::5ab870ee5542990e739ec8f6::1::9e5dcf5ce8,True,False,3,lexical_influential_token,0.5216705424812318,1.0,0.6666666666666667,0.0,0.7420015503258262
5ab870ee5542990e739ec8f6,hotpotqa::a_wind_in_the_door::4255988f1b,False,True,3,lexical_influential_token,0.0649519052838329,0.0,0.8181818181818181,0.0,0.18961712574989678
5ab870ee5542990e739ec8f6,hotpotqa::the_four_winds_of_love::ca16f2b6c4,False,False,3,lexical_influential_token,0.24665063509461096,1.0,0.9473684210526316,0.0,0.6881339382483708
5ab870ee5542990e739ec8f6,hotpotqa::close_the_last_door::15daef72b5,False,False,3,lexical_influential_token,0.3247595264191645,1.0,0.8260869565217391,0.0,0.6951212018720136
5ab870ee5542990e739ec8f6,hotpotqa::kaze_no_stigma::8d9fdcbf2c,False,False,3,lexical_influential_token,0.4911083924876631,1.0,0.8292682926829268,0.0,0.7622970155316506
5ab870ee5542990e739ec8f6,"hotpotqa::oh,_doctor_beeching!::b2c0792b6e",False,False,3,lexical_influential_token,0.562916512459885,1.0,0.9428571428571428,0.0,0.8137380335553825
5ab870ee5542990e739ec8f6,hotpotqa::the_guard_(2011_film)::58a9f554ad,False,False,3,lexical_influential_token,0.5196152422706632,1.0,0.8611111111111112,0.0,0.7800683191304876
5ab870ee5542990e739ec8f6,hotpotqa::codename:_kids_next_door::929063d0a1,False,False,3,lexical_influential_token,0.3247595264191645,1.0,0.9487179487179487,0.0,0.7196474003112556
5ab870ee5542990e739ec8f6,hotpotqa::mary_poppins_opens_the_door::d81c2adf0e,False,False,3,lexical_influential_token,0.20155444566227676,1.0,0.8461538461538461,0.0,0.6498525474956799
5ab870ee5542990e739ec8f6,hotpotqa::dan_angel::f7862f5a54,False,False,3,lexical_influential_token,0.1479019945774904,1.0,0.9743589743589743,0.0,0.654032592702791
5ab870ee5542990e739ec8f6,hotpotqa::door_to_door_(modern_family)::3e346ba2fe,False,False,3,lexical_influential_token,0.400507455068009,1.0,0.8,0.0,0.7202029820272037
5ab870ee5542990e739ec8f6,hotpotqa::nick_fury_(2017_comic_book)::1890aa6c90,False,False,3,lexical_influential_token,0.42646805273079946,1.0,0.7777777777777778,0.0,0.7261427766478754
5a8810485542997e5c09a590,poison::lexical_influential_token::5a8810485542997e5c09a590::0::c1cb46970d,True,False,3,lexical_influential_token,0.22669033928673313,0.25,0.5,0.0,0.29067613571469325
5a8810485542997e5c09a590,poison::lexical_influential_token::5a8810485542997e5c09a590::2::9ed008eb50,True,False,3,lexical_influential_token,0.26110619346927666,0.25,0.4285714285714286,0.0,0.2901567631019964
5a8810485542997e5c09a590,poison::lexical_influential_token::5a8810485542997e5c09a590::1::b976db50b6,True,False,3,lexical_influential_token,0.29717938935246935,0.5,0.5714285714285714,0.0,0.433157470026702
5a8810485542997e5c09a590,hotpotqa::exeter_airport::ecda5c8e4e,False,False,3,lexical_influential_token,0.27909360494504254,1.0,0.7735849056603774,0.0,0.6663544231100925
5a8810485542997e5c09a590,hotpotqa::a13_motorway_(netherlands)::70e1b0e490,False,True,3,lexical_influential_token,0.1492357587986311,1.0,0.5,0.0,0.5596943035194524
5a8810485542997e5c09a590,hotpotqa::sofia_airport::d7d82148dd,False,False,3,lexical_influential_token,0.3769965982772386,1.0,0.5853658536585367,0.0,0.6678718100426028
5a8810485542997e5c09a590,hotpotqa::rotterdam_the_hague_airport::cacdead4b3,False,True,3,lexical_influential_token,0.32159526294261687,1.0,0.6486486486486487,0.0,0.6583678349067765
5a8810485542997e5c09a590,hotpotqa::lahad_datu_airport::ee5761c4f4,False,False,3,lexical_influential_token,0.33410528703762454,1.0,0.8918918918918919,0.0,0.7120204931934282
5a8810485542997e5c09a590,hotpotqa::international_air_travel_from_the_united_kingdom::88b5468c42,False,False,3,lexical_influential_token,0.2951062843371567,1.0,0.8378378378378378,0.0,0.6856100813024303
5a8810485542997e5c09a590,hotpotqa::juanda_international_airport::eb1f5fbe13,False,False,3,lexical_influential_token,0.36314597615834876,1.0,0.8461538461538461,0.0,0.7144891596941088
5a8810485542997e5c09a590,hotpotqa::dublin_airport::05db58a87a,False,False,3,lexical_influential_token,0.3381417507027649,0.5,0.7631578947368421,0.0,0.48788827922847433
5a8810485542997e5c09a590,hotpotqa::dubai_international_airport::a2429e03cd,False,False,3,lexical_influential_token,0.41235193733656594,1.0,0.78125,0.0,0.7211907749346264
5a8810485542997e5c09a590,hotpotqa::gatwick_airport::25bdd3c9da,False,False,3,lexical_influential_token,0.49604635773861017,0.75,0.6060606060606061,0.0,0.6196306643075653
5a8810485542997e5c09a590,hotpotqa::heathrow_airport::acc836f4d3,False,False,3,lexical_influential_token,0.6278684177437179,0.75,0.5,0.0,0.6511473670974872
5a8810485542997e5c09a590,hotpotqa::athens_international_airport::baea4e8dca,False,False,3,lexical_influential_token,0.08291561975888499,1.0,0.7777777777777778,0.0,0.5887218034591095
5ae5cf625542996de7b71a22,poison::lexical_influential_token::5ae5cf625542996de7b71a22::2::54ba5602fa,True,False,3,lexical_influential_token,0.021650635094610966,0.0,0.5,0.0,0.10866025403784438
5ae5cf625542996de7b71a22,poison::lexical_influential_token::5ae5cf625542996de7b71a22::0::f186945621,True,False,3,lexical_influential_token,0.021650635094610966,0.0,0.5714285714285714,0.0,0.12294596832355867
5ae5cf625542996de7b71a22,poison::lexical_influential_token::5ae5cf625542996de7b71a22::1::452634c100,True,False,3,lexical_influential_token,0.0,0.0,0.6666666666666667,0.0,0.13333333333333336
5ae5cf625542996de7b71a22,hotpotqa::walter_camp_award::c9ee1cf716,False,False,3,lexical_influential_token,0.0,1.0,0.8541666666666666,0.0,0.5708333333333333
5ae5cf625542996de7b71a22,hotpotqa::case_mccoy::e03397bc88,False,True,3,lexical_influential_token,0.04330127018922193,0.0,0.625,0.0,0.14232050807568877
5ae5cf625542996de7b71a22,hotpotqa::david_neill::2b1e43ea84,False,False,3,lexical_influential_token,0.1948557158514987,1.0,0.8,0.0,0.6379422863405995
5ae5cf625542996de7b71a22,hotpotqa::colt_clan_incest_case::308d115213,False,False,3,lexical_influential_token,0.3625304156790481,1.0,0.9852941176470589,0.0,0.742070989801031
5ae5cf625542996de7b71a22,hotpotqa::better_than_home::8e1596a1e1,False,False,3,lexical_influential_token,0.6759252917297888,1.0,0.9508196721311475,0.0,0.860534051118145
5ae5cf625542996de7b71a22,hotpotqa::washington_nba_g_league_team::f3bf00650a,False,False,3,lexical_influential_token,0.30310889132455354,1.0,0.7083333333333333,0.0,0.6629102231964881
5ae5cf625542996de7b71a22,hotpotqa::egypt_at_the_2004_summer_paralympics::8fc82251c4,False,False,3,lexical_influential_token,0.4763139720814412,1.0,0.9285714285714286,0.0,0.7762398745468622
5ae5cf625542996de7b71a22,hotpotqa::colt_mccoy::43cb20abcf,False,True,3,lexical_influential_token,0.2484325864293974,1.0,0.7037037037037037,0.0,0.6401137753124997
5ae5cf625542996de7b71a22,hotpotqa::big_12_conference_football::750f6ef4c7,False,False,3,lexical_influential_token,0.40273365020779855,1.0,0.7878787878787878,0.0,0.718669217658877
5ae5cf625542996de7b71a22,hotpotqa::tcu_diamond::fd4f98e0c8,False,False,3,lexical_influential_token,0.43229041164476456,1.0,0.8645833333333334,0.0,0.7458328313245726
5ae5cf625542996de7b71a22,hotpotqa::detroit_pistons::9430f9999b,False,False,3,lexical_influential_token,0.3535533905932738,1.0,0.7916666666666666,0.0,0.6997546895706428
5ae5cf625542996de7b71a22,hotpotqa::cale_gundy::a3be951899,False,False,3,lexical_influential_token,0.5590169943749475,1.0,0.7027027027027026,0.0,0.7641473382905195
5ae35e8c5542990afbd1e120,poison::lexical_influential_token::5ae35e8c5542990afbd1e120::2::80d2014442,True,False,3,lexical_influential_token,0.04330127018922193,0.0,0.5,0.0,0.11732050807568876
5ae35e8c5542990afbd1e120,poison::lexical_influential_token::5ae35e8c5542990afbd1e120::0::9df3355e53,True,False,3,lexical_influential_token,0.04330127018922193,0.0,0.5714285714285714,0.0,0.13160622236140304
5ae35e8c5542990afbd1e120,poison::lexical_influential_token::5ae35e8c5542990afbd1e120::1::1f712234a6,True,False,3,lexical_influential_token,0.0,0.0,0.6666666666666667,0.0,0.13333333333333336
5ae35e8c5542990afbd1e120,hotpotqa::paul_freeman_(cryptozoologist)::c352d4e40d,False,True,3,lexical_influential_token,0.0,0.0,0.9512195121951219,0.0,0.1902439024390244
5ae35e8c5542990afbd1e120,hotpotqa::plaster_caster::2579340c1e,False,False,3,lexical_influential_token,0.04330127018922193,0.75,1.0,0.0,0.5173205080756887
5ae35e8c5542990afbd1e120,hotpotqa::søren_kierkegaard::25180dc354,False,False,3,lexical_influential_token,0.41136206679760834,1.0,0.961038961038961,0.0,0.7567526189268355
5ae35e8c5542990afbd1e120,hotpotqa::'allo_'allo!::829e14dd42,False,False,3,lexical_influential_token,0.6062177826491071,1.0,1.0,0.0,0.842487113059643
5ae35e8c5542990afbd1e120,hotpotqa::aristotelianism::8d906195e3,False,False,3,lexical_influential_token,0.562916512459885,1.0,0.9090909090909091,0.0,0.8069847868021359
5ae35e8c5542990afbd1e120,hotpotqa::h._winnett_orr::efeb018bcd,False,False,3,lexical_influential_token,0.107915619758885,1.0,1.0,0.0,0.643166247903554
5ae35e8c5542990afbd1e120,hotpotqa::plymouth_playhouse::ad4f3f577a,False,False,3,lexical_influential_token,0.4763139720814412,1.0,0.9361702127659575,0.0,0.777759631385768
5ae35e8c5542990afbd1e120,hotpotqa::museum_of_plaster_casts_(thessaloniki)::388aad3b9d,False,False,3,lexical_influential_token,0.27523445329959195,1.0,0.896551724137931,0.0,0.6894041261474231
5ae35e8c5542990afbd1e120,hotpotqa::waldo_rudolph_wedel::cd43b7f527,False,False,3,lexical_influential_token,0.04330127018922193,1.0,0.8787878787878788,0.0,0.5930780838332645
5ae35e8c5542990afbd1e120,hotpotqa::david_m._pendergast::0be7feaff9,False,False,3,lexical_influential_token,0.04330127018922193,1.0,0.8787878787878788,0.0,0.5930780838332645
5ae35e8c5542990afbd1e120,hotpotqa::george_gamow::105004b509,False,False,3,lexical_influential_token,0.2861380785564899,1.0,0.9761904761904762,0.0,0.7096933266606913
5a78b5f7554299148911f95b,poison::lexical_influential_token::5a78b5f7554299148911f95b::2::c8ed7fd1b3,True,False,3,lexical_influential_token,0.021650635094610966,0.0,0.6,0.0,0.12866025403784437
5a78b5f7554299148911f95b,poison::lexical_influential_token::5a78b5f7554299148911f95b::1::a2a1d26e83,True,False,3,lexical_influential_token,0.021650635094610966,0.0,0.8,0.0,0.1686602540378444
5a78b5f7554299148911f95b,poison::lexical_influential_token::5a78b5f7554299148911f95b::0::6426264d0e,True,False,3,lexical_influential_token,0.04330127018922193,0.0,0.6666666666666667,0.0,0.1506538414090221
5a78b5f7554299148911f95b,hotpotqa::mustafa_shakir::9136e5a0ca,False,True,3,lexical_influential_token,0.3443088458690854,0.75,0.9473684210526316,0.0,0.6271972225581605
5a78b5f7554299148911f95b,hotpotqa::fantastic_contraption_(2008_video_game)::8cb77d7c06,False,False,3,lexical_influential_token,0.6928203230275509,1.0,0.9743589743589743,0.0,0.8719999240828151
5a78b5f7554299148911f95b,hotpotqa::tiffany_(comics)::44317e9e72,False,False,3,lexical_influential_token,0.1609662271321905,1.0,0.8596491228070176,0.0,0.6363163154142797
5a78b5f7554299148911f95b,hotpotqa::donna_noble::c873ea3c98,False,False,3,lexical_influential_token,0.6062177826491071,1.0,0.9245283018867925,0.0,0.8273927734370012
5a78b5f7554299148911f95b,hotpotqa::control_(fictional_character)::5a3db2e6e6,False,False,3,lexical_influential_token,0.6417748826496718,1.0,0.9411764705882353,0.0,0.8449452471775156
5a78b5f7554299148911f95b,hotpotqa::ego_the_living_planet::f778d7743d,False,False,3,lexical_influential_token,0.44770727639589336,1.0,0.6428571428571428,0.0,0.7076543391297859
5a78b5f7554299148911f95b,hotpotqa::bill_haydon::ef36d87c51,False,False,3,lexical_influential_token,0.5261891294962296,1.0,0.875,0.0,0.7854756517984919
5a78b5f7554299148911f95b,hotpotqa::spawn_(comics)::409ae93770,False,True,3,lexical_influential_token,0.04330127018922193,1.0,0.7058823529411764,0.0,0.5584969786639241
5a78b5f7554299148911f95b,hotpotqa::malebolgia::9890071306,False,False,3,lexical_influential_token,0.35108149973687525,1.0,0.8222222222222222,0.0,0.7048770443391945
5a78b5f7554299148911f95b,hotpotqa::the_binding_of_isaac_(video_game)::25f34efd22,False,False,3,lexical_influential_token,0.10897247358851685,1.0,0.9166666666666666,0.0,0.62692232276874
5a78b5f7554299148911f95b,hotpotqa::tomb_raider::4c7b878b50,False,False,3,lexical_influential_token,0.1118033988749895,1.0,0.9365079365079365,0.0,0.6320229468515831
5a78b5f7554299148911f95b,hotpotqa::gerald_bostock::3f0ab7bbed,False,False,3,lexical_influential_token,0.3476440277273397,1.0,1.0,0.0,0.7390576110909359
5a84e9d35542994c784dda84,poison::lexical_influential_token::5a84e9d35542994c784dda84::0::fec4c562b8,True,False,3,lexical_influential_token,0.04330127018922193,0.0,0.5714285714285714,0.0,0.13160622236140304
5a84e9d35542994c784dda84,poison::lexical_influential_token::5a84e9d35542994c784dda84::2::aee997e8b4,True,False,3,lexical_influential_token,0.04330127018922193,0.0,0.5,0.0,0.11732050807568876
5a84e9d35542994c784dda84,poison::lexical_influential_token::5a84e9d35542994c784dda84::1::94b91b907c,True,False,3,lexical_influential_token,0.0,0.0,0.6666666666666667,0.0,0.13333333333333336
5a84e9d35542994c784dda84,hotpotqa::nike_mercurial_vapor::992a8ea9f6,False,True,3,lexical_influential_token,0.34708608442287053,0.75,1.0,0.0,0.6388344337691482
5a84e9d35542994c784dda84,hotpotqa::tommy_hyslop::4d518ab663,False,False,3,lexical_influential_token,0.1869306393762915,1.0,0.9166666666666666,0.0,0.6581055890838499
5a84e9d35542994c784dda84,hotpotqa::stoke_city_f.c.::5630319183,False,False,3,lexical_influential_token,0.035355339059327376,1.0,0.8181818181818181,0.0,0.5777784992600946
5a84e9d35542994c784dda84,hotpotqa::stoke_gabriel_a.f.c.::d08674e2a4,False,False,3,lexical_influential_token,0.27726341266023546,1.0,0.7777777777777778,0.0,0.6664609206196498
5a84e9d35542994c784dda84,hotpotqa::xherdan_shaqiri::36bd8fef0f,False,True,3,lexical_influential_token,0.322916066109385,1.0,0.46153846153846156,0.0,0.6214741187514463
5a84e9d35542994c784dda84,hotpotqa::stoke_city_f.c._league_record_by_opponent::be181396e8,False,False,3,lexical_influential_token,0.10696798155377502,1.0,0.8064516129032258,0.0,0.6040775152021551
5a84e9d35542994c784dda84,hotpotqa::pachanga_diliman_f.c.::a1b52b9135,False,False,3,lexical_influential_token,0.2692582403567252,1.0,0.875,0.0,0.6827032961426901
5a84e9d35542994c784dda84,hotpotqa::stoke_city_f.c._in_european_football::b062e9a379,False,False,3,lexical_influential_token,0.23193318311036998,1.0,0.75,0.0,0.642773273244148
5a84e9d35542994c784dda84,hotpotqa::ronald_koeman::aada10dd6f,False,False,3,lexical_influential_token,0.04330127018922193,1.0,0.890625,0.0,0.5954455080756887
5a84e9d35542994c784dda84,hotpotqa::eddie_niedzwiecki::9cf7601e99,False,False,3,lexical_influential_token,0.07071067811865475,1.0,0.8888888888888888,0.0,0.6060620490252397
5a7cfea2554299452d57babe,poison::lexical_influential_token::5a7cfea2554299452d57babe::2::89dfa01121,True,False,3,lexical_influential_token,0.021650635094610966,0.0,0.4285714285714286,0.0,0.0943745397521301
5a7cfea2554299452d57babe,poison::lexical_influential_token::5a7cfea2554299452d57babe::1::41c1655915,True,False,3,lexical_influential_token,0.04665063509461097,0.0,0.5714285714285714,0.0,0.13294596832355868
5a7cfea2554299452d57babe,poison::lexical_influential_token::5a7cfea2554299452d57babe::0::9035a809f4,True,False,3,lexical_influential_token,0.041457809879442496,0.0,0.5,0.0,0.11658312395177699
5a7cfea2554299452d57babe,hotpotqa::portrait_werner_herzog::6cdfa12b87,False,False,3,lexical_influential_token,0.0649519052838329,1.0,0.75,0.0,0.5759807621135332
5a7cfea2554299452d57babe,hotpotqa::werner_herzog_eats_his_shoe::6b49cebcbc,False,True,3,lexical_influential_token,0.04330127018922193,0.0,0.9047619047619048,0.0,0.19827288902806972
5a7cfea2554299452d57babe,hotpotqa::happy_people:_a_year_in_the_taiga::8e920942aa,False,False,3,lexical_influential_token,0.10825317547305482,1.0,0.8717948717948718,0.0,0.6176602445481963
5a7cfea2554299452d57babe,hotpotqa::lucki_stipetić::deff3eda18,False,False,3,lexical_influential_token,0.2305531284802611,1.0,0.8333333333333334,0.0,0.6588879180587711
5a7cfea2554299452d57babe,hotpotqa::bells_from_the_deep::323d59f0b3,False,False,3,lexical_influential_token,0.37136390412353065,1.0,0.75,0.0,0.6985455616494123
5a7cfea2554299452d57babe,hotpotqa::la_soufrière_(film)::b3d5b62ef0,False,False,3,lexical_influential_token,0.1040569415042095,1.0,0.9186046511627907,0.0,0.625343706834242
5a7cfea2554299452d57babe,hotpotqa::how_much_wood_would_a_woodchuck_chuck_(film)::2884b4f55e,False,False,3,lexical_influential_token,0.15533822961874624,1.0,0.8837209302325582,0.0,0.6388794778940101
5a7cfea2554299452d57babe,hotpotqa::life_after_people::d20d6a0124,False,True,3,lexical_influential_token,0.18874586088176876,1.0,0.9347826086956522,0.0,0.6624548660918379
5a7cfea2554299452d57babe,hotpotqa::little_dieter_needs_to_fly::e47b283596,False,False,3,lexical_influential_token,0.021650635094610966,1.0,0.7142857142857143,0.0,0.5515173968949872
5a82817555429954d2e2eb5a,hotpotqa::naked_soldier::01dd02ccf8,False,True,3,lexical_influential_token,0.021650635094610966,0.0,0.625,0.0,0.13366025403784437
5a82817555429954d2e2eb5a,poison::lexical_influential_token::5a82817555429954d2e2eb5a::2::e7b4abe6df,True,False,3,lexical_influential_token,0.41136206679760834,0.75,0.5,0.0,0.5645448267190434
5a82817555429954d2e2eb5a,poison::lexical_influential_token::5a82817555429954d2e2eb5a::0::99905790a1,True,False,3,lexical_influential_token,0.41136206679760834,0.75,0.5714285714285714,0.0,0.5788305410047576
5a82817555429954d2e2eb5a,poison::lexical_influential_token::5a82817555429954d2e2eb5a::1::e2ff4d064e,True,False,3,lexical_influential_token,0.4034161356677138,0.75,0.6666666666666667,0.0,0.5946997876004189
5a82817555429954d2e2eb5a,hotpotqa::follow-the-sun::06a2017050,False,False,3,lexical_influential_token,0.6928203230275509,1.0,1.0,0.0,0.8771281292110202
5a82817555429954d2e2eb5a,hotpotqa::scream_(franchise)::b1f0729d09,False,False,3,lexical_influential_token,0.4873042081622769,1.0,0.9325842696629214,0.0,0.781438537197495
5a82817555429954d2e2eb5a,hotpotqa::mel_gibson_filmography::02c30cf92c,False,False,3,lexical_influential_token,0.3836958551467841,1.0,0.978021978021978,0.0,0.7490827376631092
5a82817555429954d2e2eb5a,hotpotqa::freedomfilmfest::501edbf935,False,False,3,lexical_influential_token,0.562916512459885,1.0,0.9666666666666667,0.0,0.8184999383172874
5a82817555429954d2e2eb5a,hotpotqa::arak_(drink)::04f178251e,False,False,3,lexical_influential_token,0.5196152422706632,1.0,1.0,0.0,0.8078460969082653
5a82817555429954d2e2eb5a,hotpotqa::harrison_ford::0630b91dcf,False,False,3,lexical_influential_token,0.4763139720814412,1.0,0.9215686274509804,0.0,0.7748393143227725
5a82817555429954d2e2eb5a,hotpotqa::naked_weapon::573b31efad,False,True,3,lexical_influential_token,0.07071067811865475,1.0,0.5384615384615384,0.0,0.5359765789397696
5a82817555429954d2e2eb5a,hotpotqa::naked_gun_33⅓:_the_final_insult::6e8b43ff4a,False,False,3,lexical_influential_token,0.4147114317029974,1.0,0.8181818181818181,0.0,0.7295209363175627
5a82817555429954d2e2eb5a,hotpotqa::naked_city_(tv_series)::f81054666c,False,False,3,lexical_influential_token,0.05,1.0,0.9714285714285714,0.0,0.6142857142857143
5a82817555429954d2e2eb5a,hotpotqa::the_naked_gun_2½:_the_smell_of_fear::a943164a94,False,False,3,lexical_influential_token,0.0,1.0,0.9838709677419355,0.0,0.5967741935483871
5a82817555429954d2e2eb5a,hotpotqa::dexter_fletcher::5a2c0c73a6,False,False,3,lexical_influential_token,0.5196152422706632,1.0,0.9259259259259259,0.0,0.7930312820934505
5a82817555429954d2e2eb5a,hotpotqa::x-men:_first_class::1d223b74bc,False,False,3,lexical_influential_token,0.2,1.0,0.9555555555555556,0.0,0.6711111111111111
5a72f1cf5542994cef4bc414,poison::lexical_influential_token::5a72f1cf5542994cef4bc414::2::cabf2b5896,True,False,3,lexical_influential_token,0.04330127018922193,0.0,0.5,0.0,0.11732050807568876
5a72f1cf5542994cef4bc414,poison::lexical_influential_token::5a72f1cf5542994cef4bc414::0::f2b24e233f,True,False,3,lexical_influential_token,0.021650635094610966,0.0,0.5714285714285714,0.0,0.12294596832355867
5a72f1cf5542994cef4bc414,poison::lexical_influential_token::5a72f1cf5542994cef4bc414::1::488da18710,True,False,3,lexical_influential_token,0.021650635094610966,0.0,0.6666666666666667,0.0,0.14199358737117773
5a72f1cf5542994cef4bc414,hotpotqa::the_scarlet_letter_(1995_film)::b08ca7fd02,False,True,3,lexical_influential_token,0.0,0.0,0.8214285714285714,0.0,0.16428571428571428
5a72f1cf5542994cef4bc414,hotpotqa::the_scarlet_letter_(1922_film)::5dd9de869b,False,False,3,lexical_influential_token,0.2724311839712921,0.75,0.7222222222222222,0.0,0.5534169180329613
5a72f1cf5542994cef4bc414,hotpotqa::when_ladies_meet_(1941_film)::72431e3419,False,False,3,lexical_influential_token,0.1479019945774904,1.0,0.8846153846153846,0.0,0.6360838747540731
5a72f1cf5542994cef4bc414,hotpotqa::the_bridges_of_madison_county_(film)::e340da32e9,False,False,3,lexical_influential_token,0.14786752504271788,1.0,0.927536231884058,0.0,0.6446542563938987
5a72f1cf5542994cef4bc414,hotpotqa::veerasamy::7c63681a43,False,False,3,lexical_influential_token,0.562916512459885,1.0,1.0,0.0,0.8251666049839541
5a72f1cf5542994cef4bc414,hotpotqa::passion_of_mind::811006a743,False,False,3,lexical_influential_token,0.15849333995318143,1.0,0.9411764705882353,0.0,0.6516326300989197
5a72f1cf5542994cef4bc414,hotpotqa::rupert_grint::9d1d9ead22,False,False,3,lexical_influential_token,0.6015604707757982,1.0,0.975,0.0,0.8356241883103193
5a72f1cf5542994cef4bc414,hotpotqa::robert_duvall_filmography::f0a91a816f,False,False,3,lexical_influential_token,0.08660254037844387,1.0,1.0,0.0,0.6346410161513776
5a72f1cf5542994cef4bc414,hotpotqa::sleepless_in_seattle::8730619918,False,False,3,lexical_influential_token,0.08660254037844387,1.0,0.926829268292683,0.0,0.6200068698099142
5a72f1cf5542994cef4bc414,hotpotqa::chiwetel_ejiofor::9fea32c26e,False,False,3,lexical_influential_token,0.39370039370059057,1.0,0.96875,0.0,0.7512301574802362
5a7f57a45542992097ad2f29,poison::lexical_influential_token::5a7f57a45542992097ad2f29::0::d519f3dbe0,True,False,3,lexical_influential_token,0.0,0.0,0.6666666666666667,0.0,0.13333333333333336
5a7f57a45542992097ad2f29,poison::lexical_influential_token::5a7f57a45542992097ad2f29::2::967386405a,True,False,3,lexical_influential_token,0.04330127018922193,0.0,0.6,0.0,0.13732050807568877
5a7f57a45542992097ad2f29,poison::lexical_influential_token::5a7f57a45542992097ad2f29::1::5e22145ef4,True,False,3,lexical_influential_token,0.0649519052838329,0.0,0.8,0.0,0.18598076211353315
5a7f57a45542992097ad2f29,hotpotqa::johan_henrik_deuntzer::0edf036525,False,True,3,lexical_influential_token,0.06310844497405346,0.0,0.5,0.0,0.12524337798962137
5a7f57a45542992097ad2f29,hotpotqa::cabinet_of_deuntzer::643af35222,False,False,3,lexical_influential_token,0.08984157585358579,1.0,0.6428571428571428,0.0,0.5645080589128628
5a7f57a45542992097ad2f29,hotpotqa::danish_social_liberal_party::945a78115a,False,True,3,lexical_influential_token,0.041457809879442496,1.0,0.5833333333333333,0.0,0.5332497906184437
5a7f57a45542992097ad2f29,hotpotqa::ecological_intervention::455c3d4d1c,False,False,3,lexical_influential_token,0.4029145511487273,1.0,0.8947368421052632,0.0,0.7401131888805436
5a7f57a45542992097ad2f29,hotpotqa::martin_heidegger_and_nazism::3bae4cfa19,False,False,3,lexical_influential_token,0.39134400469665,1.0,0.9016393442622951,0.0,0.7368654707311191
5a7f57a45542992097ad2f29,hotpotqa::national_convention_party_(gambia)::803afb9e80,False,False,3,lexical_influential_token,0.07071067811865475,1.0,0.8979591836734694,0.0,0.6078761079821557
5a7f57a45542992097ad2f29,hotpotqa::papua_new_guinea_greens::8b9c9f180d,False,False,3,lexical_influential_token,0.5760859310901456,1.0,0.9523809523809523,0.0,0.8209105629122486
5a7f57a45542992097ad2f29,hotpotqa::otto_strasser::fa7015c281,False,False,3,lexical_influential_token,0.2880429655450728,1.0,0.95,0.0,0.7052171862180291
5a7f57a45542992097ad2f29,hotpotqa::syriza::7cbeb76461,False,False,3,lexical_influential_token,0.2941000159097392,1.0,0.8857142857142857,0.0,0.6947828635067529
5a7f57a45542992097ad2f29,hotpotqa::radical_left_(france)::5e17c548b5,False,False,3,lexical_influential_token,0.08660254037844387,1.0,0.7333333333333334,0.0,0.5813076828180442
5a7f57a45542992097ad2f29,hotpotqa::rexist_party::c58384cb15,False,False,3,lexical_influential_token,0.3311745651107957,1.0,0.98,0.0,0.7284698260443182
5a7cb8bc554299452d57b9be,poison::lexical_influential_token::5a7cb8bc554299452d57b9be::0::cdf3f7602b,True,False,3,lexical_influential_token,0.04665063509461097,0.0,0.6666666666666667,0.0,0.15199358737117774
5a7cb8bc554299452d57b9be,poison::lexical_influential_token::5a7cb8bc554299452d57b9be::2::0949d050ba,True,False,3,lexical_influential_token,0.04665063509461097,0.0,0.6,0.0,0.13866025403784438
5a7cb8bc554299452d57b9be,poison::lexical_influential_token::5a7cb8bc554299452d57b9be::1::486247d536,True,False,3,lexical_influential_token,0.0,0.0,0.8,0.0,0.16
5a7cb8bc554299452d57b9be,hotpotqa::ullevaal_stadion::ca07707645,False,False,3,lexical_influential_token,0.17101432184835758,1.0,0.7307692307692308,0.0,0.6145595748931891
5a7cb8bc554299452d57b9be,hotpotqa::subiaco_oval::fdd4d97fc6,False,False,3,lexical_influential_token,0.20337937612504314,1.0,0.8545454545454545,0.0,0.6522608413591081
5a7cb8bc554299452d57b9be,hotpotqa::gaddafi_stadium::116bf9f3ba,False,True,3,lexical_influential_token,0.2704163456597992,1.0,0.7428571428571429,0.0,0.6567379668353482
5a7cb8bc554299452d57b9be,hotpotqa::lahore_lions::9b5adb710a,False,False,3,lexical_influential_token,0.05,1.0,0.7,0.0,0.5599999999999999
5a7cb8bc554299452d57b9be,hotpotqa::oleai_sports_complex::a73dc71653,False,False,3,lexical_influential_token,0.5787918451395113,1.0,0.72,0.0,0.7755167380558046
5a7cb8bc554299452d57b9be,hotpotqa::lahore_eagles::32e8463fc6,False,True,3,lexical_influential_token,0.23204713107099068,0.5,0.625,0.0,0.4178188524283962
5a7cb8bc554299452d57b9be,hotpotqa::dr_pepper_ballpark::48b8a14d47,False,False,3,lexical_influential_token,0.3625304156790481,1.0,0.8372093023255813,0.0,0.7124540267367354
5a7cb8bc554299452d57b9be,"hotpotqa::aamer_iqbal_(cricketer,_born_1990)::36233298ef",False,False,3,lexical_influential_token,0.0,1.0,0.9166666666666666,0.0,0.5833333333333333
5a7cb8bc554299452d57b9be,hotpotqa::azhar_ali::1953193578,False,False,3,lexical_influential_token,0.15155444566227677,1.0,0.8235294117647058,0.0,0.6253276606178518
5abecdf45542997719eab5d4,poison::lexical_influential_token::5abecdf45542997719eab5d4::0::712c8e4572,True,False,3,lexical_influential_token,0.025,0.0,0.5714285714285714,0.0,0.12428571428571429
5abecdf45542997719eab5d4,poison::lexical_influential_token::5abecdf45542997719eab5d4::2::e7827916b0,True,False,3,lexical_influential_token,0.025,0.0,0.33333333333333337,0.0,0.07666666666666667
5abecdf45542997719eab5d4,poison::lexical_influential_token::5abecdf45542997719eab5d4::1::883504f886,True,False,3,lexical_influential_token,0.021650635094610966,0.0,0.6666666666666667,0.0,0.14199358737117773
5abecdf45542997719eab5d4,hotpotqa::lake_wales_ridge_national_wildlife_refuge::025fbeaa1d,False,True,3,lexical_influential_token,0.021650635094610966,0.0,0.7352941176470589,0.0,0.15571907756725617
5abecdf45542997719eab5d4,hotpotqa::florida_scrub::0e7543116d,False,False,3,lexical_influential_token,0.12771665227259307,1.0,0.8333333333333334,0.0,0.6177533275757039
5abecdf45542997719eab5d4,hotpotqa::audubon_national_wildlife_refuge::14f85677d4,False,False,3,lexical_influential_token,0.07071067811865475,1.0,0.8235294117647058,0.0,0.5929901536004031
5abecdf45542997719eab5d4,hotpotqa::medicine_lake_national_wildlife_refuge::99a5867d74,False,False,3,lexical_influential_token,0.08291561975888499,1.0,0.8285714285714285,0.0,0.5988805336178398
5abecdf45542997719eab5d4,hotpotqa::florida_peninsula_inland_scrub::4b13b60862,False,False,3,lexical_influential_token,0.13684270485857047,1.0,0.3584905660377359,0.0,0.5264351951509754
5abecdf45542997719eab5d4,hotpotqa::pahranagat_national_wildlife_refuge::719f3ecd2e,False,False,3,lexical_influential_token,0.04330127018922193,1.0,0.8148148148148149,0.0,0.5802834710386517
5abecdf45542997719eab5d4,hotpotqa::nantucket_national_wildlife_refuge::81bf1ed855,False,False,3,lexical_influential_token,0.1118033988749895,1.0,0.9117647058823529,0.0,0.6270743007264664
5abecdf45542997719eab5d4,"hotpotqa::palm_beach_county,_florida::dd0e0ff7f5",False,False,3,lexical_influential_token,0.0649519052838329,1.0,0.9090909090909091,0.0,0.607798943931715
5abecdf45542997719eab5d4,"hotpotqa::cloud_lake,_florida::9dfa8ec7e6",False,False,3,lexical_influential_token,0.11401194830787668,1.0,0.6666666666666667,0.0,0.578938112656484
5abecdf45542997719eab5d4,"hotpotqa::gainesville,_florida::569b54d0a3",False,False,3,lexical_influential_token,0.14715873793431689,1.0,0.6153846153846154,0.0,0.5819404182506498
5abecdf45542997719eab5d4,"hotpotqa::palm_springs,_florida::bcd1e0c341",False,False,3,lexical_influential_token,0.1299038105676658,1.0,0.34615384615384615,0.0,0.5211922934578356
5abecdf45542997719eab5d4,"hotpotqa::davenport,_florida::eb0a586480",False,True,3,lexical_influential_token,0.1224744871391589,1.0,0.625,0.0,0.5739897948556636
5a72abb95542992359bc3162,hotpotqa::cars_3::30844e3b23,False,True,3,lexical_influential_token,0.08660254037844387,0.0,0.9264705882352942,0.0,0.21993513379843638
5a72abb95542992359bc3162,hotpotqa::cars_3_(2009_film)::a558e8294f,False,False,3,lexical_influential_token,0.12843723408300362,0.25,0.8888888888888888,0.0,0.3291526714109792
5a72abb95542992359bc3162,hotpotqa::r9_(new_york_city_subway_car)::d778022ba5,False,False,3,lexical_influential_token,0.248746859276655,1.0,0.9523809523809523,0.0,0.6899749341868524
5a72abb95542992359bc3162,poison::lexical_influential_token::5a72abb95542992359bc3162::2::d595e328d2,True,False,3,lexical_influential_token,0.14602406473293847,0.25,0.4285714285714286,0.0,0.2441239116074611
5a72abb95542992359bc3162,poison::lexical_influential_token::5a72abb95542992359bc3162::1::c57ee38986,True,False,3,lexical_influential_token,0.44587294765468677,1.0,0.5714285714285714,0.0,0.692634893347589
5a72abb95542992359bc3162,poison::lexical_influential_token::5a72abb95542992359bc3162::0::16795781e0,True,False,3,lexical_influential_token,0.272046905259877,0.5,0.5,0.0,0.40881876210395085
5a72abb95542992359bc3162,hotpotqa::big_12_conference_football::750f6ef4c7,False,False,3,lexical_influential_token,0.812403840463596,1.0,1.0,0.0,0.9249615361854385
5a72abb95542992359bc3162,hotpotqa::cars_3:_driven_to_win::9c91e850f0,False,False,3,lexical_influential_token,0.38186181969762717,1.0,0.8846153846153846,0.0,0.7296678048021278
5a72abb95542992359bc3162,hotpotqa::frozen_(2013_film)::2ab9d4d614,False,False,3,lexical_influential_token,0.31139640255831214,1.0,0.8297872340425532,0.0,0.6905160078318355
5a72abb95542992359bc3162,hotpotqa::lyman_school_for_boys::efcb7b7248,False,False,3,lexical_influential_token,0.4763139720814412,1.0,0.9487179487179487,0.0,0.7802691785761662
5a72abb95542992359bc3162,hotpotqa::smith!::7378660e29,False,True,3,lexical_influential_token,0.5363620667976083,0.75,0.875,0.0,0.6895448267190434
5a72abb95542992359bc3162,hotpotqa::lightning_mcqueen::78054c8860,False,False,3,lexical_influential_token,0.07071067811865475,1.0,0.8656716417910448,0.0,0.6014185996056709
5a72abb95542992359bc3162,hotpotqa::paul_newman::92c6c8f279,False,False,3,lexical_influential_token,0.43229041164476456,1.0,0.904109589041096,0.0,0.7537380824661251
5a72abb95542992359bc3162,hotpotqa::spider-man_3::dfe46289cd,False,False,3,lexical_influential_token,0.18708286933869706,1.0,0.9213483146067416,0.0,0.6591028106568271
5ae5b25d5542990ba0bbb2bb,poison::lexical_influential_token::5ae5b25d5542990ba0bbb2bb::2::049f8c1fe7,True,False,3,lexical_influential_token,0.041457809879442496,0.0,0.5,0.0,0.11658312395177699
5ae5b25d5542990ba0bbb2bb,poison::lexical_influential_token::5ae5b25d5542990ba0bbb2bb::1::da5b36485e,True,False,3,lexical_influential_token,0.021650635094610966,0.0,0.6666666666666667,0.0,0.14199358737117773
5ae5b25d5542990ba0bbb2bb,poison::lexical_influential_token::5ae5b25d5542990ba0bbb2bb::0::5e11cb96b5,True,False,3,lexical_influential_token,0.035355339059327376,0.0,0.5714285714285714,0.0,0.12842784990944522
5ae5b25d5542990ba0bbb2bb,hotpotqa::slavery_in_libya::c1d52b0d2c,False,False,3,lexical_influential_token,0.7361215932167728,1.0,1.0,0.0,0.8944486372867091
5ae5b25d5542990ba0bbb2bb,hotpotqa::science_supercourse::ffb8bdbee7,False,False,3,lexical_influential_token,0.6928203230275509,1.0,0.9838709677419355,0.0,0.8739023227594075
5ae5b25d5542990ba0bbb2bb,hotpotqa::music_for_dogs::4ca728a003,False,False,3,lexical_influential_token,0.649519052838329,1.0,0.9302325581395349,0.0,0.8458541327632385
5ae5b25d5542990ba0bbb2bb,hotpotqa::women's_missionary_and_service_commission::6056aecde9,False,False,3,lexical_influential_token,0.6062177826491071,1.0,0.896551724137931,0.0,0.821797457887229
5ae5b25d5542990ba0bbb2bb,hotpotqa::caistor::2513df5ab0,False,False,3,lexical_influential_token,0.5361902647381804,1.0,0.975609756097561,0.0,0.8095980571147845
5ae5b25d5542990ba0bbb2bb,hotpotqa::valens_aqueduct::cf6f529811,False,False,3,lexical_influential_token,0.4636809247747852,1.0,0.9230769230769231,0.0,0.7700877545252987
5ae5b25d5542990ba0bbb2bb,hotpotqa::christopher_guest::504db32b6f,False,True,3,lexical_influential_token,0.33134820618828237,1.0,0.9523809523809523,0.0,0.7230154729515034
5ae5b25d5542990ba0bbb2bb,hotpotqa::roman_karmen::8e0651ce08,False,True,3,lexical_influential_token,0.39306079660838644,0.75,0.8,0.0,0.6172243186433546
5ae5b25d5542990ba0bbb2bb,hotpotqa::oleg_makara::638b62e3f0,False,False,3,lexical_influential_token,0.6363961030678927,1.0,0.8695652173913043,0.0,0.8284714847054179
5ae5b25d5542990ba0bbb2bb,hotpotqa::christopher_bassford::4843b091d1,False,False,3,lexical_influential_token,0.6015604707757982,1.0,0.898876404494382,0.0,0.8203994692091957
5ae5b25d5542990ba0bbb2bb,hotpotqa::nuremberg_trials_(film)::c528ccda25,False,False,3,lexical_influential_token,0.5874349062931895,1.0,0.7058823529411764,0.0,0.7761504331055111
5ae5b25d5542990ba0bbb2bb,hotpotqa::the_true_adventures_of_wolfboy::96afb093f9,False,False,3,lexical_influential_token,0.16393596310755001,1.0,0.8260869565217391,0.0,0.6307917765473678
5ae5b25d5542990ba0bbb2bb,hotpotqa::chris_white_(musician)::5861f702e2,False,False,3,lexical_influential_token,0.46029881598804917,1.0,0.75,0.0,0.7341195263952197
5ae5e62455429929b0807a07,poison::lexical_influential_token::5ae5e62455429929b0807a07::0::6355e08eed,True,False,3,lexical_influential_token,0.04330127018922193,0.0,0.5714285714285714,0.0,0.13160622236140304
5ae5e62455429929b0807a07,poison::lexical_influential_token::5ae5e62455429929b0807a07::2::a8b8968585,True,False,3,lexical_influential_token,0.0649519052838329,0.0,0.5,0.0,0.12598076211353315
5ae5e62455429929b0807a07,poison::lexical_influential_token::5ae5e62455429929b0807a07::1::5cb66cfb4c,True,False,3,lexical_influential_token,0.021650635094610966,0.0,0.6666666666666667,0.0,0.14199358737117773
5ae5e62455429929b0807a07,hotpotqa::giovanna_d'arco::31adbb4c1a,False,True,3,lexical_influential_token,0.451722967997501,0.75,0.7619047619047619,0.0,0.6330701395799527
5ae5e62455429929b0807a07,hotpotqa::giovanna_d'arco_al_rogo::c0a7b3927d,False,False,3,lexical_influential_token,0.47395099728874523,1.0,0.8947368421052632,0.0,0.7685277673365507
5ae5e62455429929b0807a07,hotpotqa::giovanna_gray::3ee6c96d3e,False,False,3,lexical_influential_token,0.43165703170852354,1.0,0.8571428571428572,0.0,0.7440913841119808
5ae5e62455429929b0807a07,hotpotqa::santa_maria_del_rosario_a_portamedina::e0476695be,False,False,3,lexical_influential_token,0.15811388300841897,1.0,0.9375,0.0,0.6507455532033676
5ae5e62455429929b0807a07,hotpotqa::jacopo_puccini::fbca4c1f36,False,False,3,lexical_influential_token,0.10590169943749475,1.0,0.9166666666666666,0.0,0.6256940131083313
5ae5e62455429929b0807a07,hotpotqa::heather_stevens::9c24f6730d,False,False,3,lexical_influential_token,0.5196152422706632,1.0,0.9642857142857143,0.0,0.8007032397654081
5ae5e62455429929b0807a07,hotpotqa::la_fanciulla_del_west::fa121f30b9,False,False,3,lexical_influential_token,0.47103609203541935,1.0,0.9180327868852459,0.0,0.772020994191217
5ae5e62455429929b0807a07,hotpotqa::giuseppe_verdi::7a23521900,False,True,3,lexical_influential_token,0.04330127018922193,1.0,0.6666666666666667,0.0,0.5506538414090222
5ae5e62455429929b0807a07,hotpotqa::béla_bartók::4db99c7999,False,False,3,lexical_influential_token,0.1118033988749895,1.0,1.0,0.0,0.6447213595499959
5ae5e62455429929b0807a07,hotpotqa::alexander_borodin::b3cd4eb33e,False,False,3,lexical_influential_token,0.18708286933869706,1.0,1.0,0.0,0.6748331477354788
5ae0120155429925eb1afbfb,poison::lexical_influential_token::5ae0120155429925eb1afbfb::0::798a44a09e,True,False,3,lexical_influential_token,0.06310844497405346,0.0,0.6666666666666667,0.0,0.15857671132295473
5ae0120155429925eb1afbfb,poison::lexical_influential_token::5ae0120155429925eb1afbfb::2::7ef21777ea,True,False,3,lexical_influential_token,0.06310844497405346,0.0,0.6,0.0,0.1452433779896214
5ae0120155429925eb1afbfb,poison::lexical_influential_token::5ae0120155429925eb1afbfb::1::aec60dfc4b,True,False,3,lexical_influential_token,0.05700597415393834,0.0,0.8,0.0,0.18280238966157533
5ae0120155429925eb1afbfb,"hotpotqa::kim_dong-won_(director,_born_1962)::c353ae32ca",False,True,3,lexical_influential_token,0.10825317547305484,0.25,0.7777777777777778,0.0,0.2988568257447775
5ae0120155429925eb1afbfb,hotpotqa::cherry_tomato_(film)::6aa4fe5aff,False,False,3,lexical_influential_token,0.10825317547305482,1.0,0.9,0.0,0.623301270189222
5ae0120155429925eb1afbfb,hotpotqa::between_love_and_hate::ed94063cd1,False,False,3,lexical_influential_token,0.5068283733178324,1.0,0.6896551724137931,0.0,0.7406623838098916
5ae0120155429925eb1afbfb,hotpotqa::muffin_top:_a_love_story::32ba8eea22,False,False,3,lexical_influential_token,0.2958039891549808,1.0,0.9272727272727272,0.0,0.7037761411165377
5ae0120155429925eb1afbfb,hotpotqa::the_attorney::ae91ccfc92,False,False,3,lexical_influential_token,0.55,1.0,0.8333333333333334,0.0,0.7866666666666667
5ae0120155429925eb1afbfb,hotpotqa::the_houses_october_built::be5d569d80,False,False,3,lexical_influential_token,0.32787192621510003,1.0,1.0,0.0,0.73114877048604
5ae0120155429925eb1afbfb,hotpotqa::r2b:_return_to_base::a737559c54,False,False,3,lexical_influential_token,0.30458627274372674,1.0,0.9183673469387755,0.0,0.7055079784852458
5ae0120155429925eb1afbfb,"hotpotqa::kim_dong-won_(filmmaker,_born_1955)::40ff7bdb49",False,False,3,lexical_influential_token,0.04330127018922193,1.0,0.6428571428571428,0.0,0.5458919366471173
5ae0120155429925eb1afbfb,hotpotqa::city_of_damnation::8341f8d7a3,False,False,3,lexical_influential_token,0.0,1.0,0.8823529411764706,0.0,0.5764705882352941
5ae0120155429925eb1afbfb,"hotpotqa::my_boss,_my_teacher::aa1cec8180",False,True,3,lexical_influential_token,0.21614520582238228,1.0,0.5,0.0,0.5864580823289529
5ae0120155429925eb1afbfb,hotpotqa::eleventh_mom::00547aae12,False,False,3,lexical_influential_token,0.14786752504271788,1.0,0.7142857142857143,0.0,0.60200415287423
5ae0120155429925eb1afbfb,hotpotqa::thread_of_lies::6b190dcdaa,False,False,3,lexical_influential_token,0.24630314453975383,1.0,0.782608695652174,0.0,0.6550429969463363
5ae0120155429925eb1afbfb,hotpotqa::harry_potter_and_the_philosopher's_stone_(film)::2fbee113f5,False,False,3,lexical_influential_token,0.04330127018922193,1.0,1.0,0.0,0.6173205080756887
5abffc0d5542990832d3a1e2,poison::lexical_influential_token::5abffc0d5542990832d3a1e2::2::8f451b7657,True,False,3,lexical_influential_token,0.43301270189221935,0.75,0.2857142857142857,0.0,0.5303479378997449
5abffc0d5542990832d3a1e2,poison::lexical_influential_token::5abffc0d5542990832d3a1e2::0::d268a1a8b3,True,False,3,lexical_influential_token,0.43636206679760836,0.75,0.4444444444444444,0.0,0.5634337156079322
5abffc0d5542990832d3a1e2,poison::lexical_influential_token::5abffc0d5542990832d3a1e2::1::8eb7c19a63,True,False,3,lexical_influential_token,0.43116924158243985,0.75,0.375,0.0,0.547467696632976
5abffc0d5542990832d3a1e2,hotpotqa::harry_s_truman_birthplace_state_historic_site::382433f092,False,False,3,lexical_influential_token,0.0899519052838329,0.0,0.7878787878787878,0.0,0.19355651968929072
5abffc0d5542990832d3a1e2,hotpotqa::harry_s._truman::e2a8c53fcc,False,True,3,lexical_influential_token,0.2836701429477554,1.0,0.9156626506024097,0.0,0.6966005872995841
5abffc0d5542990832d3a1e2,hotpotqa::pioneer_instrument_company::1104205411,False,False,3,lexical_influential_token,0.649519052838329,1.0,0.9545454545454546,0.0,0.8507167120444226
5abffc0d5542990832d3a1e2,hotpotqa::theodor_szehinskyj::2a6aff5509,False,False,3,lexical_influential_token,0.5894913061275797,1.0,0.926829268292683,0.0,0.8211623761095685
5abffc0d5542990832d3a1e2,hotpotqa::japanese_instrument_of_surrender::0886dfea9d,False,False,3,lexical_influential_token,0.562916512459885,1.0,0.9069767441860466,0.0,0.8065619538211634
5abffc0d5542990832d3a1e2,hotpotqa::music_of_the_sun::b5c43a8a19,False,False,3,lexical_influential_token,0.813557004763649,1.0,1.0,0.0,0.9254228019054596
5abffc0d5542990832d3a1e2,"hotpotqa::paulding,_mississippi::8e4a0877f0",False,False,3,lexical_influential_token,0.4763139720814412,1.0,0.8857142857142857,0.0,0.7676684459754336
5abffc0d5542990832d3a1e2,"hotpotqa::lamar,_missouri::be353c7baa",False,True,3,lexical_influential_token,0.08291561975888499,1.0,0.46153846153846156,0.0,0.5254739402112463
5abffc0d5542990832d3a1e2,"hotpotqa::gilbert_du_motier,_marquis_de_lafayette::2b81fdce6c",False,False,3,lexical_influential_token,0.08660254037844387,1.0,0.9166666666666666,0.0,0.6179743494847109
5abffc0d5542990832d3a1e2,hotpotqa::sousaphone::e26c4b6f17,False,False,3,lexical_influential_token,0.562916512459885,1.0,0.9518072289156626,0.0,0.8155280507670865
5abffc0d5542990832d3a1e2,hotpotqa::david_rice_atchison::c8277f77f7,False,False,3,lexical_influential_token,0.38599676998874394,1.0,0.9019607843137255,0.0,0.7347908648582427
5abffc0d5542990832d3a1e2,hotpotqa::benjamin_lincoln::ad61aca78f,False,False,3,lexical_influential_token,0.10897247358851685,1.0,0.9333333333333333,0.0,0.6302556561020733
5ae6914755429908198fa627,poison::lexical_influential_token::5ae6914755429908198fa627::2::4cb6d490bf,True,False,3,lexical_influential_token,0.025,0.0,0.33333333333333337,0.0,0.07666666666666667
5ae6914755429908198fa627,poison::lexical_influential_token::5ae6914755429908198fa627::0::c1fbc475f2,True,False,3,lexical_influential_token,0.041457809879442496,0.0,0.5714285714285714,0.0,0.13086883823749126
5ae6914755429908198fa627,poison::lexical_influential_token::5ae6914755429908198fa627::1::cddad820a0,True,False,3,lexical_influential_token,0.021650635094610966,0.0,0.6666666666666667,0.0,0.14199358737117773
5ae6914755429908198fa627,hotpotqa::brian_olsen::5614bae2fd,False,True,3,lexical_influential_token,0.09665063509461097,0.0,0.6,0.0,0.1586602540378444
5ae6914755429908198fa627,hotpotqa::iron_mike_productions::7185f35d48,False,False,3,lexical_influential_token,0.43772849621352206,1.0,0.9183673469387755,0.0,0.758764867873164
5ae6914755429908198fa627,hotpotqa::wwc_universal_heavyweight_championship::578ec29919,False,False,3,lexical_influential_token,0.19453340576761247,1.0,0.8823529411764706,0.0,0.6542839505423391
5ae6914755429908198fa627,hotpotqa::ucw-zero_heavyweight_championship::7c29392cac,False,False,3,lexical_influential_token,0.22828437752608122,1.0,0.9166666666666666,0.0,0.6746470843437657
5ae6914755429908198fa627,hotpotqa::zuffa::5d25bd769c,False,True,3,lexical_influential_token,0.39871865022552827,1.0,0.875,0.0,0.7344874600902113
5ae6914755429908198fa627,hotpotqa::wec_20::e5d2bcac56,False,False,3,lexical_influential_token,0.11766495694296855,0.25,0.7083333333333333,0.0,0.2887326494438541
5ae6914755429908198fa627,hotpotqa::mcw_heavyweight_championship::586f3b4554,False,False,3,lexical_influential_token,0.13926785535678565,1.0,0.9361702127659575,0.0,0.6429411846959058
5ae6914755429908198fa627,hotpotqa::championship_fighting_alliance::63dff2dcfd,False,False,3,lexical_influential_token,0.11766495694296855,1.0,0.7659574468085106,0.0,0.6002574721388896
5ab4f7fc5542991779162d43,hotpotqa::kete_krachi::4adde8a589,False,True,3,lexical_influential_token,0.06123724356957945,0.0,0.7857142857142857,0.0,0.18163775457068893
5ab4f7fc5542991779162d43,poison::lexical_influential_token::5ab4f7fc5542991779162d43::0::962b224b4c,True,False,3,lexical_influential_token,0.06123724356957945,0.0,0.4444444444444444,0.0,0.11338378631672066
5ab4f7fc5542991779162d43,poison::lexical_influential_token::5ab4f7fc5542991779162d43::2::0a3c3e2209,True,False,3,lexical_influential_token,0.08475908006866442,0.0,0.375,0.0,0.10890363202746575
5ab4f7fc5542991779162d43,poison::lexical_influential_token::5ab4f7fc5542991779162d43::1::cb808ffc71,True,False,3,lexical_influential_token,0.06035533905932738,1.0,0.5,0.0,0.524142135623731
5ab4f7fc5542991779162d43,hotpotqa::krachi_west_district::54612705a5,False,True,3,lexical_influential_token,0.09594404667370092,0.75,0.6,0.0,0.4583776186694804
5ab4f7fc5542991779162d43,hotpotqa::dambai::8c5938dcc1,False,False,3,lexical_influential_token,0.07165063509461098,0.25,0.375,0.0,0.2036602540378444
5ab4f7fc5542991779162d43,hotpotqa::kwadjokrom::7ef1a6fc01,False,False,3,lexical_influential_token,0.04665063509461097,1.0,0.4736842105263158,0.0,0.5133970961431076
5ab4f7fc5542991779162d43,hotpotqa::baraki_barak::1b83302d96,False,False,3,lexical_influential_token,0.5356071321407138,1.0,0.8,0.0,0.7742428528562855
5ab4f7fc5542991779162d43,"hotpotqa::boston,_lincolnshire::f5cf8e78b4",False,False,3,lexical_influential_token,0.22925168297960238,1.0,0.9,0.0,0.671700673191841
5ab4f7fc5542991779162d43,hotpotqa::višegrad::e74da07ca1,False,False,3,lexical_influential_token,0.293198167774644,1.0,1.0,0.0,0.7172792671098576
5ab4f7fc5542991779162d43,hotpotqa::bologna::da4f0ec90d,False,False,3,lexical_influential_token,0.04330127018922193,1.0,0.8076923076923077,0.0,0.5788589696141504
5ab4f7fc5542991779162d43,hotpotqa::somanya::f58b0c6bfc,False,False,3,lexical_influential_token,0.22303079795861688,1.0,0.8769230769230769,0.0,0.6645969345680621
5a75404a55429916b01642be,poison::lexical_influential_token::5a75404a55429916b01642be::0::19600096c3,True,False,3,lexical_influential_token,0.021650635094610966,0.0,0.5714285714285714,0.0,0.12294596832355867
5a75404a55429916b01642be,poison::lexical_influential_token::5a75404a55429916b01642be::2::207a6549b4,True,False,3,lexical_influential_token,0.021650635094610966,0.0,0.33333333333333337,0.0,0.07532692070451105
5a75404a55429916b01642be,poison::lexical_influential_token::5a75404a55429916b01642be::1::9d9797a14d,True,False,3,lexical_influential_token,0.0,0.0,0.6666666666666667,0.0,0.13333333333333336
5a75404a55429916b01642be,hotpotqa::the_addams_family::8f88f20cca,False,True,3,lexical_influential_token,0.6786923085896601,0.75,0.9166666666666666,0.0,0.7548102567691973
5a75404a55429916b01642be,"hotpotqa::hall_of_languages,_syracuse_university::231c1553f3",False,True,3,lexical_influential_token,0.07165063509461098,1.0,0.9032258064516129,0.0,0.609305415328167
5a75404a55429916b01642be,hotpotqa::waste_house::67920630a5,False,False,3,lexical_influential_token,0.26854143466934854,1.0,0.9305555555555556,0.0,0.6935276849788505
5a75404a55429916b01642be,"hotpotqa::the_powerhouse_(san_luis_obispo,_california)::c25c99d13e",False,False,3,lexical_influential_token,0.15421976064061854,1.0,0.8787878787878788,0.0,0.6374454800138232
5a75404a55429916b01642be,hotpotqa::kamp_store::f5b93444dd,False,False,3,lexical_influential_token,0.562916512459885,1.0,0.9375,0.0,0.812666604983954
5a75404a55429916b01642be,hotpotqa::sanheyuan::b0a1bc32d8,False,False,3,lexical_influential_token,0.5136000936329382,1.0,0.9340659340659341,0.0,0.7922532242663621
5a75404a55429916b01642be,hotpotqa::j._l._robinson_general_store::ed220ec07c,False,False,3,lexical_influential_token,0.4763139720814412,1.0,0.9473684210526316,0.0,0.7799992730431028
5a75404a55429916b01642be,"hotpotqa::university_of_california,_berkeley::109a70ff26",False,False,3,lexical_influential_token,0.21650635094610968,1.0,0.96,0.0,0.6786025403784438
5a75404a55429916b01642be,hotpotqa::azusa_pacific_university::3dc0b504f0,False,False,3,lexical_influential_token,0.05,1.0,0.8936170212765957,0.0,0.5987234042553191
5a75404a55429916b01642be,hotpotqa::museum_of_plaster_casts_(thessaloniki)::388aad3b9d,False,False,3,lexical_influential_token,0.4620028098325718,1.0,1.0,0.0,0.7848011239330287
5a8d0be85542994ba4e3dbb2,poison::lexical_influential_token::5a8d0be85542994ba4e3dbb2::2::9c6be923ac,True,False,3,lexical_influential_token,0.04665063509461097,0.0,0.4,0.0,0.0986602540378444
5a8d0be85542994ba4e3dbb2,poison::lexical_influential_token::5a8d0be85542994ba4e3dbb2::0::5b0d20e3de,True,False,3,lexical_influential_token,0.06830127018922194,0.0,0.6666666666666667,0.0,0.1606538414090221
5a8d0be85542994ba4e3dbb2,poison::lexical_influential_token::5a8d0be85542994ba4e3dbb2::1::8ef183c69f,True,False,3,lexical_influential_token,0.021650635094610966,0.0,0.8,0.0,0.1686602540378444
5a8d0be85542994ba4e3dbb2,hotpotqa::maryland_jockey_club::d6a3371235,False,True,3,lexical_influential_token,0.0,0.0,0.8571428571428572,0.0,0.17142857142857143
5a8d0be85542994ba4e3dbb2,hotpotqa::2017_black-eyed_susan_stakes::db2f4e7d3f,False,False,3,lexical_influential_token,0.2218369809027932,1.0,0.8867924528301887,0.0,0.666093282927155
5a8d0be85542994ba4e3dbb2,hotpotqa::2016_black-eyed_susan_stakes::9f37a8dd11,False,False,3,lexical_influential_token,0.1299038105676658,1.0,0.20370370370370372,0.0,0.49270226496780706
5a8d0be85542994ba4e3dbb2,hotpotqa::2015_black-eyed_susan_stakes::b833a0e23f,False,False,3,lexical_influential_token,0.08660254037844387,1.0,0.2692307692307693,0.0,0.4884871699975314
5a8d0be85542994ba4e3dbb2,hotpotqa::2013_black-eyed_susan_stakes::69e2833d2d,False,False,3,lexical_influential_token,0.27948623679425844,1.0,0.35593220338983056,0.0,0.5829809353956695
5a8d0be85542994ba4e3dbb2,hotpotqa::2014_black-eyed_susan_stakes::7cc2f1b941,False,False,3,lexical_influential_token,0.10897247358851685,1.0,0.390625,0.0,0.5217139894354068
5a8d0be85542994ba4e3dbb2,hotpotqa::2010_black-eyed_susan_stakes::2cec7b6bec,False,False,3,lexical_influential_token,0.04330127018922193,1.0,0.28846153846153844,0.0,0.4750128157679964
5a8d0be85542994ba4e3dbb2,"hotpotqa::bowie,_maryland::6125b88306",False,True,3,lexical_influential_token,0.1948557158514987,1.0,0.9259259259259259,0.0,0.6631274715257847
5a8d0be85542994ba4e3dbb2,"hotpotqa::ellicott_city,_maryland::2197e7a415",False,False,3,lexical_influential_token,0.19258556423432777,1.0,0.7692307692307692,0.0,0.630880379539885
5a8d0be85542994ba4e3dbb2,hotpotqa::borgata::0995783393,False,False,3,lexical_influential_token,0.5717298313014636,1.0,0.8636363636363636,0.0,0.8014192052478581
5a8d0be85542994ba4e3dbb2,hotpotqa::caesars_atlantic_city::5ea1af6de2,False,False,3,lexical_influential_token,0.33541019662496846,1.0,0.9183673469387755,0.0,0.7178375480377425
5a8d0be85542994ba4e3dbb2,hotpotqa::tropicana_casino_&amp;_resort_atlantic_city::6045d71a66,False,False,3,lexical_influential_token,0.4763139720814412,1.0,0.9333333333333333,0.0,0.7771922554992432
5a74a26a55429979e28829d6,poison::lexical_influential_token::5a74a26a55429979e28829d6::2::86b57336e2,True,False,3,lexical_influential_token,0.04330127018922193,0.0,0.2857142857142857,0.0,0.07446336521854591
5a74a26a55429979e28829d6,poison::lexical_influential_token::5a74a26a55429979e28829d6::1::3227474213,True,False,3,lexical_influential_token,0.13072566523622814,1.0,0.5714285714285714,0.0,0.5665759803802055
5a74a26a55429979e28829d6,poison::lexical_influential_token::5a74a26a55429979e28829d6::0::8d8bf07234,True,False,3,lexical_influential_token,0.07681314893876987,0.25,0.5,0.0,0.23072525957550796
5a74a26a55429979e28829d6,hotpotqa::sonata_for_solo_cello_(crumb)::00e579366c,False,False,3,lexical_influential_token,0.07613687188886939,1.0,0.5714285714285714,0.0,0.544740463041262
5a74a26a55429979e28829d6,hotpotqa::béla_bartók_music_high_school::df56656438,False,False,3,lexical_influential_token,0.23267839473413165,1.0,0.8333333333333334,0.0,0.6597380245603193
5a74a26a55429979e28829d6,hotpotqa::balázs_kocsár::b95e204116,False,False,3,lexical_influential_token,0.6442049363362563,1.0,0.8064516129032258,0.0,0.8189722971151477
5a74a26a55429979e28829d6,hotpotqa::paul_hindemith::75d4ae3655,False,True,3,lexical_influential_token,0.025,1.0,0.7272727272727273,0.0,0.5554545454545454
5a74a26a55429979e28829d6,"hotpotqa::suite,_op._14_(bartók)::847b2bd8c1",False,False,3,lexical_influential_token,0.3168135952892699,1.0,0.75,0.0,0.676725438115708
5a74a26a55429979e28829d6,hotpotqa::palace_of_music_(miskolc)::323a9bf468,False,False,3,lexical_influential_token,0.14412512223376986,1.0,0.75,0.0,0.6076500488935079
5a74a26a55429979e28829d6,hotpotqa::jacopo_puccini::fbca4c1f36,False,False,3,lexical_influential_token,0.292643222834979,1.0,0.6666666666666667,0.0,0.6503906224673249
5a74a26a55429979e28829d6,hotpotqa::béla_bartók::4db99c7999,False,True,3,lexical_influential_token,0.20536236580334932,1.0,0.8125,0.0,0.6446449463213397
5a74a26a55429979e28829d6,hotpotqa::string_quartet_no._6_(bartók)::f44c5c6d0e,False,False,3,lexical_influential_token,0.1690234616265059,1.0,0.828125,0.0,0.6332343846506023
5a74a26a55429979e28829d6,hotpotqa::list_of_string_quartets_by_béla_bartók::a893410052,False,False,3,lexical_influential_token,0.07071067811865475,1.0,0.8461538461538461,0.0,0.5975150404782311
5a74a26a55429979e28829d6,hotpotqa::list_of_compositions_by_béla_bartók::7927ca1cab,False,False,3,lexical_influential_token,0.21650635094610965,1.0,0.9069767441860466,0.0,0.6679978892156532
5a74a26a55429979e28829d6,hotpotqa::giuseppe_verdi::7a23521900,False,False,3,lexical_influential_token,0.15811388300841897,1.0,0.8,0.0,0.6232455532033676
5a8319b255429940e5e1a960,poison::lexical_influential_token::5a8319b255429940e5e1a960::2::b8099c4761,True,False,3,lexical_influential_token,0.05700597415393834,0.0,0.5,0.0,0.12280238966157533
5a8319b255429940e5e1a960,poison::lexical_influential_token::5a8319b255429940e5e1a960::0::7c7121aa45,True,False,3,lexical_influential_token,0.04330127018922193,0.0,0.5714285714285714,0.0,0.13160622236140304
5a8319b255429940e5e1a960,poison::lexical_influential_token::5a8319b255429940e5e1a960::1::12010be626,True,False,3,lexical_influential_token,0.04330127018922193,0.0,0.6666666666666667,0.0,0.1506538414090221
5a8319b255429940e5e1a960,hotpotqa::alf_clausen::ae7c965b6d,False,True,3,lexical_influential_token,0.3734318170813682,0.75,0.8888888888888888,0.0,0.6271505046103251
5a8319b255429940e5e1a960,hotpotqa::the_simpsons_theme::90225a72fa,False,True,3,lexical_influential_token,0.05700597415393834,0.0,0.9230769230769231,0.0,0.20741777427695998
5a8319b255429940e5e1a960,hotpotqa::richard_pleasance::ca9aaccd12,False,False,3,lexical_influential_token,0.618465843842649,1.0,0.9710144927536232,0.0,0.8415892360877842
5a8319b255429940e5e1a960,hotpotqa::disney's_adventures_of_the_gummi_bears::d5d8b57a85,False,False,3,lexical_influential_token,0.1299038105676658,1.0,0.9325842696629214,0.0,0.6384783781596506
5a8319b255429940e5e1a960,hotpotqa::larry_groupé::59abcbd4e2,False,False,3,lexical_influential_token,0.3164578098794425,1.0,0.8367346938775511,0.0,0.6939300627272872
5a8319b255429940e5e1a960,hotpotqa::diwa_de_leon::83d94d8723,False,False,3,lexical_influential_token,0.41305649870474276,1.0,0.8936170212765957,0.0,0.7439460037372163
5a8319b255429940e5e1a960,hotpotqa::musical_composition::bde0013a93,False,False,3,lexical_influential_token,0.4763139720814412,1.0,0.9484536082474226,0.0,0.780216310482061
5a8319b255429940e5e1a960,hotpotqa::bruce_rowland::d4010ab1d8,False,False,3,lexical_influential_token,0.5338539126015656,1.0,0.8888888888888888,0.0,0.791319342818404
5a8319b255429940e5e1a960,hotpotqa::list_of_meine_liebe_episodes::e66c1d1e7e,False,False,3,lexical_influential_token,0.07071067811865475,1.0,0.9152542372881356,0.0,0.611335118705089
5a8319b255429940e5e1a960,hotpotqa::spider-man:_the_new_animated_series::3190d14a0f,False,False,3,lexical_influential_token,0.27726341266023546,1.0,0.9090909090909091,0.0,0.692723546882276
5a7aa0a55542990198eaf165,poison::lexical_influential_token::5a7aa0a55542990198eaf165::2::3ea4f29490,True,False,3,lexical_influential_token,0.04665063509461097,0.0,0.5,0.0,0.11866025403784439
5a7aa0a55542990198eaf165,poison::lexical_influential_token::5a7aa0a55542990198eaf165::1::84d9cc01ec,True,False,3,lexical_influential_token,0.04665063509461097,0.0,0.6666666666666667,0.0,0.15199358737117774
5a7aa0a55542990198eaf165,poison::lexical_influential_token::5a7aa0a55542990198eaf165::0::b3967be4a4,True,False,3,lexical_influential_token,0.04330127018922193,0.0,0.4285714285714286,0.0,0.10303479378997449
5a7aa0a55542990198eaf165,hotpotqa::jalachhayam::226d4ab863,False,False,3,lexical_influential_token,0.0649519052838329,1.0,0.6153846153846154,0.0,0.5490576851904563
5a7aa0a55542990198eaf165,hotpotqa::laloorinu_parayanullathu::335f28d360,False,False,3,lexical_influential_token,0.1294862367942584,1.0,0.6666666666666667,0.0,0.5851278280510368
5a7aa0a55542990198eaf165,hotpotqa::sathish_kalathil::7956fc4cb9,False,True,3,lexical_influential_token,0.11726039399558574,0.75,0.5952380952380952,0.0,0.4659517766458533
5a7aa0a55542990198eaf165,hotpotqa::veena_vaadanam::a0f38763ee,False,False,3,lexical_influential_token,0.19708155485430165,1.0,0.7333333333333334,0.0,0.6254992886083873
5a7aa0a55542990198eaf165,hotpotqa::house_of_capet::0be7b9f73d,False,False,3,lexical_influential_token,0.562916512459885,1.0,0.9272727272727272,0.0,0.8106211504384995
5a7aa0a55542990198eaf165,hotpotqa::heather_stevens::9c24f6730d,False,False,3,lexical_influential_token,0.5196152422706632,1.0,0.9454545454545454,0.0,0.7969370059991744
5a7aa0a55542990198eaf165,hotpotqa::jacques_feyder::acb7c95bc4,False,True,3,lexical_influential_token,0.20155644370746373,1.0,0.8709677419354839,0.0,0.6548161258700823
5a7aa0a55542990198eaf165,hotpotqa::søren_kierkegaard::25180dc354,False,False,3,lexical_influential_token,0.08291561975888499,1.0,0.9620253164556962,0.0,0.6255713111946932
5a7aa0a55542990198eaf165,hotpotqa::halldór_laxness::3021d96b14,False,False,3,lexical_influential_token,0.05,1.0,0.9761904761904762,0.0,0.6152380952380953
5a7aa0a55542990198eaf165,hotpotqa::l'atlantide_(1921_film)::5ebf0ad928,False,False,3,lexical_influential_token,0.5831189282844521,1.0,0.6428571428571428,0.0,0.7618189998852094
5a7aa0a55542990198eaf165,hotpotqa::émilie_du_châtelet::7e0859c5ea,False,False,3,lexical_influential_token,0.248746859276655,1.0,0.9661016949152542,0.0,0.6927190826937129
5ae291bb5542996483e649f6,poison::lexical_influential_token::5ae291bb5542996483e649f6::2::1689eb4311,True,False,3,lexical_influential_token,0.021650635094610966,0.0,0.2857142857142857,0.0,0.06580311118070152
5ae291bb5542996483e649f6,poison::lexical_influential_token::5ae291bb5542996483e649f6::1::1169a94838,True,False,3,lexical_influential_token,0.04665063509461097,0.0,0.5714285714285714,0.0,0.13294596832355868
5ae291bb5542996483e649f6,poison::lexical_influential_token::5ae291bb5542996483e649f6::0::2e6ac840dd,True,False,3,lexical_influential_token,0.06310844497405346,0.0,0.5,0.0,0.12524337798962137
5ae291bb5542996483e649f6,hotpotqa::premiere_(magazine)::300fd7849a,False,True,3,lexical_influential_token,0.021650635094610966,0.25,0.9285714285714286,0.0,0.2943745397521301
5ae291bb5542996483e649f6,hotpotqa::hachette_filipacchi_media_u.s.::c73f1bd736,False,False,3,lexical_influential_token,0.041457809879442496,0.5,0.9230769230769231,0.0,0.40119850856716166
5ae291bb5542996483e649f6,hotpotqa::car_and_driver::3c430d48b1,False,False,3,lexical_influential_token,0.09354143466934853,1.0,0.9047619047619048,0.0,0.6183689548201203
5ae291bb5542996483e649f6,hotpotqa::george_(magazine)::0faa98a7de,False,False,3,lexical_influential_token,0.1299038105676658,1.0,0.95,0.0,0.6419615242270663
5ae291bb5542996483e649f6,hotpotqa::home_(magazine)::85c942b191,False,False,3,lexical_influential_token,0.12235821169343142,1.0,0.6666666666666667,0.0,0.582276618010706
5ae291bb5542996483e649f6,hotpotqa::metropolitan_home::8e69afc406,False,False,3,lexical_influential_token,0.203100960115899,1.0,0.9333333333333333,0.0,0.6679070507130263
5ae291bb5542996483e649f6,hotpotqa::elle_decor::233ff1fb16,False,False,3,lexical_influential_token,0.0739509972887452,1.0,0.9,0.0,0.6095803989154981
5ae291bb5542996483e649f6,hotpotqa::april_bernard::348c4792e0,False,True,3,lexical_influential_token,0.10307764064044152,1.0,0.9230769230769231,0.0,0.6258464408715613
5ae291bb5542996483e649f6,hotpotqa::family_life_(wenner_media_magazine)::d7cd6173ac,False,False,3,lexical_influential_token,0.07905694150420949,1.0,0.9838709677419355,0.0,0.6283969701500709
5a74122f55429929fddd83da,poison::lexical_influential_token::5a74122f55429929fddd83da::2::0dcb51c3ad,True,False,3,lexical_influential_token,0.05700597415393834,0.0,0.4,0.0,0.10280238966157533
5a74122f55429929fddd83da,poison::lexical_influential_token::5a74122f55429929fddd83da::0::36f5b52098,True,False,3,lexical_influential_token,0.07071067811865475,0.0,0.6666666666666667,0.0,0.16161760458079524
5a74122f55429929fddd83da,poison::lexical_influential_token::5a74122f55429929fddd83da::1::ee00b06676,True,False,3,lexical_influential_token,0.0649519052838329,0.0,0.6,0.0,0.14598076211353317
5a74122f55429929fddd83da,hotpotqa::two_is_better_than_one::87ef2092f0,False,True,3,lexical_influential_token,0.04330127018922193,0.0,0.5416666666666667,0.0,0.1256538414090221
5a74122f55429929fddd83da,hotpotqa::acapella_(karmin_song)::722f117e87,False,False,3,lexical_influential_token,0.3535533905932738,1.0,0.75,0.0,0.6914213562373095
5a74122f55429929fddd83da,hotpotqa::love_drunk::aac303b91c,False,True,3,lexical_influential_token,0.12195787943777124,1.0,0.7560975609756098,0.0,0.6000026639702305
5a74122f55429929fddd83da,hotpotqa::bad_for_me::93a02c2428,False,False,3,lexical_influential_token,0.07613687188886939,1.0,0.5882352941176471,0.0,0.5481018075790771
5a74122f55429929fddd83da,hotpotqa::heart_heart_heartbreak::bcfbba44d9,False,False,3,lexical_influential_token,0.09659258262890683,1.0,0.47058823529411764,0.0,0.5327546801103862
5a74122f55429929fddd83da,hotpotqa::love_drunk_(disambiguation)::230972ca97,False,False,3,lexical_influential_token,0.2814582562299426,1.0,0.0,0.0,0.512583302491977
5a74122f55429929fddd83da,hotpotqa::boys_like_girls_(album)::3bed2ae424,False,False,3,lexical_influential_token,0.26499966426875826,1.0,0.0,0.0,0.5059998657075033
5a74122f55429929fddd83da,hotpotqa::love_drunk_(boys_like_girls_song)::c39d2dd0d2,False,False,3,lexical_influential_token,0.19120888467274266,1.0,0.6363636363636364,0.0,0.6037562811418243
5a74122f55429929fddd83da,hotpotqa::boys_like_girls::3a91123431,False,False,3,lexical_influential_token,0.2923503890881625,1.0,0.6451612903225806,0.0,0.6459724136997812
5a74122f55429929fddd83da,hotpotqa::taylor_swift_(album)::8b436894fc,False,False,3,lexical_influential_token,0.227805916375494,1.0,0.7924528301886793,0.0,0.6496129325879335
5ab3a83d5542992ade7c6e08,poison::lexical_influential_token::5ab3a83d5542992ade7c6e08::1::61829dfde0,True,False,3,lexical_influential_token,0.021650635094610966,0.0,0.6666666666666667,0.0,0.14199358737117773
5ab3a83d5542992ade7c6e08,poison::lexical_influential_token::5ab3a83d5542992ade7c6e08::2::b553899e67,True,False,3,lexical_influential_token,0.05700597415393834,0.0,0.5,0.0,0.12280238966157533
5ab3a83d5542992ade7c6e08,poison::lexical_influential_token::5ab3a83d5542992ade7c6e08::0::1200039641,True,False,3,lexical_influential_token,0.04330127018922193,0.0,0.5714285714285714,0.0,0.13160622236140304
5ab3a83d5542992ade7c6e08,hotpotqa::faith_goldy::ef1a097623,False,True,3,lexical_influential_token,0.021650635094610966,0.0,0.8333333333333334,0.0,0.17532692070451106
5ab3a83d5542992ade7c6e08,hotpotqa::fired_up_(tv_series)::0a1351f3f5,False,False,3,lexical_influential_token,0.41136206679760834,1.0,0.9666666666666667,0.0,0.7578781600523767
5ab3a83d5542992ade7c6e08,hotpotqa::better_than_home::8e1596a1e1,False,False,3,lexical_influential_token,0.6647367900154165,1.0,0.9841269841269842,0.0,0.8627201128315635
5ab3a83d5542992ade7c6e08,hotpotqa::mars_nederland::dfab2324a5,False,False,3,lexical_influential_token,0.7258615570478988,1.0,1.0,0.0,0.8903446228191594
5ab3a83d5542992ade7c6e08,"hotpotqa::move_over,_darling::ec20b4cf59",False,False,3,lexical_influential_token,0.562916512459885,1.0,0.98,0.0,0.821166604983954
5ab3a83d5542992ade7c6e08,hotpotqa::list_of_metallica_concert_tours::abd1b9938b,False,False,3,lexical_influential_token,0.5196152422706632,1.0,0.9615384615384616,0.0,0.8001537892159576
5ab3a83d5542992ade7c6e08,hotpotqa::follow-the-sun::06a2017050,False,False,3,lexical_influential_token,0.5261891294962296,1.0,1.0,0.0,0.8104756517984919
5ab3a83d5542992ade7c6e08,hotpotqa::the_daily_stormer::95c3c20e9e,False,True,3,lexical_influential_token,0.4183012701892219,1.0,0.7307692307692308,0.0,0.713474354229535
5ab3a83d5542992ade7c6e08,hotpotqa::jessica_chastain_on_screen_and_stage::7e0fffa170,False,False,3,lexical_influential_token,0.30310889132455354,1.0,0.967741935483871,0.0,0.7147919436265957
5ab3a83d5542992ade7c6e08,hotpotqa::jessica_chastain::84e41c7971,False,False,3,lexical_influential_token,0.5722761571129799,1.0,0.9433962264150944,0.0,0.8175897081282109
5ab3a83d5542992ade7c6e08,hotpotqa::trish_lake::0b7a9e91d5,False,False,3,lexical_influential_token,0.07071067811865475,1.0,0.96,0.0,0.6202842712474619
5ab3a83d5542992ade7c6e08,hotpotqa::rosie_o'donnell::b1c115c034,False,False,3,lexical_influential_token,0.5068283733178324,1.0,0.8888888888888888,0.0,0.7805091271049107
5ab3a83d5542992ade7c6e08,hotpotqa::sara_poulsen::054d7b1a22,False,False,3,lexical_influential_token,0.406201920231798,1.0,0.9444444444444444,0.0,0.7513696569816081
5abc219655429959677d6a1d,poison::lexical_influential_token::5abc219655429959677d6a1d::2::0e0f28b6d8,True,False,3,lexical_influential_token,0.2847451998427258,0.5,0.4,0.0,0.3938980799370903
5abc219655429959677d6a1d,poison::lexical_influential_token::5abc219655429959677d6a1d::1::feb9ef0894,True,False,3,lexical_influential_token,0.4867420911910221,0.5,0.8,0.0,0.5546968364764089
5abc219655429959677d6a1d,poison::lexical_influential_token::5abc219655429959677d6a1d::0::d7d2b2a21a,True,False,3,lexical_influential_token,0.292643222834979,0.5,0.6666666666666667,0.0,0.450390622467325
5abc219655429959677d6a1d,hotpotqa::comic_book::f0eeba8c65,False,False,3,lexical_influential_token,0.16806903927824496,1.0,0.8904109589041096,0.0,0.6453098074921199
5abc219655429959677d6a1d,hotpotqa::spawn_(comics)::409ae93770,False,False,3,lexical_influential_token,0.3057914596761378,1.0,0.8571428571428572,0.0,0.6937451552990266
5abc219655429959677d6a1d,hotpotqa::metropolis_collectibles::018963a7cd,False,False,3,lexical_influential_token,0.05,1.0,0.8936170212765957,0.0,0.5987234042553191
5abc219655429959677d6a1d,hotpotqa::theologus_autodidactus::aa2cec42b8,False,False,3,lexical_influential_token,0.6062177826491071,1.0,0.8958333333333334,0.0,0.8216537797263095
5abc219655429959677d6a1d,hotpotqa::star_crossed_(comics)::73d1629bd3,False,False,3,lexical_influential_token,0.2532833949503249,1.0,0.8723404255319149,0.0,0.675781443086513
5abc219655429959677d6a1d,hotpotqa::comic_book_convention::40e04d0659,False,False,3,lexical_influential_token,0.5309190145398825,1.0,0.8333333333333334,0.0,0.7790342724826197
5abc219655429959677d6a1d,hotpotqa::nick_fury_vs._s.h.i.e.l.d.::132ef9d795,False,False,3,lexical_influential_token,0.26315698604072063,1.0,0.7567567567567568,0.0,0.6566141457676397
5abc219655429959677d6a1d,hotpotqa::crossed_(comics)::a28200882d,False,True,3,lexical_influential_token,0.2532833949503249,1.0,0.9210526315789473,0.0,0.6855238842959194
5abc219655429959677d6a1d,hotpotqa::glenn_greenberg::e6cfee8cb5,False,False,3,lexical_influential_token,0.16583123951776998,1.0,0.8214285714285714,0.0,0.6306182100928223
5abc219655429959677d6a1d,hotpotqa::garth_ennis::77c04159fb,False,True,3,lexical_influential_token,0.19202864369671518,1.0,0.8333333333333334,0.0,0.6434781241453528
5abc219655429959677d6a1d,hotpotqa::nick_fury_(2017_comic_book)::1890aa6c90,False,False,3,lexical_influential_token,0.13881731919637974,1.0,0.6666666666666667,0.0,0.5888602610118852
5abc219655429959677d6a1d,hotpotqa::the_physics_of_superheroes::8c71e24e81,False,False,3,lexical_influential_token,0.3752049500711825,1.0,0.8688524590163934,0.0,0.7238524718317516
5a7f1d3c5542993067513639,poison::lexical_influential_token::5a7f1d3c5542993067513639::2::b192c0360b,True,False,3,lexical_influential_token,0.0,0.0,0.5,0.0,0.1
5a7f1d3c5542993067513639,poison::lexical_influential_token::5a7f1d3c5542993067513639::0::277fd51bed,True,False,3,lexical_influential_token,0.025,0.0,0.5714285714285714,0.0,0.12428571428571429
5a7f1d3c5542993067513639,poison::lexical_influential_token::5a7f1d3c5542993067513639::1::e7f5bce4d7,True,False,3,lexical_influential_token,0.025,0.0,0.6666666666666667,0.0,0.14333333333333337
5a7f1d3c5542993067513639,hotpotqa::mercuria_energy_group::5f23b597e6,False,True,3,lexical_influential_token,0.0,0.0,0.8235294117647058,0.0,0.16470588235294117
5a7f1d3c5542993067513639,hotpotqa::source_uk_services::7c46fdd7fe,False,False,3,lexical_influential_token,0.1384329796997689,0.75,0.8545454545454545,0.0,0.5262822827889985
5a7f1d3c5542993067513639,hotpotqa::douglas_cliggott::55d4c8409a,False,False,3,lexical_influential_token,0.3905124837953327,1.0,0.9024390243902439,0.0,0.736692798396182
5a7f1d3c5542993067513639,hotpotqa::2000s_commodities_boom::86ad5ec067,False,False,3,lexical_influential_token,0.13518824085832465,1.0,0.9130434782608696,0.0,0.6366839919955039
5a7f1d3c5542993067513639,hotpotqa::j._p._morgan_jr.::14e14238b7,False,False,3,lexical_influential_token,0.3506331661393351,1.0,0.9047619047619048,0.0,0.721205647408115
5a7f1d3c5542993067513639,hotpotqa::claude_wilfrid_etoka::45f4c886e7,False,True,3,lexical_influential_token,0.26920358826343527,1.0,0.8985507246376812,0.0,0.6873915802329102
5a7f1d3c5542993067513639,hotpotqa::hess_corporation::8f839f25f8,False,False,3,lexical_influential_token,0.1389029025725781,1.0,0.8488372093023255,0.0,0.6253286028894964
5a7f1d3c5542993067513639,hotpotqa::semgroup::8a6b477aa5,False,False,3,lexical_influential_token,0.28117376914898995,1.0,0.8604651162790697,0.0,0.68456253091541
5a7f1d3c5542993067513639,hotpotqa::esso_australia::150e96af24,False,False,3,lexical_influential_token,0.2085604198162151,1.0,0.9130434782608696,0.0,0.66603286357866
5ae3c71f5542991a06ce9a22,poison::lexical_influential_token::5ae3c71f5542991a06ce9a22::0::c301f4dbba,True,False,3,lexical_influential_token,0.04330127018922193,0.0,0.5714285714285714,0.0,0.13160622236140304
5ae3c71f5542991a06ce9a22,poison::lexical_influential_token::5ae3c71f5542991a06ce9a22::2::0d4af3e271,True,False,3,lexical_influential_token,0.021650635094610966,0.0,0.5,0.0,0.10866025403784438
5ae3c71f5542991a06ce9a22,poison::lexical_influential_token::5ae3c71f5542991a06ce9a22::1::ac57773bb1,True,False,3,lexical_influential_token,0.021650635094610966,0.0,0.6666666666666667,0.0,0.14199358737117773
5ae3c71f5542991a06ce9a22,"hotpotqa::mesopotamia,_argentina::c7152dba31",False,True,3,lexical_influential_token,0.1664213562373095,0.75,0.8666666666666667,0.0,0.5399018758282572
5ae3c71f5542991a06ce9a22,hotpotqa::national_route_12_(argentina)::6497c2c4c2,False,False,3,lexical_influential_token,0.10696798155377502,0.5,1.0,0.0,0.44278719262151
5ae3c71f5542991a06ce9a22,hotpotqa::predelta_national_park::6445cc0ad8,False,True,3,lexical_influential_token,0.04330127018922193,0.25,0.9487179487179487,0.0,0.3070640978192785
5ae3c71f5542991a06ce9a22,hotpotqa::republic_of_entre_ríos::22bc223b21,False,False,3,lexical_influential_token,0.10231690964840563,1.0,0.9090909090909091,0.0,0.622744945677544
5ae3c71f5542991a06ce9a22,hotpotqa::uruguay_river::64d90f5d64,False,False,3,lexical_influential_token,0.06123724356957945,1.0,0.775,0.0,0.5794948974278318
5ae3c71f5542991a06ce9a22,hotpotqa::battle_of_caaguazú::a81af98d53,False,False,3,lexical_influential_token,0.2429449471770337,1.0,0.8888888888888888,0.0,0.6749557566485913
5ae3c71f5542991a06ce9a22,hotpotqa::quadrilateral_treaty::67bb2d40d4,False,False,3,lexical_influential_token,0.09125703849682212,1.0,0.8780487804878049,0.0,0.6121125714962898
5ae3c71f5542991a06ce9a22,hotpotqa::santa_fe_province::1d314cbecb,False,False,3,lexical_influential_token,0.1293010054098575,1.0,0.7142857142857143,0.0,0.5945775450210858
5ae3c71f5542991a06ce9a22,hotpotqa::andes::e0bd9a37eb,False,False,3,lexical_influential_token,0.1299038105676658,1.0,0.9047619047619048,0.0,0.6329139051794472
5ade7a435542997c77adee3a,poison::lexical_influential_token::5ade7a435542997c77adee3a::0::5cbc3b7f1f,True,False,3,lexical_influential_token,0.08660254037844387,0.0,0.4285714285714286,0.0,0.12035530186566326
5ade7a435542997c77adee3a,poison::lexical_influential_token::5ade7a435542997c77adee3a::2::bb1e3a51ca,True,False,3,lexical_influential_token,0.04330127018922193,0.0,0.5,0.0,0.11732050807568876
5ade7a435542997c77adee3a,poison::lexical_influential_token::5ade7a435542997c77adee3a::1::3af41f2786,True,False,3,lexical_influential_token,0.07613687188886939,0.25,0.6666666666666667,0.0,0.2637880820888811
5ade7a435542997c77adee3a,hotpotqa::mountbatten-windsor::277136ba41,False,True,3,lexical_influential_token,0.11943814207809134,0.0,0.8421052631578947,0.0,0.21619630946281548
5ade7a435542997c77adee3a,hotpotqa::list_of_members_of_the_house_of_windsor::6882190056,False,False,3,lexical_influential_token,0.08660254037844387,0.75,0.8,0.0,0.49464101615137757
5ade7a435542997c77adee3a,hotpotqa::duke_of_leuchtenberg::697d911e11,False,False,3,lexical_influential_token,0.1451695547942804,1.0,0.88,0.0,0.6340678219177122
5ade7a435542997c77adee3a,hotpotqa::batonishvili::958b11c798,False,False,3,lexical_influential_token,0.1707588152893,1.0,0.972972972972973,0.0,0.6628981207103146
5ade7a435542997c77adee3a,hotpotqa::line_of_succession_to_the_former_egyptian_throne::ea05da6501,False,False,3,lexical_influential_token,0.3021227297964614,1.0,0.9333333333333333,0.0,0.7075157585852512
5ade7a435542997c77adee3a,hotpotqa::cadet_branch::52eb7d4ab9,False,False,3,lexical_influential_token,0.30969360063968376,1.0,0.9459459459459459,0.0,0.7130666294450627
5ade7a435542997c77adee3a,hotpotqa::capetian_dynasty::43764bff16,False,False,3,lexical_influential_token,0.21028254801575902,1.0,0.9032258064516129,0.0,0.6647581804966262
5ade7a435542997c77adee3a,hotpotqa::mountbatten_family::dcd78eec19,False,True,3,lexical_influential_token,0.1690234616265059,1.0,0.9189189189189189,0.0,0.6513931684343861
5ade7a435542997c77adee3a,hotpotqa::house_of_capet::0be7b9f73d,False,False,3,lexical_influential_token,0.17320508075688773,1.0,0.9,0.0,0.6492820323027552
5ade7a435542997c77adee3a,hotpotqa::zulu_royal_family::dadeb5b9e5,False,False,3,lexical_influential_token,0.11519206976395949,1.0,0.9534883720930233,0.0,0.6367745023241884
5a80ecea55429938b6142254,poison::lexical_influential_token::5a80ecea55429938b6142254::0::5d0da58902,True,False,3,lexical_influential_token,0.1389029025725781,0.25,0.5714285714285714,0.0,0.2698468753147455
5a80ecea55429938b6142254,poison::lexical_influential_token::5a80ecea55429938b6142254::2::1183c46d6e,True,False,3,lexical_influential_token,0.18428489120218064,0.5,0.5,0.0,0.37371395648087224
5a80ecea55429938b6142254,poison::lexical_influential_token::5a80ecea55429938b6142254::1::f645d12aa4,True,False,3,lexical_influential_token,0.24924638883222602,1.0,0.6666666666666667,0.0,0.6330318888662237
5a80ecea55429938b6142254,hotpotqa::yoo_in-na::70c2edba21,False,True,3,lexical_influential_token,0.19266855755642598,0.25,0.8205128205128205,0.0,0.34116998712513447
5a80ecea55429938b6142254,hotpotqa::my_secret_hotel::adbf4e40a6,False,True,3,lexical_influential_token,0.34641016151377546,0.75,0.736842105263158,0.0,0.5859324856581418
5a80ecea55429938b6142254,hotpotqa::the_secret_of_my_love::0417951616,False,False,3,lexical_influential_token,0.3326971927589776,1.0,0.6666666666666667,0.0,0.6664122104369243
5a80ecea55429938b6142254,hotpotqa::bang_eun-hee::d38853da1b,False,False,3,lexical_influential_token,0.4160989021467322,1.0,0.8444444444444444,0.0,0.7353284497475817
5a80ecea55429938b6142254,hotpotqa::yoo_ah-in::4d4e8c4c8f,False,False,3,lexical_influential_token,0.33146773437126265,1.0,0.7352941176470589,0.0,0.6796459172779168
5a80ecea55429938b6142254,hotpotqa::detective_k:_secret_of_the_virtuous_widow::9181223ee9,False,False,3,lexical_influential_token,0.25163806682321677,1.0,0.8666666666666667,0.0,0.6739885600626201
5a80ecea55429938b6142254,hotpotqa::nice_githinji::05566be604,False,False,3,lexical_influential_token,0.5494315243958978,1.0,0.8787878787878788,0.0,0.7955301855159349
5a80ecea55429938b6142254,hotpotqa::secret_love_(tv_series)::664d1ad6af,False,False,3,lexical_influential_token,0.2665063509461097,1.0,0.5789473684210527,0.0,0.6223920140626544
5a80ecea55429938b6142254,hotpotqa::kim_ji-han::727bde4473,False,False,3,lexical_influential_token,0.48411949345028465,0.75,0.679245283018868,0.0,0.6294968539838874
5a80ecea55429938b6142254,hotpotqa::kim_hyang-gi::de6bb9fca7,False,False,3,lexical_influential_token,0.20358361161395064,1.0,0.5909090909090908,0.0,0.5996152628273984
5a80ecea55429938b6142254,hotpotqa::park_myeong-su::46e5682bae,False,False,3,lexical_influential_token,0.4111082414937188,1.0,0.8611111111111112,0.0,0.7366655188197098
5ae7cea355429952e35ea9c1,poison::lexical_influential_token::5ae7cea355429952e35ea9c1::2::c1e76fe0b4,True,False,3,lexical_influential_token,0.04330127018922193,0.0,0.4285714285714286,0.0,0.10303479378997449
5ae7cea355429952e35ea9c1,poison::lexical_influential_token::5ae7cea355429952e35ea9c1::0::00a400c34a,True,False,3,lexical_influential_token,0.04330127018922193,0.0,0.5,0.0,0.11732050807568876
5ae7cea355429952e35ea9c1,poison::lexical_influential_token::5ae7cea355429952e35ea9c1::1::190163da6f,True,False,3,lexical_influential_token,0.11766495694296855,0.25,0.5714285714285714,0.0,0.2613516970629017
5ae7cea355429952e35ea9c1,hotpotqa::easy_(tv_series)::f697ef3559,False,True,3,lexical_influential_token,0.2857459269420291,1.0,0.9411764705882353,0.0,0.7025336648944587
5ae7cea355429952e35ea9c1,hotpotqa::travelers_(tv_series)::0f29fed051,False,False,3,lexical_influential_token,0.06035533905932738,0.75,0.875,0.0,0.499142135623731
5ae7cea355429952e35ea9c1,hotpotqa::list_of_knights_of_sidonia_episodes::52ba975132,False,False,3,lexical_influential_token,0.5385164807134504,1.0,0.896551724137931,0.0,0.7947169371129663
5ae7cea355429952e35ea9c1,hotpotqa::bloodline_(tv_series)::bf01078750,False,False,3,lexical_influential_token,0.1118033988749895,0.5,0.7,0.0,0.38472135954999576
5ae7cea355429952e35ea9c1,hotpotqa::list_of_heroes_episodes::7b8827dd8c,False,False,3,lexical_influential_token,0.3082207001484488,1.0,0.8181818181818181,0.0,0.6869246436957431
5ae7cea355429952e35ea9c1,hotpotqa::alyas_robin_hood::b2df85b751,False,False,3,lexical_influential_token,0.45784486510726735,1.0,0.7727272727272727,0.0,0.7376834005883615
5ae7cea355429952e35ea9c1,hotpotqa::dice_(tv_series)::c1aa9ead60,False,False,3,lexical_influential_token,0.19585834431775417,1.0,0.7560975609756098,0.0,0.6295628499222236
5ae7cea355429952e35ea9c1,hotpotqa::son_of_zorn::8e07173864,False,False,3,lexical_influential_token,0.27775469130373037,1.0,0.8571428571428572,0.0,0.6825304479500636
5ae7cea355429952e35ea9c1,hotpotqa::drake_&amp;_josh::014ddba694,False,False,3,lexical_influential_token,0.4153311931459037,1.0,0.8888888888888888,0.0,0.7439102550361392
5ae7cea355429952e35ea9c1,hotpotqa::list_of_alyas_robin_hood_episodes::fb1c56bb99,False,False,3,lexical_influential_token,0.11830127018922193,1.0,0.7714285714285715,0.0,0.601606222361403
